product_name,Code,Handle,url
AA219_White-Ivory_1.jpg,AA219,BNV780,https://ecomm-milano-images.s3.amazonaws.com/AA219_White-Ivory_1.jpg
AA219_White-Ivory_3.jpg,AA219,BNV780,https://ecomm-milano-images.s3.amazonaws.com/AA219_White-Ivory_3.jpg
AA219_White-Ivory_4.jpg,AA219,BNV780,https://ecomm-milano-images.s3.amazonaws.com/AA219_White-Ivory_4.jpg
AA219_White-Ivory_5.jpg,AA219,BNV780,https://ecomm-milano-images.s3.amazonaws.com/AA219_White-Ivory_5.jpg
AA221_White-Ivory_1.jpg,AA221,BNV778,https://ecomm-milano-images.s3.amazonaws.com/AA221_White-Ivory_1.jpg
AA221_White-Ivory_2.jpg,AA221,BNV778,https://ecomm-milano-images.s3.amazonaws.com/AA221_White-Ivory_2.jpg
AA221_White-Ivory_3.jpg,AA221,BNV778,https://ecomm-milano-images.s3.amazonaws.com/AA221_White-Ivory_3.jpg
AA221_White-Ivory_4.jpg,AA221,BNV778,https://ecomm-milano-images.s3.amazonaws.com/AA221_White-Ivory_4.jpg
AA222_White-Ivory_1.jpg,AA222,BNV777,https://ecomm-milano-images.s3.amazonaws.com/AA222_White-Ivory_1.jpg
AA222_White-Ivory_2.jpg,AA222,BNV777,https://ecomm-milano-images.s3.amazonaws.com/AA222_White-Ivory_2.jpg
AA222_White-Ivory_3.jpg,AA222,BNV777,https://ecomm-milano-images.s3.amazonaws.com/AA222_White-Ivory_3.jpg
AA222_White-Ivory_4.jpg,AA222,BNV777,https://ecomm-milano-images.s3.amazonaws.com/AA222_White-Ivory_4.jpg
AA226_Ivory_1.jpg,AA226,BNV773,https://ecomm-milano-images.s3.amazonaws.com/AA226_Ivory_1.jpg
AA226_Ivory_2.jpg,AA226,BNV773,https://ecomm-milano-images.s3.amazonaws.com/AA226_Ivory_2.jpg
AA226_Ivory_3.jpg,AA226,BNV773,https://ecomm-milano-images.s3.amazonaws.com/AA226_Ivory_3.jpg
AA226_Ivory_4.jpg,AA226,BNV773,https://ecomm-milano-images.s3.amazonaws.com/AA226_Ivory_4.jpg
AA226_Ivory_5.jpg,AA226,BNV773,https://ecomm-milano-images.s3.amazonaws.com/AA226_Ivory_5.jpg
AA229_Ivory_1.jpg,AA229,BNV770,https://ecomm-milano-images.s3.amazonaws.com/AA229_Ivory_1.jpg
AA229_Ivory_2.jpg,AA229,BNV770,https://ecomm-milano-images.s3.amazonaws.com/AA229_Ivory_2.jpg
AA233_Ivory_1.jpg,AA233,BNV766,https://ecomm-milano-images.s3.amazonaws.com/AA233_Ivory_1.jpg
AA233_Ivory_2.jpg,AA233,BNV766,https://ecomm-milano-images.s3.amazonaws.com/AA233_Ivory_2.jpg
AA9254_White-Ivory_1.jpg,AA9254,BNV0745,https://ecomm-milano-images.s3.amazonaws.com/AA9254_White-Ivory_1.jpg
AA9254_White-Ivory_2.jpg,AA9254,BNV0745,https://ecomm-milano-images.s3.amazonaws.com/AA9254_White-Ivory_2.jpg
AA9254_White-Ivory_3.jpg,AA9254,BNV0745,https://ecomm-milano-images.s3.amazonaws.com/AA9254_White-Ivory_3.jpg
AA9254_White-Ivory_4.jpg,AA9254,BNV0745,https://ecomm-milano-images.s3.amazonaws.com/AA9254_White-Ivory_4.jpg
AA9256_White-Ivory_1.jpg,AA9256,BNV0743,https://ecomm-milano-images.s3.amazonaws.com/AA9256_White-Ivory_1.jpg
AA9256_White-Ivory_2.jpg,AA9256,BNV0743,https://ecomm-milano-images.s3.amazonaws.com/AA9256_White-Ivory_2.jpg
AA9256_White-Ivory_3.jpg,AA9256,BNV0743,https://ecomm-milano-images.s3.amazonaws.com/AA9256_White-Ivory_3.jpg
AA9256_White-Ivory_4.jpg,AA9256,BNV0743,https://ecomm-milano-images.s3.amazonaws.com/AA9256_White-Ivory_4.jpg
AA9257_White_1.jpg,AA9257,BNV0742,https://ecomm-milano-images.s3.amazonaws.com/AA9257_White_1.jpg
AA9270_White-Ivory_1.jpg,AA9270,BNV0729,https://ecomm-milano-images.s3.amazonaws.com/AA9270_White-Ivory_1.jpg
AA9270_White-Ivory_2.jpg,AA9270,BNV0729,https://ecomm-milano-images.s3.amazonaws.com/AA9270_White-Ivory_2.jpg
AA9270_White-Ivory_3.jpg,AA9270,BNV0729,https://ecomm-milano-images.s3.amazonaws.com/AA9270_White-Ivory_3.jpg
AA9270_White-Ivory_4.jpg,AA9270,BNV0729,https://ecomm-milano-images.s3.amazonaws.com/AA9270_White-Ivory_4.jpg
AA9298_White-Ivory_1.jpg,AA9298,BNV0701,https://ecomm-milano-images.s3.amazonaws.com/AA9298_White-Ivory_1.jpg
AA9298_White-Ivory_2.jpg,AA9298,BNV0701,https://ecomm-milano-images.s3.amazonaws.com/AA9298_White-Ivory_2.jpg
AA9298_White-Ivory_3.jpg,AA9298,BNV0701,https://ecomm-milano-images.s3.amazonaws.com/AA9298_White-Ivory_3.jpg
AA9298_White-Ivory_4.jpg,AA9298,BNV0701,https://ecomm-milano-images.s3.amazonaws.com/AA9298_White-Ivory_4.jpg
AA9301_White-Ivory_1.jpg,AA9301,BNV0698,https://ecomm-milano-images.s3.amazonaws.com/AA9301_White-Ivory_1.jpg
AA9301_White-Ivory_2.jpg,AA9301,BNV0698,https://ecomm-milano-images.s3.amazonaws.com/AA9301_White-Ivory_2.jpg
AA9301_White-Ivory_3.jpg,AA9301,BNV0698,https://ecomm-milano-images.s3.amazonaws.com/AA9301_White-Ivory_3.jpg
AA9301_White-Ivory_4.jpg,AA9301,BNV0698,https://ecomm-milano-images.s3.amazonaws.com/AA9301_White-Ivory_4.jpg
AA9304_White-Ivory_1.jpg,AA9304,BNV0695,https://ecomm-milano-images.s3.amazonaws.com/AA9304_White-Ivory_1.jpg
AA9304_White-Ivory_2.jpg,AA9304,BNV0695,https://ecomm-milano-images.s3.amazonaws.com/AA9304_White-Ivory_2.jpg
AA9304_White-Ivory_3.jpg,AA9304,BNV0695,https://ecomm-milano-images.s3.amazonaws.com/AA9304_White-Ivory_3.jpg
AA9304_White-Ivory_4.jpg,AA9304,BNV0695,https://ecomm-milano-images.s3.amazonaws.com/AA9304_White-Ivory_4.jpg
AA9306_White-Ivory_1.jpg,AA9306,BNV0693,https://ecomm-milano-images.s3.amazonaws.com/AA9306_White-Ivory_1.jpg
AA9306_White-Ivory_2.jpg,AA9306,BNV0693,https://ecomm-milano-images.s3.amazonaws.com/AA9306_White-Ivory_2.jpg
AA9306_White-Ivory_3.jpg,AA9306,BNV0693,https://ecomm-milano-images.s3.amazonaws.com/AA9306_White-Ivory_3.jpg
AA9306_White-Ivory_4.jpg,AA9306,BNV0693,https://ecomm-milano-images.s3.amazonaws.com/AA9306_White-Ivory_4.jpg
AA9308_White-Ivory_1.jpg,AA9308,BNV0691,https://ecomm-milano-images.s3.amazonaws.com/AA9308_White-Ivory_1.jpg
AA9308_White-Ivory_2.jpg,AA9308,BNV0691,https://ecomm-milano-images.s3.amazonaws.com/AA9308_White-Ivory_2.jpg
AA9309_White-Ivory_1.jpg,AA9309,BNV0690,https://ecomm-milano-images.s3.amazonaws.com/AA9309_White-Ivory_1.jpg
AA9309_White-Ivory_2.jpg,AA9309,BNV0690,https://ecomm-milano-images.s3.amazonaws.com/AA9309_White-Ivory_2.jpg
AA9309_White-Ivory_3.jpg,AA9309,BNV0690,https://ecomm-milano-images.s3.amazonaws.com/AA9309_White-Ivory_3.jpg
AA9309_White-Ivory_4.jpg,AA9309,BNV0690,https://ecomm-milano-images.s3.amazonaws.com/AA9309_White-Ivory_4.jpg
AA9310_White-Ivory_1.jpg,AA9310,BNV0689,https://ecomm-milano-images.s3.amazonaws.com/AA9310_White-Ivory_1.jpg
AA9312_Ivory_1.jpg,AA9312,BNV0687,https://ecomm-milano-images.s3.amazonaws.com/AA9312_Ivory_1.jpg
AA9313_White-Ivory_1.jpg,AA9313,BNV0686,https://ecomm-milano-images.s3.amazonaws.com/AA9313_White-Ivory_1.jpg
AA9313_White-Ivory_2.jpg,AA9313,BNV0686,https://ecomm-milano-images.s3.amazonaws.com/AA9313_White-Ivory_2.jpg
AA9313_White-Ivory_3.jpg,AA9313,BNV0686,https://ecomm-milano-images.s3.amazonaws.com/AA9313_White-Ivory_3.jpg
AA9313_White-Ivory_4.jpg,AA9313,BNV0686,https://ecomm-milano-images.s3.amazonaws.com/AA9313_White-Ivory_4.jpg
AA9314_White-Ivory_1.jpg,AA9314,BNV0685,https://ecomm-milano-images.s3.amazonaws.com/AA9314_White-Ivory_1.jpg
AA9314_White-Ivory_2.jpg,AA9314,BNV0685,https://ecomm-milano-images.s3.amazonaws.com/AA9314_White-Ivory_2.jpg
AA9314_White-Ivory_3.jpg,AA9314,BNV0685,https://ecomm-milano-images.s3.amazonaws.com/AA9314_White-Ivory_3.jpg
AA9314_White-Ivory_4.jpg,AA9314,BNV0685,https://ecomm-milano-images.s3.amazonaws.com/AA9314_White-Ivory_4.jpg
AA9315_White-Ivory_1.jpg,AA9315,BNV0684,https://ecomm-milano-images.s3.amazonaws.com/AA9315_White-Ivory_1.jpg
AA9315_White-Ivory_2.jpg,AA9315,BNV0684,https://ecomm-milano-images.s3.amazonaws.com/AA9315_White-Ivory_2.jpg
AA9315_White-Ivory_3.jpg,AA9315,BNV0684,https://ecomm-milano-images.s3.amazonaws.com/AA9315_White-Ivory_3.jpg
AA9315_White-Ivory_4.jpg,AA9315,BNV0684,https://ecomm-milano-images.s3.amazonaws.com/AA9315_White-Ivory_4.jpg
AA9316_White-Ivory_1.jpg,AA9316,BNV0683,https://ecomm-milano-images.s3.amazonaws.com/AA9316_White-Ivory_1.jpg
AA9316_White-Ivory_2.jpg,AA9316,BNV0683,https://ecomm-milano-images.s3.amazonaws.com/AA9316_White-Ivory_2.jpg
AA9316_White-Ivory_3.jpg,AA9316,BNV0683,https://ecomm-milano-images.s3.amazonaws.com/AA9316_White-Ivory_3.jpg
AA9316_White-Ivory_4.jpg,AA9316,BNV0683,https://ecomm-milano-images.s3.amazonaws.com/AA9316_White-Ivory_4.jpg
AA9317_White-Ivory_1.jpg,AA9317,BNV0682,https://ecomm-milano-images.s3.amazonaws.com/AA9317_White-Ivory_1.jpg
AA9317_White-Ivory_2.jpg,AA9317,BNV0682,https://ecomm-milano-images.s3.amazonaws.com/AA9317_White-Ivory_2.jpg
AA9317_White-Ivory_3.jpg,AA9317,BNV0682,https://ecomm-milano-images.s3.amazonaws.com/AA9317_White-Ivory_3.jpg
AA9317_White-Ivory_4.jpg,AA9317,BNV0682,https://ecomm-milano-images.s3.amazonaws.com/AA9317_White-Ivory_4.jpg
AA9318_White-Ivory_1.jpg,AA9318,BNV0681,https://ecomm-milano-images.s3.amazonaws.com/AA9318_White-Ivory_1.jpg
AA9318_White-Ivory_2.jpg,AA9318,BNV0681,https://ecomm-milano-images.s3.amazonaws.com/AA9318_White-Ivory_2.jpg
AA9318_White-Ivory_3.jpg,AA9318,BNV0681,https://ecomm-milano-images.s3.amazonaws.com/AA9318_White-Ivory_3.jpg
AA9318_White-Ivory_4.jpg,AA9318,BNV0681,https://ecomm-milano-images.s3.amazonaws.com/AA9318_White-Ivory_4.jpg
AA9319_White-Ivory_1.jpg,AA9319,BNV0680,https://ecomm-milano-images.s3.amazonaws.com/AA9319_White-Ivory_1.jpg
AA9319_White-Ivory_2.jpg,AA9319,BNV0680,https://ecomm-milano-images.s3.amazonaws.com/AA9319_White-Ivory_2.jpg
AA9319_White-Ivory_3.jpg,AA9319,BNV0680,https://ecomm-milano-images.s3.amazonaws.com/AA9319_White-Ivory_3.jpg
AA9319_White-Ivory_4.jpg,AA9319,BNV0680,https://ecomm-milano-images.s3.amazonaws.com/AA9319_White-Ivory_4.jpg
AA9319_White-Ivory_5.jpg,AA9319,BNV0680,https://ecomm-milano-images.s3.amazonaws.com/AA9319_White-Ivory_5.jpg
AA9319_White-Ivory_6.jpg,AA9319,BNV0680,https://ecomm-milano-images.s3.amazonaws.com/AA9319_White-Ivory_6.jpg
AA9320_White_1.jpg,AA9320,BNV0679,https://ecomm-milano-images.s3.amazonaws.com/AA9320_White_1.jpg
AA9321_White-Ivory_1.jpg,AA9321,BNV0678,https://ecomm-milano-images.s3.amazonaws.com/AA9321_White-Ivory_1.jpg
AA9321_White-Ivory_2.jpg,AA9321,BNV0678,https://ecomm-milano-images.s3.amazonaws.com/AA9321_White-Ivory_2.jpg
AA9321_White-Ivory_3.jpg,AA9321,BNV0678,https://ecomm-milano-images.s3.amazonaws.com/AA9321_White-Ivory_3.jpg
AA9321_White-Ivory_4.jpg,AA9321,BNV0678,https://ecomm-milano-images.s3.amazonaws.com/AA9321_White-Ivory_4.jpg
AA9322_White-Ivory_1.jpg,AA9322,BNV0677,https://ecomm-milano-images.s3.amazonaws.com/AA9322_White-Ivory_1.jpg
AA9322_White-Ivory_2.jpg,AA9322,BNV0677,https://ecomm-milano-images.s3.amazonaws.com/AA9322_White-Ivory_2.jpg
AA9322_White-Ivory_3.jpg,AA9322,BNV0677,https://ecomm-milano-images.s3.amazonaws.com/AA9322_White-Ivory_3.jpg
AA9326_White-Ivory_1.jpg,AA9326,BNV0673,https://ecomm-milano-images.s3.amazonaws.com/AA9326_White-Ivory_1.jpg
AA9326_White-Ivory_2.jpg,AA9326,BNV0673,https://ecomm-milano-images.s3.amazonaws.com/AA9326_White-Ivory_2.jpg
AA9326_White-Ivory_3.jpg,AA9326,BNV0673,https://ecomm-milano-images.s3.amazonaws.com/AA9326_White-Ivory_3.jpg
AA9326_White-Ivory_4.jpg,AA9326,BNV0673,https://ecomm-milano-images.s3.amazonaws.com/AA9326_White-Ivory_4.jpg
AA9327_White-Ivory_1.jpg,AA9327,BNV0672,https://ecomm-milano-images.s3.amazonaws.com/AA9327_White-Ivory_1.jpg
AA9327_White-Ivory_2.jpg,AA9327,BNV0672,https://ecomm-milano-images.s3.amazonaws.com/AA9327_White-Ivory_2.jpg
AA9327_White-Ivory_3.jpg,AA9327,BNV0672,https://ecomm-milano-images.s3.amazonaws.com/AA9327_White-Ivory_3.jpg
AA9327_White-Ivory_4.jpg,AA9327,BNV0672,https://ecomm-milano-images.s3.amazonaws.com/AA9327_White-Ivory_4.jpg
AA9329_White-Ivory_1.jpg,AA9329,BNV0670,https://ecomm-milano-images.s3.amazonaws.com/AA9329_White-Ivory_1.jpg
AA9329_White-Ivory_2.jpg,AA9329,BNV0670,https://ecomm-milano-images.s3.amazonaws.com/AA9329_White-Ivory_2.jpg
AA9329_White-Ivory_3.jpg,AA9329,BNV0670,https://ecomm-milano-images.s3.amazonaws.com/AA9329_White-Ivory_3.jpg
AA9329_White-Ivory_4.jpg,AA9329,BNV0670,https://ecomm-milano-images.s3.amazonaws.com/AA9329_White-Ivory_4.jpg
AA9330_White-Ivory_1.jpg,AA9330,BNV0669,https://ecomm-milano-images.s3.amazonaws.com/AA9330_White-Ivory_1.jpg
AA9330_White-Ivory_2.jpg,AA9330,BNV0669,https://ecomm-milano-images.s3.amazonaws.com/AA9330_White-Ivory_2.jpg
AA9330_White-Ivory_3.jpg,AA9330,BNV0669,https://ecomm-milano-images.s3.amazonaws.com/AA9330_White-Ivory_3.jpg
AA9330_White-Ivory_4.jpg,AA9330,BNV0669,https://ecomm-milano-images.s3.amazonaws.com/AA9330_White-Ivory_4.jpg
AA9331_White-Ivory_1.jpg,AA9331,BNV0668,https://ecomm-milano-images.s3.amazonaws.com/AA9331_White-Ivory_1.jpg
AA9331_White-Ivory_2.jpg,AA9331,BNV0668,https://ecomm-milano-images.s3.amazonaws.com/AA9331_White-Ivory_2.jpg
AA9331_White-Ivory_3.jpg,AA9331,BNV0668,https://ecomm-milano-images.s3.amazonaws.com/AA9331_White-Ivory_3.jpg
AA9331_White-Ivory_4.jpg,AA9331,BNV0668,https://ecomm-milano-images.s3.amazonaws.com/AA9331_White-Ivory_4.jpg
AA9332_White-Ivory_1.jpg,AA9332,BNV0667,https://ecomm-milano-images.s3.amazonaws.com/AA9332_White-Ivory_1.jpg
AA9332_White-Ivory_2.jpg,AA9332,BNV0667,https://ecomm-milano-images.s3.amazonaws.com/AA9332_White-Ivory_2.jpg
AA9332_White-Ivory_3.jpg,AA9332,BNV0667,https://ecomm-milano-images.s3.amazonaws.com/AA9332_White-Ivory_3.jpg
AA9332_White-Ivory_4.jpg,AA9332,BNV0667,https://ecomm-milano-images.s3.amazonaws.com/AA9332_White-Ivory_4.jpg
AA9335_White-Ivory_1.jpg,AA9335,BNV0664,https://ecomm-milano-images.s3.amazonaws.com/AA9335_White-Ivory_1.jpg
AA9335_White-Ivory_2.jpg,AA9335,BNV0664,https://ecomm-milano-images.s3.amazonaws.com/AA9335_White-Ivory_2.jpg
AA9336_White-Ivory_1.jpg,AA9336,BNV0663,https://ecomm-milano-images.s3.amazonaws.com/AA9336_White-Ivory_1.jpg
AA9336_White-Ivory_2.jpg,AA9336,BNV0663,https://ecomm-milano-images.s3.amazonaws.com/AA9336_White-Ivory_2.jpg
AA9336_White-Ivory_3.jpg,AA9336,BNV0663,https://ecomm-milano-images.s3.amazonaws.com/AA9336_White-Ivory_3.jpg
AA9336_White-Ivory_4.jpg,AA9336,BNV0663,https://ecomm-milano-images.s3.amazonaws.com/AA9336_White-Ivory_4.jpg
AA9346_Ivory_1.jpg,AA9346,BNV0653,https://ecomm-milano-images.s3.amazonaws.com/AA9346_Ivory_1.jpg
AA9346_Ivory_2.jpg,AA9346,BNV0653,https://ecomm-milano-images.s3.amazonaws.com/AA9346_Ivory_2.jpg
AA9346_Ivory_3.jpg,AA9346,BNV0653,https://ecomm-milano-images.s3.amazonaws.com/AA9346_Ivory_3.jpg
AA9346_Ivory_4.jpg,AA9346,BNV0653,https://ecomm-milano-images.s3.amazonaws.com/AA9346_Ivory_4.jpg
AA9349_Ivory_1.jpg,AA9349,BNV0650,https://ecomm-milano-images.s3.amazonaws.com/AA9349_Ivory_1.jpg
AA9349_Ivory_2.jpg,AA9349,BNV0650,https://ecomm-milano-images.s3.amazonaws.com/AA9349_Ivory_2.jpg
B8588_Skyblue_1.jpg,B8588,AT1411,https://ecomm-milano-images.s3.amazonaws.com/B8588_Skyblue_1.jpg
B8608_Lilac_1.jpg,B8608,AT1391,https://ecomm-milano-images.s3.amazonaws.com/B8608_Lilac_1.jpg
B8808_White_1.jpg,B8808,AT1191,https://ecomm-milano-images.s3.amazonaws.com/B8808_White_1.jpg
B8808_White_2.jpg,B8808,AT1191,https://ecomm-milano-images.s3.amazonaws.com/B8808_White_2.jpg
B8808_White_3.jpg,B8808,AT1191,https://ecomm-milano-images.s3.amazonaws.com/B8808_White_3.jpg
B8808_White_4.jpg,B8808,AT1191,https://ecomm-milano-images.s3.amazonaws.com/B8808_White_4.jpg
B8865_Claret_1.jpg,B8865,AT1134,https://ecomm-milano-images.s3.amazonaws.com/B8865_Claret_1.jpg
B8865_Claret_2.jpg,B8865,AT1134,https://ecomm-milano-images.s3.amazonaws.com/B8865_Claret_2.jpg
B8865_Claret_3.jpg,B8865,AT1134,https://ecomm-milano-images.s3.amazonaws.com/B8865_Claret_3.jpg
B8865_Purple_1.jpg,B8865,AT1134,https://ecomm-milano-images.s3.amazonaws.com/B8865_Purple_1.jpg
B8865_Truffle_1.jpg,B8865,AT1134,https://ecomm-milano-images.s3.amazonaws.com/B8865_Truffle_1.jpg
B8865_Truffle_2.jpg,B8865,AT1134,https://ecomm-milano-images.s3.amazonaws.com/B8865_Truffle_2.jpg
B8998_Royal_1.jpg,B8998,AT1001,https://ecomm-milano-images.s3.amazonaws.com/B8998_Royal_1.jpg
B8998_Royal_2.jpg,B8998,AT1001,https://ecomm-milano-images.s3.amazonaws.com/B8998_Royal_2.jpg
B8998_Sangria_1.jpg,B8998,AT1001,https://ecomm-milano-images.s3.amazonaws.com/B8998_Sangria_1.jpg
B8998_Sangria_2.jpg,B8998,AT1001,https://ecomm-milano-images.s3.amazonaws.com/B8998_Sangria_2.jpg
B8998_Sangria_3.jpg,B8998,AT1001,https://ecomm-milano-images.s3.amazonaws.com/B8998_Sangria_3.jpg
E1013_Lilac_1.jpg,E1013,NV8986,https://ecomm-milano-images.s3.amazonaws.com/E1013_Lilac_1.jpg
E1013_Lilac_2.jpg,E1013,NV8986,https://ecomm-milano-images.s3.amazonaws.com/E1013_Lilac_2.jpg
E1013_Sangria_1.jpg,E1013,NV8986,https://ecomm-milano-images.s3.amazonaws.com/E1013_Sangria_1.jpg
E1013_Sangria_2.jpg,E1013,NV8986,https://ecomm-milano-images.s3.amazonaws.com/E1013_Sangria_2.jpg
E1013_Sangria_3.jpg,E1013,NV8986,https://ecomm-milano-images.s3.amazonaws.com/E1013_Sangria_3.jpg
E1022_Purple_1.jpg,E1022,NV8977,https://ecomm-milano-images.s3.amazonaws.com/E1022_Purple_1.jpg
E1028_White_1.jpg,E1028,NV8971,https://ecomm-milano-images.s3.amazonaws.com/E1028_White_1.jpg
E1028_White_2.jpg,E1028,NV8971,https://ecomm-milano-images.s3.amazonaws.com/E1028_White_2.jpg
E1028_White_3.jpg,E1028,NV8971,https://ecomm-milano-images.s3.amazonaws.com/E1028_White_3.jpg
E1028_White_4.jpg,E1028,NV8971,https://ecomm-milano-images.s3.amazonaws.com/E1028_White_4.jpg
E1032_Pistachio_1.jpg,E1032,NV8967,https://ecomm-milano-images.s3.amazonaws.com/E1032_Pistachio_1.jpg
E1032_Pistachio_2.jpg,E1032,NV8967,https://ecomm-milano-images.s3.amazonaws.com/E1032_Pistachio_2.jpg
E1032_Pistachio_3.jpg,E1032,NV8967,https://ecomm-milano-images.s3.amazonaws.com/E1032_Pistachio_3.jpg
E1032_Pistachio_4.jpg,E1032,NV8967,https://ecomm-milano-images.s3.amazonaws.com/E1032_Pistachio_4.jpg
E1032_sunshine_1.jpg,E1032,NV8967,https://ecomm-milano-images.s3.amazonaws.com/E1032_sunshine_1.jpg
E1032_sunshine_2.jpg,E1032,NV8967,https://ecomm-milano-images.s3.amazonaws.com/E1032_sunshine_2.jpg
E1032_sunshine_3.jpg,E1032,NV8967,https://ecomm-milano-images.s3.amazonaws.com/E1032_sunshine_3.jpg
E1071_Truffle_1.jpg,E1071,NV8928,https://ecomm-milano-images.s3.amazonaws.com/E1071_Truffle_1.jpg
E1118_LILAC_1.jpg,E1118,NV8881,https://ecomm-milano-images.s3.amazonaws.com/E1118_LILAC_1.jpg
E1118_LILAC_2.jpg,E1118,NV8881,https://ecomm-milano-images.s3.amazonaws.com/E1118_LILAC_2.jpg
E1118_LILAC_3.jpg,E1118,NV8881,https://ecomm-milano-images.s3.amazonaws.com/E1118_LILAC_3.jpg
E1118_LILAC_4.jpg,E1118,NV8881,https://ecomm-milano-images.s3.amazonaws.com/E1118_LILAC_4.jpg
E1118_LILAC_5.jpg,E1118,NV8881,https://ecomm-milano-images.s3.amazonaws.com/E1118_LILAC_5.jpg
E1168_Navy_1.jpg,E1168,NV8831,https://ecomm-milano-images.s3.amazonaws.com/E1168_Navy_1.jpg
E1168_Navy_2.jpg,E1168,NV8831,https://ecomm-milano-images.s3.amazonaws.com/E1168_Navy_2.jpg
E1259_Skyblue_1.jpg,E1259,NV8740,https://ecomm-milano-images.s3.amazonaws.com/E1259_Skyblue_1.jpg
E1259_Skyblue_2.jpg,E1259,NV8740,https://ecomm-milano-images.s3.amazonaws.com/E1259_Skyblue_2.jpg
E1259_Skyblue_3.jpg,E1259,NV8740,https://ecomm-milano-images.s3.amazonaws.com/E1259_Skyblue_3.jpg
E1260_Claret_1.jpg,E1260,NV8739,https://ecomm-milano-images.s3.amazonaws.com/E1260_Claret_1.jpg
E1260_Claret_2.jpg,E1260,NV8739,https://ecomm-milano-images.s3.amazonaws.com/E1260_Claret_2.jpg
E1260_Truffle_1.jpg,E1260,NV8739,https://ecomm-milano-images.s3.amazonaws.com/E1260_Truffle_1.jpg
E1264_Black_1.jpg,E1264,NV8735,https://ecomm-milano-images.s3.amazonaws.com/E1264_Black_1.jpg
E1264_Black_2.jpg,E1264,NV8735,https://ecomm-milano-images.s3.amazonaws.com/E1264_Black_2.jpg
E1264_Claret_1.jpg,E1264,NV8735,https://ecomm-milano-images.s3.amazonaws.com/E1264_Claret_1.jpg
E1264_Claret_2.jpg,E1264,NV8735,https://ecomm-milano-images.s3.amazonaws.com/E1264_Claret_2.jpg
E1264_Claret_3.jpg,E1264,NV8735,https://ecomm-milano-images.s3.amazonaws.com/E1264_Claret_3.jpg
E1264_Claret_4.jpg,E1264,NV8735,https://ecomm-milano-images.s3.amazonaws.com/E1264_Claret_4.jpg
E1264_Claret_5.jpg,E1264,NV8735,https://ecomm-milano-images.s3.amazonaws.com/E1264_Claret_5.jpg
E1264_Claret_6.jpg,E1264,NV8735,https://ecomm-milano-images.s3.amazonaws.com/E1264_Claret_6.jpg
E1264_Coral_1.jpg,E1264,NV8735,https://ecomm-milano-images.s3.amazonaws.com/E1264_Coral_1.jpg
E1264_Coral_2.jpg,E1264,NV8735,https://ecomm-milano-images.s3.amazonaws.com/E1264_Coral_2.jpg
E1264_Coral_3.jpg,E1264,NV8735,https://ecomm-milano-images.s3.amazonaws.com/E1264_Coral_3.jpg
E1265_Green_1.jpg,E1265,NV8734,https://ecomm-milano-images.s3.amazonaws.com/E1265_Green_1.jpg
E1270_Coral_1.jpg,E1270,NV8729,https://ecomm-milano-images.s3.amazonaws.com/E1270_Coral_1.jpg
E1270_Coral_2.jpg,E1270,NV8729,https://ecomm-milano-images.s3.amazonaws.com/E1270_Coral_2.jpg
E1270_Coral_3.jpg,E1270,NV8729,https://ecomm-milano-images.s3.amazonaws.com/E1270_Coral_3.jpg
E1270_Teal_1.jpg,E1270,NV8729,https://ecomm-milano-images.s3.amazonaws.com/E1270_Teal_1.jpg
E1275_Darklilac_1.jpg,E1275,NV8724,https://ecomm-milano-images.s3.amazonaws.com/E1275_Darklilac_1.jpg
E1285_Cafe_1.jpg,E1285,NV8714,https://ecomm-milano-images.s3.amazonaws.com/E1285_Cafe_1.jpg
E1285_Cafe_2.jpg,E1285,NV8714,https://ecomm-milano-images.s3.amazonaws.com/E1285_Cafe_2.jpg
E1285_Fuschia_1.jpg,E1285,NV8714,https://ecomm-milano-images.s3.amazonaws.com/E1285_Fuschia_1.jpg
E1285_Fuschia_2.jpg,E1285,NV8714,https://ecomm-milano-images.s3.amazonaws.com/E1285_Fuschia_2.jpg
E1285_Fuschia_3.jpg,E1285,NV8714,https://ecomm-milano-images.s3.amazonaws.com/E1285_Fuschia_3.jpg
E1285_Fuschia_4.jpg,E1285,NV8714,https://ecomm-milano-images.s3.amazonaws.com/E1285_Fuschia_4.jpg
E1285_Lilac_1.jpg,E1285,NV8714,https://ecomm-milano-images.s3.amazonaws.com/E1285_Lilac_1.jpg
E1285_Lilac_2.jpg,E1285,NV8714,https://ecomm-milano-images.s3.amazonaws.com/E1285_Lilac_2.jpg
E1295_Fuschia_1.jpg,E1295,NV8704,https://ecomm-milano-images.s3.amazonaws.com/E1295_Fuschia_1.jpg
E1295_Fuschia_2.jpg,E1295,NV8704,https://ecomm-milano-images.s3.amazonaws.com/E1295_Fuschia_2.jpg
E1312_SUNSHINE_1.jpg,E1312,NV8687,https://ecomm-milano-images.s3.amazonaws.com/E1312_SUNSHINE_1.jpg
E1312_SUNSHINE_3.jpg,E1312,NV8687,https://ecomm-milano-images.s3.amazonaws.com/E1312_SUNSHINE_3.jpg
E1312_SUNSHINE_4.jpg,E1312,NV8687,https://ecomm-milano-images.s3.amazonaws.com/E1312_SUNSHINE_4.jpg
E1319_White Black_1.jpg,E1319,NV8680,https://ecomm-milano-images.s3.amazonaws.com/E1319_White Black_1.jpg
E1322_Purple_1.jpg,E1322,NV8677,https://ecomm-milano-images.s3.amazonaws.com/E1322_Purple_1.jpg
E1327_Black_1.jpg,E1327,NV8672,https://ecomm-milano-images.s3.amazonaws.com/E1327_Black_1.jpg
E1336_Purple_1.jpg,E1336,NV8663,https://ecomm-milano-images.s3.amazonaws.com/E1336_Purple_1.jpg
E1340_Coral_1.jpg,E1340,NV8659,https://ecomm-milano-images.s3.amazonaws.com/E1340_Coral_1.jpg
E1342_Fuschia_1.jpg,E1342,NV8657,https://ecomm-milano-images.s3.amazonaws.com/E1342_Fuschia_1.jpg
E1344_Yellow_1.jpg,E1344,NV8655,https://ecomm-milano-images.s3.amazonaws.com/E1344_Yellow_1.jpg
E1347_Blue_1.jpg,E1347,NV8652,https://ecomm-milano-images.s3.amazonaws.com/E1347_Blue_1.jpg
E1348_Platinum_1.jpg,E1348,NV8651,https://ecomm-milano-images.s3.amazonaws.com/E1348_Platinum_1.jpg
E1354_Lilac_1.jpg,E1354,NV8645,https://ecomm-milano-images.s3.amazonaws.com/E1354_Lilac_1.jpg
E1356_Truffle_1.jpg,E1356,NV8643,https://ecomm-milano-images.s3.amazonaws.com/E1356_Truffle_1.jpg
E1371_APPLE_RED_WHITE_1.jpg,E1371,NV8628,https://ecomm-milano-images.s3.amazonaws.com/E1371_APPLE_RED_WHITE_1.jpg
E1371_APPLE_RED_WHITE_2.jpg,E1371,NV8628,https://ecomm-milano-images.s3.amazonaws.com/E1371_APPLE_RED_WHITE_2.jpg
E1371_APPLE_RED_WHITE_3.jpg,E1371,NV8628,https://ecomm-milano-images.s3.amazonaws.com/E1371_APPLE_RED_WHITE_3.jpg
E1371_APPLE_RED_WHITE_4.jpg,E1371,NV8628,https://ecomm-milano-images.s3.amazonaws.com/E1371_APPLE_RED_WHITE_4.jpg
E1371_TRUFFLE_WHITE_1.jpg,E1371,NV8628,https://ecomm-milano-images.s3.amazonaws.com/E1371_TRUFFLE_WHITE_1.jpg
E1371_TRUFFLE_WHITE_3.jpg,E1371,NV8628,https://ecomm-milano-images.s3.amazonaws.com/E1371_TRUFFLE_WHITE_3.jpg
E1378_Red_1.jpg,E1378,NV8621,https://ecomm-milano-images.s3.amazonaws.com/E1378_Red_1.jpg
E1379_Coral_2.jpg,E1379,NV8620,https://ecomm-milano-images.s3.amazonaws.com/E1379_Coral_2.jpg
E1379_Coral_3.jpg,E1379,NV8620,https://ecomm-milano-images.s3.amazonaws.com/E1379_Coral_3.jpg
E1379_Truffle_1.jpg,E1379,NV8620,https://ecomm-milano-images.s3.amazonaws.com/E1379_Truffle_1.jpg
E1379_Truffle_2.jpg,E1379,NV8620,https://ecomm-milano-images.s3.amazonaws.com/E1379_Truffle_2.jpg
E1379_PEACOCK_1.jpg,E1379,NV8620,https://ecomm-milano-images.s3.amazonaws.com/E1379_PEACOCK_1.jpg
E1379_PEACOCK_2.jpg,E1379,NV8620,https://ecomm-milano-images.s3.amazonaws.com/E1379_PEACOCK_2.jpg
E1379_TEAL_1.jpg,E1379,NV8620,https://ecomm-milano-images.s3.amazonaws.com/E1379_TEAL_1.jpg
E1379_TEAL_2.jpg,E1379,NV8620,https://ecomm-milano-images.s3.amazonaws.com/E1379_TEAL_2.jpg
E1379_WATERMELON_1.jpg,E1379,NV8620,https://ecomm-milano-images.s3.amazonaws.com/E1379_WATERMELON_1.jpg
E1379_WATERMELON_2.jpg,E1379,NV8620,https://ecomm-milano-images.s3.amazonaws.com/E1379_WATERMELON_2.jpg
E1379_WATERMELON_3.jpg,E1379,NV8620,https://ecomm-milano-images.s3.amazonaws.com/E1379_WATERMELON_3.jpg
E1379_WATERMELON_RED_1.jpg,E1379,NV8620,https://ecomm-milano-images.s3.amazonaws.com/E1379_WATERMELON_RED_1.jpg
E1381_Purple_1.jpg,E1381,NV8618,https://ecomm-milano-images.s3.amazonaws.com/E1381_Purple_1.jpg
E1386_PLUM_1.jpg,E1386,NV8613,https://ecomm-milano-images.s3.amazonaws.com/E1386_PLUM_1.jpg
E1386_PLUM_3.jpg,E1386,NV8613,https://ecomm-milano-images.s3.amazonaws.com/E1386_PLUM_3.jpg
E1386_PLUM_4.jpg,E1386,NV8613,https://ecomm-milano-images.s3.amazonaws.com/E1386_PLUM_4.jpg
E1391_PURPLE_1.jpg,E1391,NV8608,https://ecomm-milano-images.s3.amazonaws.com/E1391_PURPLE_1.jpg
E1391_PURPLE_2.jpg,E1391,NV8608,https://ecomm-milano-images.s3.amazonaws.com/E1391_PURPLE_2.jpg
E1396_Purple_1.jpg,E1396,NV8603,https://ecomm-milano-images.s3.amazonaws.com/E1396_Purple_1.jpg
E1420_Champagne_1.jpg,E1420,NV8579,https://ecomm-milano-images.s3.amazonaws.com/E1420_Champagne_1.jpg
E1421_Coral_1.jpg,E1421,NV8578,https://ecomm-milano-images.s3.amazonaws.com/E1421_Coral_1.jpg
E1421_Coral_2.jpg,E1421,NV8578,https://ecomm-milano-images.s3.amazonaws.com/E1421_Coral_2.jpg
E1421_Grey_1.jpg,E1421,NV8578,https://ecomm-milano-images.s3.amazonaws.com/E1421_Grey_1.jpg
E1421_Grey_2.jpg,E1421,NV8578,https://ecomm-milano-images.s3.amazonaws.com/E1421_Grey_2.jpg
E1421_Royal_1.jpg,E1421,NV8578,https://ecomm-milano-images.s3.amazonaws.com/E1421_Royal_1.jpg
E1421_Royal_2.jpg,E1421,NV8578,https://ecomm-milano-images.s3.amazonaws.com/E1421_Royal_2.jpg
E1421_Royal_3.jpg,E1421,NV8578,https://ecomm-milano-images.s3.amazonaws.com/E1421_Royal_3.jpg
E1422_Purple_1.jpg,E1422,NV8577,https://ecomm-milano-images.s3.amazonaws.com/E1422_Purple_1.jpg
E1424_Teal_1.jpg,E1424,NV8575,https://ecomm-milano-images.s3.amazonaws.com/E1424_Teal_1.jpg
E1428_Purple_1.jpg,E1428,NV8571,https://ecomm-milano-images.s3.amazonaws.com/E1428_Purple_1.jpg
E1436_VICTORIA_1.jpg,E1436,NV8563,https://ecomm-milano-images.s3.amazonaws.com/E1436_VICTORIA_1.jpg
E1436_VICTORIA_2.jpg,E1436,NV8563,https://ecomm-milano-images.s3.amazonaws.com/E1436_VICTORIA_2.jpg
E1436_VICTORIA_3.jpg,E1436,NV8563,https://ecomm-milano-images.s3.amazonaws.com/E1436_VICTORIA_3.jpg
E1436_VICTORIA_4.jpg,E1436,NV8563,https://ecomm-milano-images.s3.amazonaws.com/E1436_VICTORIA_4.jpg
E1436_VICTORIA_5.jpg,E1436,NV8563,https://ecomm-milano-images.s3.amazonaws.com/E1436_VICTORIA_5.jpg
E1438_Black_1.jpg,E1438,NV8561,https://ecomm-milano-images.s3.amazonaws.com/E1438_Black_1.jpg
E1439_TEAL_1.jpg,E1439,NV8560,https://ecomm-milano-images.s3.amazonaws.com/E1439_TEAL_1.jpg
E1439_TEAL_2.jpg,E1439,NV8560,https://ecomm-milano-images.s3.amazonaws.com/E1439_TEAL_2.jpg
E1439_TEAL_3.jpg,E1439,NV8560,https://ecomm-milano-images.s3.amazonaws.com/E1439_TEAL_3.jpg
E1448_Purple-Black_1.jpg,E1448,NV8551,https://ecomm-milano-images.s3.amazonaws.com/E1448_Purple-Black_1.jpg
E1452_Lilac_1.jpg,E1452,NV8547,https://ecomm-milano-images.s3.amazonaws.com/E1452_Lilac_1.jpg
E1463_Coral_1.jpg,E1463,NV8536,https://ecomm-milano-images.s3.amazonaws.com/E1463_Coral_1.jpg
E1463_Coral_2.jpg,E1463,NV8536,https://ecomm-milano-images.s3.amazonaws.com/E1463_Coral_2.jpg
E1463_Teal_1.jpg,E1463,NV8536,https://ecomm-milano-images.s3.amazonaws.com/E1463_Teal_1.jpg
E1463_Teal_2.jpg,E1463,NV8536,https://ecomm-milano-images.s3.amazonaws.com/E1463_Teal_2.jpg
E1463_TRUFFLE_1.jpg,E1463,NV8536,https://ecomm-milano-images.s3.amazonaws.com/E1463_TRUFFLE_1.jpg
E1463_TRUFFLE_2.jpg,E1463,NV8536,https://ecomm-milano-images.s3.amazonaws.com/E1463_TRUFFLE_2.jpg
E1467_GOLD_1.jpg,E1467,NV8532,https://ecomm-milano-images.s3.amazonaws.com/E1467_GOLD_1.jpg
E1467_GOLD_2.jpg,E1467,NV8532,https://ecomm-milano-images.s3.amazonaws.com/E1467_GOLD_2.jpg
E1467_GOLD_3.jpg,E1467,NV8532,https://ecomm-milano-images.s3.amazonaws.com/E1467_GOLD_3.jpg
E1472_Royal_1.jpg,E1472,NV8527,https://ecomm-milano-images.s3.amazonaws.com/E1472_Royal_1.jpg
E1502_Claret_1.jpg,E1502,NV8497,https://ecomm-milano-images.s3.amazonaws.com/E1502_Claret_1.jpg
E1508_Nude_1.jpg,E1508,NV8491,https://ecomm-milano-images.s3.amazonaws.com/E1508_Nude_1.jpg
E1510_White_1.jpg,E1510,NV8489,https://ecomm-milano-images.s3.amazonaws.com/E1510_White_1.jpg
E1510_Whiteblue_1.jpg,E1510,NV8489,https://ecomm-milano-images.s3.amazonaws.com/E1510_Whiteblue_1.jpg
E1510_Whiteblue_2.jpg,E1510,NV8489,https://ecomm-milano-images.s3.amazonaws.com/E1510_Whiteblue_2.jpg
E1510_Whiteblue_3.jpg,E1510,NV8489,https://ecomm-milano-images.s3.amazonaws.com/E1510_Whiteblue_3.jpg
E1510_Whiteblue_4.jpg,E1510,NV8489,https://ecomm-milano-images.s3.amazonaws.com/E1510_Whiteblue_4.jpg
E1510_Whiteblue_5.jpg,E1510,NV8489,https://ecomm-milano-images.s3.amazonaws.com/E1510_Whiteblue_5.jpg
E1520_BurntOrange_1.jpg,E1520,NV8479,https://ecomm-milano-images.s3.amazonaws.com/E1520_BurntOrange_1.jpg
E1520_BurntOrange_2.jpg,E1520,NV8479,https://ecomm-milano-images.s3.amazonaws.com/E1520_BurntOrange_2.jpg
E1520_Sangria_1.jpg,E1520,NV8479,https://ecomm-milano-images.s3.amazonaws.com/E1520_Sangria_1.jpg
E1520_Sangria_2.jpg,E1520,NV8479,https://ecomm-milano-images.s3.amazonaws.com/E1520_Sangria_2.jpg
E1520_Sangria_3.jpg,E1520,NV8479,https://ecomm-milano-images.s3.amazonaws.com/E1520_Sangria_3.jpg
E1520_Sangria_4.jpg,E1520,NV8479,https://ecomm-milano-images.s3.amazonaws.com/E1520_Sangria_4.jpg
E1520_Sangria_5.jpg,E1520,NV8479,https://ecomm-milano-images.s3.amazonaws.com/E1520_Sangria_5.jpg
E1531_Purple_1.jpg,E1531,NV8468,https://ecomm-milano-images.s3.amazonaws.com/E1531_Purple_1.jpg
E1544_Black_1.jpg,E1544,NV8455,https://ecomm-milano-images.s3.amazonaws.com/E1544_Black_1.jpg
E1544_Black_2.jpg,E1544,NV8455,https://ecomm-milano-images.s3.amazonaws.com/E1544_Black_2.jpg
E1544_Black_3.jpg,E1544,NV8455,https://ecomm-milano-images.s3.amazonaws.com/E1544_Black_3.jpg
E1544_Red_1.jpg,E1544,NV8455,https://ecomm-milano-images.s3.amazonaws.com/E1544_Red_1.jpg
E1544_Red_2.jpg,E1544,NV8455,https://ecomm-milano-images.s3.amazonaws.com/E1544_Red_2.jpg
E1544_Red_3.jpg,E1544,NV8455,https://ecomm-milano-images.s3.amazonaws.com/E1544_Red_3.jpg
E1544_Red_4.jpg,E1544,NV8455,https://ecomm-milano-images.s3.amazonaws.com/E1544_Red_4.jpg
E1546_Coral_1.jpg,E1546,NV8453,https://ecomm-milano-images.s3.amazonaws.com/E1546_Coral_1.jpg
E1546_Purple_1.jpg,E1546,NV8453,https://ecomm-milano-images.s3.amazonaws.com/E1546_Purple_1.jpg
E1546_Purple_2.jpg,E1546,NV8453,https://ecomm-milano-images.s3.amazonaws.com/E1546_Purple_2.jpg
E1546_Purple_3.jpg,E1546,NV8453,https://ecomm-milano-images.s3.amazonaws.com/E1546_Purple_3.jpg
E1546_Purple_4.jpg,E1546,NV8453,https://ecomm-milano-images.s3.amazonaws.com/E1546_Purple_4.jpg
E1546_Purple_5.jpg,E1546,NV8453,https://ecomm-milano-images.s3.amazonaws.com/E1546_Purple_5.jpg
E1573_Black_3.jpg,E1573,NV8426,https://ecomm-milano-images.s3.amazonaws.com/E1573_Black_3.jpg
E1573_Peach_1.jpg,E1573,NV8426,https://ecomm-milano-images.s3.amazonaws.com/E1573_Peach_1.jpg
E1573_Peach_2.jpg,E1573,NV8426,https://ecomm-milano-images.s3.amazonaws.com/E1573_Peach_2.jpg
E1573_Peach_3.jpg,E1573,NV8426,https://ecomm-milano-images.s3.amazonaws.com/E1573_Peach_3.jpg
E1573_Peach_4.jpg,E1573,NV8426,https://ecomm-milano-images.s3.amazonaws.com/E1573_Peach_4.jpg
E1573_Purple_1.jpg,E1573,NV8426,https://ecomm-milano-images.s3.amazonaws.com/E1573_Purple_1.jpg
E1573_Purple_2.jpg,E1573,NV8426,https://ecomm-milano-images.s3.amazonaws.com/E1573_Purple_2.jpg
E1579_White_1.jpg,E1579,NV8420,https://ecomm-milano-images.s3.amazonaws.com/E1579_White_1.jpg
E1581_Black_1.jpg,E1581,NV8418,https://ecomm-milano-images.s3.amazonaws.com/E1581_Black_1.jpg
E1581_Black_2.jpg,E1581,NV8418,https://ecomm-milano-images.s3.amazonaws.com/E1581_Black_2.jpg
E1581_Black_3.jpg,E1581,NV8418,https://ecomm-milano-images.s3.amazonaws.com/E1581_Black_3.jpg
E1581_Black_4.jpg,E1581,NV8418,https://ecomm-milano-images.s3.amazonaws.com/E1581_Black_4.jpg
E1581_Purple_1.jpg,E1581,NV8418,https://ecomm-milano-images.s3.amazonaws.com/E1581_Purple_1.jpg
E1581_Purple_2.jpg,E1581,NV8418,https://ecomm-milano-images.s3.amazonaws.com/E1581_Purple_2.jpg
E1581_Red_1.jpg,E1581,NV8418,https://ecomm-milano-images.s3.amazonaws.com/E1581_Red_1.jpg
E1582_Fuschia_1.jpg,E1582,NV8417,https://ecomm-milano-images.s3.amazonaws.com/E1582_Fuschia_1.jpg
E1582_Purple_1.jpg,E1582,NV8417,https://ecomm-milano-images.s3.amazonaws.com/E1582_Purple_1.jpg
E1582_Purple_2.jpg,E1582,NV8417,https://ecomm-milano-images.s3.amazonaws.com/E1582_Purple_2.jpg
E1582_Purple_3.jpg,E1582,NV8417,https://ecomm-milano-images.s3.amazonaws.com/E1582_Purple_3.jpg
E1596_Purple_1.jpg,E1596,NV8403,https://ecomm-milano-images.s3.amazonaws.com/E1596_Purple_1.jpg
E1596_Purple_2.jpg,E1596,NV8403,https://ecomm-milano-images.s3.amazonaws.com/E1596_Purple_2.jpg
E1596_Purple_3.jpg,E1596,NV8403,https://ecomm-milano-images.s3.amazonaws.com/E1596_Purple_3.jpg
E1596_Purple_4.jpg,E1596,NV8403,https://ecomm-milano-images.s3.amazonaws.com/E1596_Purple_4.jpg
E1596_Purple_5.jpg,E1596,NV8403,https://ecomm-milano-images.s3.amazonaws.com/E1596_Purple_5.jpg
E1637_BlackNude_1.jpg,E1637,NV8362,https://ecomm-milano-images.s3.amazonaws.com/E1637_BlackNude_1.jpg
E1637_BlackNude_2.jpg,E1637,NV8362,https://ecomm-milano-images.s3.amazonaws.com/E1637_BlackNude_2.jpg
E1637_Black_1.jpg,E1637,NV8362,https://ecomm-milano-images.s3.amazonaws.com/E1637_Black_1.jpg
E1637_Black_2.jpg,E1637,NV8362,https://ecomm-milano-images.s3.amazonaws.com/E1637_Black_2.jpg
E1657_Black_1.jpg,E1657,NV8342,https://ecomm-milano-images.s3.amazonaws.com/E1657_Black_1.jpg
E1663_Fuchsia_1.jpg,E1663,NV8336,https://ecomm-milano-images.s3.amazonaws.com/E1663_Fuchsia_1.jpg
E1672_ROYAL_1.jpg,E1672,NV8327,https://ecomm-milano-images.s3.amazonaws.com/E1672_ROYAL_1.jpg
E1672_ROYAL_3.jpg,E1672,NV8327,https://ecomm-milano-images.s3.amazonaws.com/E1672_ROYAL_3.jpg
E1672_ROYAL_4.jpg,E1672,NV8327,https://ecomm-milano-images.s3.amazonaws.com/E1672_ROYAL_4.jpg
E1685_FUCHSIA_1.jpg,E1685,NV8314,https://ecomm-milano-images.s3.amazonaws.com/E1685_FUCHSIA_1.jpg
E1694_Teal_1.jpg,E1694,NV8305,https://ecomm-milano-images.s3.amazonaws.com/E1694_Teal_1.jpg
E1696_Black_1.jpg,E1696,NV8303,https://ecomm-milano-images.s3.amazonaws.com/E1696_Black_1.jpg
E1696_Black_2.jpg,E1696,NV8303,https://ecomm-milano-images.s3.amazonaws.com/E1696_Black_2.jpg
E1696_Black_3.jpg,E1696,NV8303,https://ecomm-milano-images.s3.amazonaws.com/E1696_Black_3.jpg
E1715_Sky Blue_1.jpg,E1715,NV8284,https://ecomm-milano-images.s3.amazonaws.com/E1715_Sky Blue_1.jpg
E1715_Sky Blue_2.jpg,E1715,NV8284,https://ecomm-milano-images.s3.amazonaws.com/E1715_Sky Blue_2.jpg
E1715_Sky Blue_3.jpg,E1715,NV8284,https://ecomm-milano-images.s3.amazonaws.com/E1715_Sky Blue_3.jpg
E1729_Mint_1.jpg,E1729,NV8270,https://ecomm-milano-images.s3.amazonaws.com/E1729_Mint_1.jpg
E1729_Mint_2.jpg,E1729,NV8270,https://ecomm-milano-images.s3.amazonaws.com/E1729_Mint_2.jpg
E1729_Mint_3.jpg,E1729,NV8270,https://ecomm-milano-images.s3.amazonaws.com/E1729_Mint_3.jpg
E1729_Mint_4.jpg,E1729,NV8270,https://ecomm-milano-images.s3.amazonaws.com/E1729_Mint_4.jpg
E1730_BurntOrange_1.jpg,E1730,NV8269,https://ecomm-milano-images.s3.amazonaws.com/E1730_BurntOrange_1.jpg
E1730_Royal_1.jpg,E1730,NV8269,https://ecomm-milano-images.s3.amazonaws.com/E1730_Royal_1.jpg
E1730_Royal_2.jpg,E1730,NV8269,https://ecomm-milano-images.s3.amazonaws.com/E1730_Royal_2.jpg
E1767_BlackSilver_1.jpg,E1767,NV8232,https://ecomm-milano-images.s3.amazonaws.com/E1767_BlackSilver_1.jpg
E1774_Blush_1.jpg,E1774,NV8225,https://ecomm-milano-images.s3.amazonaws.com/E1774_Blush_1.jpg
E1774_Blush_2.jpg,E1774,NV8225,https://ecomm-milano-images.s3.amazonaws.com/E1774_Blush_2.jpg
E1774_Blush_3.jpg,E1774,NV8225,https://ecomm-milano-images.s3.amazonaws.com/E1774_Blush_3.jpg
E1774_Powder Blue_2.jpg,E1774,NV8225,https://ecomm-milano-images.s3.amazonaws.com/E1774_Powder Blue_2.jpg
E1774_Powder Blue_3.jpg,E1774,NV8225,https://ecomm-milano-images.s3.amazonaws.com/E1774_Powder Blue_3.jpg
E1774_PowderBlue_1.jpg,E1774,NV8225,https://ecomm-milano-images.s3.amazonaws.com/E1774_PowderBlue_1.jpg
E1778_Navy_1.jpg,E1778,NV8221,https://ecomm-milano-images.s3.amazonaws.com/E1778_Navy_1.jpg
E1778_Navy_2.jpg,E1778,NV8221,https://ecomm-milano-images.s3.amazonaws.com/E1778_Navy_2.jpg
E1795_NAVY_1.jpg,E1795,NV8204,https://ecomm-milano-images.s3.amazonaws.com/E1795_NAVY_1.jpg
E1795_NAVY_2.jpg,E1795,NV8204,https://ecomm-milano-images.s3.amazonaws.com/E1795_NAVY_2.jpg
E1795_NAVY_3.jpg,E1795,NV8204,https://ecomm-milano-images.s3.amazonaws.com/E1795_NAVY_3.jpg
E1795_NAVY_4.jpg,E1795,NV8204,https://ecomm-milano-images.s3.amazonaws.com/E1795_NAVY_4.jpg
E1796_Biscotti_1.jpg,E1796,NV8203,https://ecomm-milano-images.s3.amazonaws.com/E1796_Biscotti_1.jpg
E1796_Biscotti_2.jpg,E1796,NV8203,https://ecomm-milano-images.s3.amazonaws.com/E1796_Biscotti_2.jpg
E1796_Biscotti_3.jpg,E1796,NV8203,https://ecomm-milano-images.s3.amazonaws.com/E1796_Biscotti_3.jpg
E1796_Biscotti_4.jpg,E1796,NV8203,https://ecomm-milano-images.s3.amazonaws.com/E1796_Biscotti_4.jpg
E1796_Ivory_1.jpg,E1796,NV8203,https://ecomm-milano-images.s3.amazonaws.com/E1796_Ivory_1.jpg
E1796_Navy_1.jpg,E1796,NV8203,https://ecomm-milano-images.s3.amazonaws.com/E1796_Navy_1.jpg
E1796_Navy_2.jpg,E1796,NV8203,https://ecomm-milano-images.s3.amazonaws.com/E1796_Navy_2.jpg
E1799_Fuschia_1.jpg,E1799,NV8200,https://ecomm-milano-images.s3.amazonaws.com/E1799_Fuschia_1.jpg
E1799_Fuschia_2.jpg,E1799,NV8200,https://ecomm-milano-images.s3.amazonaws.com/E1799_Fuschia_2.jpg
E1799_Fuschia_3.jpg,E1799,NV8200,https://ecomm-milano-images.s3.amazonaws.com/E1799_Fuschia_3.jpg
E1799_Fuschia_4.jpg,E1799,NV8200,https://ecomm-milano-images.s3.amazonaws.com/E1799_Fuschia_4.jpg
E1822_Ivory_1.jpg,E1822,NV8177,https://ecomm-milano-images.s3.amazonaws.com/E1822_Ivory_1.jpg
E1822_Ivory_2.jpg,E1822,NV8177,https://ecomm-milano-images.s3.amazonaws.com/E1822_Ivory_2.jpg
E1822_Ivory_3.jpg,E1822,NV8177,https://ecomm-milano-images.s3.amazonaws.com/E1822_Ivory_3.jpg
E1822_Ivory_4.jpg,E1822,NV8177,https://ecomm-milano-images.s3.amazonaws.com/E1822_Ivory_4.jpg
E1822_Ivory_5.jpg,E1822,NV8177,https://ecomm-milano-images.s3.amazonaws.com/E1822_Ivory_5.jpg
E1822_Peach_1.jpg,E1822,NV8177,https://ecomm-milano-images.s3.amazonaws.com/E1822_Peach_1.jpg
E1822_Peach_2.jpg,E1822,NV8177,https://ecomm-milano-images.s3.amazonaws.com/E1822_Peach_2.jpg
E1824_Pool_1.jpg,E1824,NV8175,https://ecomm-milano-images.s3.amazonaws.com/E1824_Pool_1.jpg
E1824_Pool_2.jpg,E1824,NV8175,https://ecomm-milano-images.s3.amazonaws.com/E1824_Pool_2.jpg
E1824_Pool_3.jpg,E1824,NV8175,https://ecomm-milano-images.s3.amazonaws.com/E1824_Pool_3.jpg
E1827_Black_1.jpg,E1827,NV8172,https://ecomm-milano-images.s3.amazonaws.com/E1827_Black_1.jpg
E1827_Black_2.jpg,E1827,NV8172,https://ecomm-milano-images.s3.amazonaws.com/E1827_Black_2.jpg
E1827_Black_3.jpg,E1827,NV8172,https://ecomm-milano-images.s3.amazonaws.com/E1827_Black_3.jpg
E1833_PurpleGold_1.jpg,E1833,NV8166,https://ecomm-milano-images.s3.amazonaws.com/E1833_PurpleGold_1.jpg
E1838_Teal_1.jpg,E1838,NV8161,https://ecomm-milano-images.s3.amazonaws.com/E1838_Teal_1.jpg
E1838_Teal_2.jpg,E1838,NV8161,https://ecomm-milano-images.s3.amazonaws.com/E1838_Teal_2.jpg
E1838_Teal_3.jpg,E1838,NV8161,https://ecomm-milano-images.s3.amazonaws.com/E1838_Teal_3.jpg
E1838_Teal_4.jpg,E1838,NV8161,https://ecomm-milano-images.s3.amazonaws.com/E1838_Teal_4.jpg
E1844_Mint_1.jpg,E1844,NV8155,https://ecomm-milano-images.s3.amazonaws.com/E1844_Mint_1.jpg
E1844_Mint_2.jpg,E1844,NV8155,https://ecomm-milano-images.s3.amazonaws.com/E1844_Mint_2.jpg
E1844_Mint_3.jpg,E1844,NV8155,https://ecomm-milano-images.s3.amazonaws.com/E1844_Mint_3.jpg
E1844_Mint_4.jpg,E1844,NV8155,https://ecomm-milano-images.s3.amazonaws.com/E1844_Mint_4.jpg
E1844_Mint_5.jpg,E1844,NV8155,https://ecomm-milano-images.s3.amazonaws.com/E1844_Mint_5.jpg
E1844_Mint_6.jpg,E1844,NV8155,https://ecomm-milano-images.s3.amazonaws.com/E1844_Mint_6.jpg
E1844_Mint_7.jpg,E1844,NV8155,https://ecomm-milano-images.s3.amazonaws.com/E1844_Mint_7.jpg
E1852_Charcoal_1.jpg,E1852,NV8147,https://ecomm-milano-images.s3.amazonaws.com/E1852_Charcoal_1.jpg
E1852_Charcoal_2.jpg,E1852,NV8147,https://ecomm-milano-images.s3.amazonaws.com/E1852_Charcoal_2.jpg
E1852_Pink_1.jpg,E1852,NV8147,https://ecomm-milano-images.s3.amazonaws.com/E1852_Pink_1.jpg
E1852_Pink_2.jpg,E1852,NV8147,https://ecomm-milano-images.s3.amazonaws.com/E1852_Pink_2.jpg
E1868_Champagne_1.jpg,E1868,NV8131,https://ecomm-milano-images.s3.amazonaws.com/E1868_Champagne_1.jpg
E1882_Royal_1.jpg,E1882,NV8117,https://ecomm-milano-images.s3.amazonaws.com/E1882_Royal_1.jpg
E1890_Black_1.jpg,E1890,NV8109,https://ecomm-milano-images.s3.amazonaws.com/E1890_Black_1.jpg
E1891_PURPLE_1.jpg,E1891,NV8108,https://ecomm-milano-images.s3.amazonaws.com/E1891_PURPLE_1.jpg
E1891_PURPLE_2.jpg,E1891,NV8108,https://ecomm-milano-images.s3.amazonaws.com/E1891_PURPLE_2.jpg
E1891_PURPLE_3.jpg,E1891,NV8108,https://ecomm-milano-images.s3.amazonaws.com/E1891_PURPLE_3.jpg
E1891_PURPLE_4.jpg,E1891,NV8108,https://ecomm-milano-images.s3.amazonaws.com/E1891_PURPLE_4.jpg
E1907_Charcoal_1.jpg,E1907,NV8092,https://ecomm-milano-images.s3.amazonaws.com/E1907_Charcoal_1.jpg
E1911_SPACE_BLUE_1.jpg,E1911,NV8088,https://ecomm-milano-images.s3.amazonaws.com/E1911_SPACE_BLUE_1.jpg
E1911_SPACE_BLUE_2.jpg,E1911,NV8088,https://ecomm-milano-images.s3.amazonaws.com/E1911_SPACE_BLUE_2.jpg
E1911_SPACE_BLUE_3.jpg,E1911,NV8088,https://ecomm-milano-images.s3.amazonaws.com/E1911_SPACE_BLUE_3.jpg
E1911_SPACE_BLUE_4.jpg,E1911,NV8088,https://ecomm-milano-images.s3.amazonaws.com/E1911_SPACE_BLUE_4.jpg
E1923_Navy_1.jpg,E1923,NV8076,https://ecomm-milano-images.s3.amazonaws.com/E1923_Navy_1.jpg
E1923_Navy_2.jpg,E1923,NV8076,https://ecomm-milano-images.s3.amazonaws.com/E1923_Navy_2.jpg
E1923_Navy_3.jpg,E1923,NV8076,https://ecomm-milano-images.s3.amazonaws.com/E1923_Navy_3.jpg
E1931_Navy_1.jpg,E1931,NV8068,https://ecomm-milano-images.s3.amazonaws.com/E1931_Navy_1.jpg
E1937_Black_1.jpg,E1937,NV8062,https://ecomm-milano-images.s3.amazonaws.com/E1937_Black_1.jpg
E1940_Gunmetal_1.jpg,E1940,NV8059,https://ecomm-milano-images.s3.amazonaws.com/E1940_Gunmetal_1.jpg
E1940_Gunmetal_2.jpg,E1940,NV8059,https://ecomm-milano-images.s3.amazonaws.com/E1940_Gunmetal_2.jpg
E1940_Gunmetal_3.jpg,E1940,NV8059,https://ecomm-milano-images.s3.amazonaws.com/E1940_Gunmetal_3.jpg
E1940_Gunmetal_4.jpg,E1940,NV8059,https://ecomm-milano-images.s3.amazonaws.com/E1940_Gunmetal_4.jpg
E1940_Gunmetal_5.jpg,E1940,NV8059,https://ecomm-milano-images.s3.amazonaws.com/E1940_Gunmetal_5.jpg
E1940_Gunmetal_6.jpg,E1940,NV8059,https://ecomm-milano-images.s3.amazonaws.com/E1940_Gunmetal_6.jpg
E1965_Sangria_1.jpg,E1965,NV8034,https://ecomm-milano-images.s3.amazonaws.com/E1965_Sangria_1.jpg
E1967_Teal_1.jpg,E1967,NV8032,https://ecomm-milano-images.s3.amazonaws.com/E1967_Teal_1.jpg
E1967_Teal_2.jpg,E1967,NV8032,https://ecomm-milano-images.s3.amazonaws.com/E1967_Teal_2.jpg
E1974_Mint_1.jpg,E1974,NV8025,https://ecomm-milano-images.s3.amazonaws.com/E1974_Mint_1.jpg
E1978_Gunmetal_1.jpg,E1978,NV8021,https://ecomm-milano-images.s3.amazonaws.com/E1978_Gunmetal_1.jpg
E1978_Gunmetal_2.jpg,E1978,NV8021,https://ecomm-milano-images.s3.amazonaws.com/E1978_Gunmetal_2.jpg
E1978_Gunmetal_3.jpg,E1978,NV8021,https://ecomm-milano-images.s3.amazonaws.com/E1978_Gunmetal_3.jpg
E1978_Gunmetal_4.jpg,E1978,NV8021,https://ecomm-milano-images.s3.amazonaws.com/E1978_Gunmetal_4.jpg
E1979_Midnight_1.jpg,E1979,NV8020,https://ecomm-milano-images.s3.amazonaws.com/E1979_Midnight_1.jpg
E1979_Midnight_2.jpg,E1979,NV8020,https://ecomm-milano-images.s3.amazonaws.com/E1979_Midnight_2.jpg
E1979_Midnight_3.jpg,E1979,NV8020,https://ecomm-milano-images.s3.amazonaws.com/E1979_Midnight_3.jpg
E1981_Black_1.jpg,E1981,NV8018,https://ecomm-milano-images.s3.amazonaws.com/E1981_Black_1.jpg
E1982_Charcoal_1.jpg,E1982,NV8017,https://ecomm-milano-images.s3.amazonaws.com/E1982_Charcoal_1.jpg
E1983_Mint_1.jpg,E1983,NV8016,https://ecomm-milano-images.s3.amazonaws.com/E1983_Mint_1.jpg
E1984_Black_1.jpg,E1984,NV8015,https://ecomm-milano-images.s3.amazonaws.com/E1984_Black_1.jpg
E1984_Black_2.jpg,E1984,NV8015,https://ecomm-milano-images.s3.amazonaws.com/E1984_Black_2.jpg
E1984_Black_3.jpg,E1984,NV8015,https://ecomm-milano-images.s3.amazonaws.com/E1984_Black_3.jpg
E1986_Tiffany_1.jpg,E1986,NV8013,https://ecomm-milano-images.s3.amazonaws.com/E1986_Tiffany_1.jpg
E1986_Tiffany_2.jpg,E1986,NV8013,https://ecomm-milano-images.s3.amazonaws.com/E1986_Tiffany_2.jpg
E1986_Tiffany_3.jpg,E1986,NV8013,https://ecomm-milano-images.s3.amazonaws.com/E1986_Tiffany_3.jpg
E1986_Tiffany_4.jpg,E1986,NV8013,https://ecomm-milano-images.s3.amazonaws.com/E1986_Tiffany_4.jpg
E1986_Tiffany_5.jpg,E1986,NV8013,https://ecomm-milano-images.s3.amazonaws.com/E1986_Tiffany_5.jpg
E1988_RoyalBlue_1.jpg,E1988,NV8011,https://ecomm-milano-images.s3.amazonaws.com/E1988_RoyalBlue_1.jpg
E1988_RoyalBlue_2.jpg,E1988,NV8011,https://ecomm-milano-images.s3.amazonaws.com/E1988_RoyalBlue_2.jpg
E1988_RoyalBlue_3.jpg,E1988,NV8011,https://ecomm-milano-images.s3.amazonaws.com/E1988_RoyalBlue_3.jpg
E2016_Red_1.jpg,E2016,NV7983,https://ecomm-milano-images.s3.amazonaws.com/E2016_Red_1.jpg
E2016_Royal_1.jpg,E2016,NV7983,https://ecomm-milano-images.s3.amazonaws.com/E2016_Royal_1.jpg
E2016_Royal_2.jpg,E2016,NV7983,https://ecomm-milano-images.s3.amazonaws.com/E2016_Royal_2.jpg
E2016_Royal_3.jpg,E2016,NV7983,https://ecomm-milano-images.s3.amazonaws.com/E2016_Royal_3.jpg
E2016_Royal_4.jpg,E2016,NV7983,https://ecomm-milano-images.s3.amazonaws.com/E2016_Royal_4.jpg
E2019_Blue_1.jpg,E2019,NV7980,https://ecomm-milano-images.s3.amazonaws.com/E2019_Blue_1.jpg
E2020_Pool_1.jpg,E2020,NV7979,https://ecomm-milano-images.s3.amazonaws.com/E2020_Pool_1.jpg
E2021_Wine_1.jpg,E2021,NV7978,https://ecomm-milano-images.s3.amazonaws.com/E2021_Wine_1.jpg
E2023_Turquoise_1.jpg,E2023,NV7976,https://ecomm-milano-images.s3.amazonaws.com/E2023_Turquoise_1.jpg
E2023_Turquoise_2.jpg,E2023,NV7976,https://ecomm-milano-images.s3.amazonaws.com/E2023_Turquoise_2.jpg
E2023_Turquoise_3.jpg,E2023,NV7976,https://ecomm-milano-images.s3.amazonaws.com/E2023_Turquoise_3.jpg
E2023_Turquoise_4.jpg,E2023,NV7976,https://ecomm-milano-images.s3.amazonaws.com/E2023_Turquoise_4.jpg
E2023_Turquoise_5.jpg,E2023,NV7976,https://ecomm-milano-images.s3.amazonaws.com/E2023_Turquoise_5.jpg
E2025_Wine_1.jpg,E2025,NV7974,https://ecomm-milano-images.s3.amazonaws.com/E2025_Wine_1.jpg
E2025_Wine_2.jpg,E2025,NV7974,https://ecomm-milano-images.s3.amazonaws.com/E2025_Wine_2.jpg
E2025_Wine_3.jpg,E2025,NV7974,https://ecomm-milano-images.s3.amazonaws.com/E2025_Wine_3.jpg
E2025_Wine_4.jpg,E2025,NV7974,https://ecomm-milano-images.s3.amazonaws.com/E2025_Wine_4.jpg
E2027_Wine_1.jpg,E2027,NV7972,https://ecomm-milano-images.s3.amazonaws.com/E2027_Wine_1.jpg
E2028_Cobalt_1.jpg,E2028,NV7971,https://ecomm-milano-images.s3.amazonaws.com/E2028_Cobalt_1.jpg
E2028_Cobalt_2.jpg,E2028,NV7971,https://ecomm-milano-images.s3.amazonaws.com/E2028_Cobalt_2.jpg
E2028_Cobalt_3.jpg,E2028,NV7971,https://ecomm-milano-images.s3.amazonaws.com/E2028_Cobalt_3.jpg
E2028_Cobalt_4.jpg,E2028,NV7971,https://ecomm-milano-images.s3.amazonaws.com/E2028_Cobalt_4.jpg
E2028_Cobalt_5.jpg,E2028,NV7971,https://ecomm-milano-images.s3.amazonaws.com/E2028_Cobalt_5.jpg
E2030_Fuchsia_1.jpg,E2030,NV7969,https://ecomm-milano-images.s3.amazonaws.com/E2030_Fuchsia_1.jpg
E2031_Black_1.jpg,E2031,NV7968,https://ecomm-milano-images.s3.amazonaws.com/E2031_Black_1.jpg
E2031_Black_2.jpg,E2031,NV7968,https://ecomm-milano-images.s3.amazonaws.com/E2031_Black_2.jpg
E2032_Teal_1.jpg,E2032,NV7967,https://ecomm-milano-images.s3.amazonaws.com/E2032_Teal_1.jpg
E2032_Teal_2.jpg,E2032,NV7967,https://ecomm-milano-images.s3.amazonaws.com/E2032_Teal_2.jpg
E2032_Teal_3.jpg,E2032,NV7967,https://ecomm-milano-images.s3.amazonaws.com/E2032_Teal_3.jpg
E2034_Berry_1.jpg,E2034,NV7965,https://ecomm-milano-images.s3.amazonaws.com/E2034_Berry_1.jpg
E2035_Jet_1.jpg,E2035,NV7964,https://ecomm-milano-images.s3.amazonaws.com/E2035_Jet_1.jpg
E2036_Green_1.jpg,E2036,NV7963,https://ecomm-milano-images.s3.amazonaws.com/E2036_Green_1.jpg
E2036_Green_2.jpg,E2036,NV7963,https://ecomm-milano-images.s3.amazonaws.com/E2036_Green_2.jpg
E2036_Green_3.jpg,E2036,NV7963,https://ecomm-milano-images.s3.amazonaws.com/E2036_Green_3.jpg
E2036_Green_4.jpg,E2036,NV7963,https://ecomm-milano-images.s3.amazonaws.com/E2036_Green_4.jpg
E2036_Green_5.jpg,E2036,NV7963,https://ecomm-milano-images.s3.amazonaws.com/E2036_Green_5.jpg
E2036_Green_6.jpg,E2036,NV7963,https://ecomm-milano-images.s3.amazonaws.com/E2036_Green_6.jpg
E2039_Powder-Blue_1.jpg,E2039,NV7960,https://ecomm-milano-images.s3.amazonaws.com/E2039_Powder-Blue_1.jpg
E2040_Midnight_1.jpg,E2040,NV7959,https://ecomm-milano-images.s3.amazonaws.com/E2040_Midnight_1.jpg
E2041_Ivory_1.jpg,E2041,NV7958,https://ecomm-milano-images.s3.amazonaws.com/E2041_Ivory_1.jpg
E2041_Ivory_2.jpg,E2041,NV7958,https://ecomm-milano-images.s3.amazonaws.com/E2041_Ivory_2.jpg
E2041_Ivory_3.jpg,E2041,NV7958,https://ecomm-milano-images.s3.amazonaws.com/E2041_Ivory_3.jpg
E2041_Ivory_4.jpg,E2041,NV7958,https://ecomm-milano-images.s3.amazonaws.com/E2041_Ivory_4.jpg
E2041_Ivory_5.jpg,E2041,NV7958,https://ecomm-milano-images.s3.amazonaws.com/E2041_Ivory_5.jpg
E2041_Ivory_6.jpg,E2041,NV7958,https://ecomm-milano-images.s3.amazonaws.com/E2041_Ivory_6.jpg
E2042_Wine_1.jpg,E2042,NV7957,https://ecomm-milano-images.s3.amazonaws.com/E2042_Wine_1.jpg
E2043_Rose-Quartz_1.jpg,E2043,NV7956,https://ecomm-milano-images.s3.amazonaws.com/E2043_Rose-Quartz_1.jpg
E2043_Rose-Quartz_2.jpg,E2043,NV7956,https://ecomm-milano-images.s3.amazonaws.com/E2043_Rose-Quartz_2.jpg
E2043_Rose-Quartz_3.jpg,E2043,NV7956,https://ecomm-milano-images.s3.amazonaws.com/E2043_Rose-Quartz_3.jpg
E2043_Rose-Quartz_4.jpg,E2043,NV7956,https://ecomm-milano-images.s3.amazonaws.com/E2043_Rose-Quartz_4.jpg
E2046_NAVY_1.jpg,E2046,NV7953,https://ecomm-milano-images.s3.amazonaws.com/E2046_NAVY_1.jpg
E2046_NAVY_2.jpg,E2046,NV7953,https://ecomm-milano-images.s3.amazonaws.com/E2046_NAVY_2.jpg
E2046_NAVY_3.jpg,E2046,NV7953,https://ecomm-milano-images.s3.amazonaws.com/E2046_NAVY_3.jpg
E2046_NAVY_4.jpg,E2046,NV7953,https://ecomm-milano-images.s3.amazonaws.com/E2046_NAVY_4.jpg
E2046_ROSE_1.jpg,E2046,NV7953,https://ecomm-milano-images.s3.amazonaws.com/E2046_ROSE_1.jpg
E2049_Platinum_1.jpg,E2049,NV7950,https://ecomm-milano-images.s3.amazonaws.com/E2049_Platinum_1.jpg
E2049_Platinum_2.jpg,E2049,NV7950,https://ecomm-milano-images.s3.amazonaws.com/E2049_Platinum_2.jpg
E2049_Platinum_3.jpg,E2049,NV7950,https://ecomm-milano-images.s3.amazonaws.com/E2049_Platinum_3.jpg
E2049_Platinum_4.jpg,E2049,NV7950,https://ecomm-milano-images.s3.amazonaws.com/E2049_Platinum_4.jpg
E2049_Platinum_5.jpg,E2049,NV7950,https://ecomm-milano-images.s3.amazonaws.com/E2049_Platinum_5.jpg
E2049_Platinum_6.jpg,E2049,NV7950,https://ecomm-milano-images.s3.amazonaws.com/E2049_Platinum_6.jpg
E2050_Space_1.jpg,E2050,NV7949,https://ecomm-milano-images.s3.amazonaws.com/E2050_Space_1.jpg
E2050_Space_2.jpg,E2050,NV7949,https://ecomm-milano-images.s3.amazonaws.com/E2050_Space_2.jpg
E2050_Space_3.jpg,E2050,NV7949,https://ecomm-milano-images.s3.amazonaws.com/E2050_Space_3.jpg
E2050_Space_4.jpg,E2050,NV7949,https://ecomm-milano-images.s3.amazonaws.com/E2050_Space_4.jpg
E2050_Space_5.jpg,E2050,NV7949,https://ecomm-milano-images.s3.amazonaws.com/E2050_Space_5.jpg
E2050_Space_6.jpg,E2050,NV7949,https://ecomm-milano-images.s3.amazonaws.com/E2050_Space_6.jpg
E2050_Space_7.jpg,E2050,NV7949,https://ecomm-milano-images.s3.amazonaws.com/E2050_Space_7.jpg
E2053_Peacock_1.jpg,E2053,NV7946,https://ecomm-milano-images.s3.amazonaws.com/E2053_Peacock_1.jpg
E2053_Peacock_2.jpg,E2053,NV7946,https://ecomm-milano-images.s3.amazonaws.com/E2053_Peacock_2.jpg
E2053_Peacock_3.jpg,E2053,NV7946,https://ecomm-milano-images.s3.amazonaws.com/E2053_Peacock_3.jpg
E2053_Teal_1.jpg,E2053,NV7946,https://ecomm-milano-images.s3.amazonaws.com/E2053_Teal_1.jpg
E2053_Teal_2.jpg,E2053,NV7946,https://ecomm-milano-images.s3.amazonaws.com/E2053_Teal_2.jpg
E2059_Royal_1.jpg,E2059,NV7940,https://ecomm-milano-images.s3.amazonaws.com/E2059_Royal_1.jpg
E2060_Midnight_1.jpg,E2060,NV7939,https://ecomm-milano-images.s3.amazonaws.com/E2060_Midnight_1.jpg
E2060_Midnight_2.jpg,E2060,NV7939,https://ecomm-milano-images.s3.amazonaws.com/E2060_Midnight_2.jpg
E2060_Midnight_3.jpg,E2060,NV7939,https://ecomm-milano-images.s3.amazonaws.com/E2060_Midnight_3.jpg
E2061_Black_1.jpg,E2061,NV7938,https://ecomm-milano-images.s3.amazonaws.com/E2061_Black_1.jpg
E2061_Black_2.jpg,E2061,NV7938,https://ecomm-milano-images.s3.amazonaws.com/E2061_Black_2.jpg
E2067_Black-Burgundy_1.jpg,E2067,NV7932,https://ecomm-milano-images.s3.amazonaws.com/E2067_Black-Burgundy_1.jpg
E2068_Midnight_1.jpg,E2068,NV7931,https://ecomm-milano-images.s3.amazonaws.com/E2068_Midnight_1.jpg
E2069_Red_1.jpg,E2069,NV7930,https://ecomm-milano-images.s3.amazonaws.com/E2069_Red_1.jpg
E2070_Apricot_1.jpg,E2070,NV7929,https://ecomm-milano-images.s3.amazonaws.com/E2070_Apricot_1.jpg
E2070_Apricot_2.jpg,E2070,NV7929,https://ecomm-milano-images.s3.amazonaws.com/E2070_Apricot_2.jpg
E2070_Apricot_3.jpg,E2070,NV7929,https://ecomm-milano-images.s3.amazonaws.com/E2070_Apricot_3.jpg
E2070_Apricot_4.jpg,E2070,NV7929,https://ecomm-milano-images.s3.amazonaws.com/E2070_Apricot_4.jpg
E2072_Black_1.jpg,E2072,NV7927,https://ecomm-milano-images.s3.amazonaws.com/E2072_Black_1.jpg
E2074_Midnight_1.jpg,E2074,NV7925,https://ecomm-milano-images.s3.amazonaws.com/E2074_Midnight_1.jpg
E2074_Midnight_2.jpg,E2074,NV7925,https://ecomm-milano-images.s3.amazonaws.com/E2074_Midnight_2.jpg
E2074_Midnight_3.jpg,E2074,NV7925,https://ecomm-milano-images.s3.amazonaws.com/E2074_Midnight_3.jpg
E2074_Midnight_4.jpg,E2074,NV7925,https://ecomm-milano-images.s3.amazonaws.com/E2074_Midnight_4.jpg
E2075_Midnight_1.jpg,E2075,NV7924,https://ecomm-milano-images.s3.amazonaws.com/E2075_Midnight_1.jpg
E2076_Midnight_1.jpg,E2076,NV7923,https://ecomm-milano-images.s3.amazonaws.com/E2076_Midnight_1.jpg
E2080_Black_1.jpg,E2080,NV7919,https://ecomm-milano-images.s3.amazonaws.com/E2080_Black_1.jpg
E2080_Black_2.jpg,E2080,NV7919,https://ecomm-milano-images.s3.amazonaws.com/E2080_Black_2.jpg
E2080_Black_3.jpg,E2080,NV7919,https://ecomm-milano-images.s3.amazonaws.com/E2080_Black_3.jpg
E2080_Black_4.jpg,E2080,NV7919,https://ecomm-milano-images.s3.amazonaws.com/E2080_Black_4.jpg
E2080_Black_5.jpg,E2080,NV7919,https://ecomm-milano-images.s3.amazonaws.com/E2080_Black_5.jpg
E2081_Navy_1.jpg,E2081,NV7918,https://ecomm-milano-images.s3.amazonaws.com/E2081_Navy_1.jpg
E2084_Black_1.jpg,E2084,NV7915,https://ecomm-milano-images.s3.amazonaws.com/E2084_Black_1.jpg
E2084_Black_2.jpg,E2084,NV7915,https://ecomm-milano-images.s3.amazonaws.com/E2084_Black_2.jpg
E2084_Black_3.jpg,E2084,NV7915,https://ecomm-milano-images.s3.amazonaws.com/E2084_Black_3.jpg
E2084_Black_4.jpg,E2084,NV7915,https://ecomm-milano-images.s3.amazonaws.com/E2084_Black_4.jpg
E2085_Black_1.jpg,E2085,NV7914,https://ecomm-milano-images.s3.amazonaws.com/E2085_Black_1.jpg
E2085_Charcoal_1.jpg,E2085,NV7914,https://ecomm-milano-images.s3.amazonaws.com/E2085_Charcoal_1.jpg
E2085_Charcoal_2.jpg,E2085,NV7914,https://ecomm-milano-images.s3.amazonaws.com/E2085_Charcoal_2.jpg
E2086_Wine_1.jpg,E2086,NV7913,https://ecomm-milano-images.s3.amazonaws.com/E2086_Wine_1.jpg
E2086_Wine_2.jpg,E2086,NV7913,https://ecomm-milano-images.s3.amazonaws.com/E2086_Wine_2.jpg
E2087_Rose-Quartz_1.jpg,E2087,NV7912,https://ecomm-milano-images.s3.amazonaws.com/E2087_Rose-Quartz_1.jpg
E2088_Pink_1.jpg,E2088,NV7911,https://ecomm-milano-images.s3.amazonaws.com/E2088_Pink_1.jpg
E2088_Pink_2.jpg,E2088,NV7911,https://ecomm-milano-images.s3.amazonaws.com/E2088_Pink_2.jpg
E2088_Pink_3.jpg,E2088,NV7911,https://ecomm-milano-images.s3.amazonaws.com/E2088_Pink_3.jpg
E2088_Wine_1.jpg,E2088,NV7911,https://ecomm-milano-images.s3.amazonaws.com/E2088_Wine_1.jpg
E2088_Wine_2.jpg,E2088,NV7911,https://ecomm-milano-images.s3.amazonaws.com/E2088_Wine_2.jpg
E2096_White-Black_1.jpg,E2096,NV7903,https://ecomm-milano-images.s3.amazonaws.com/E2096_White-Black_1.jpg
E2096_White-Black_2.jpg,E2096,NV7903,https://ecomm-milano-images.s3.amazonaws.com/E2096_White-Black_2.jpg
E2096_White-Black_3.jpg,E2096,NV7903,https://ecomm-milano-images.s3.amazonaws.com/E2096_White-Black_3.jpg
E2097_Mint_1.jpg,E2097,NV7902,https://ecomm-milano-images.s3.amazonaws.com/E2097_Mint_1.jpg
E2097_Mint_2.jpg,E2097,NV7902,https://ecomm-milano-images.s3.amazonaws.com/E2097_Mint_2.jpg
E2100_Midnight_1.jpg,E2100,NV7899,https://ecomm-milano-images.s3.amazonaws.com/E2100_Midnight_1.jpg
E2101_Wine_1.jpg,E2101,NV7898,https://ecomm-milano-images.s3.amazonaws.com/E2101_Wine_1.jpg
E2102_Black_1.jpg,E2102,NV7897,https://ecomm-milano-images.s3.amazonaws.com/E2102_Black_1.jpg
E2102_Black_2.jpg,E2102,NV7897,https://ecomm-milano-images.s3.amazonaws.com/E2102_Black_2.jpg
E2104_Black_1.jpg,E2104,NV7895,https://ecomm-milano-images.s3.amazonaws.com/E2104_Black_1.jpg
E2104_Black_2.jpg,E2104,NV7895,https://ecomm-milano-images.s3.amazonaws.com/E2104_Black_2.jpg
E2107_Navy_1.jpg,E2107,NV7892,https://ecomm-milano-images.s3.amazonaws.com/E2107_Navy_1.jpg
E2109_Red_1.jpg,E2109,NV7890,https://ecomm-milano-images.s3.amazonaws.com/E2109_Red_1.jpg
E2110_Black_1.jpg,E2110,NV7889,https://ecomm-milano-images.s3.amazonaws.com/E2110_Black_1.jpg
E2110_Black_2.jpg,E2110,NV7889,https://ecomm-milano-images.s3.amazonaws.com/E2110_Black_2.jpg
E2110_Black_3.jpg,E2110,NV7889,https://ecomm-milano-images.s3.amazonaws.com/E2110_Black_3.jpg
E2110_Black_4.jpg,E2110,NV7889,https://ecomm-milano-images.s3.amazonaws.com/E2110_Black_4.jpg
E2110_Black_5.jpg,E2110,NV7889,https://ecomm-milano-images.s3.amazonaws.com/E2110_Black_5.jpg
E2114_Royal-Blue_1.jpg,E2114,NV7885,https://ecomm-milano-images.s3.amazonaws.com/E2114_Royal-Blue_1.jpg
E2118_Fuschia_1.jpg,E2118,NV7881,https://ecomm-milano-images.s3.amazonaws.com/E2118_Fuschia_1.jpg
E2118_Fuschia_2.jpg,E2118,NV7881,https://ecomm-milano-images.s3.amazonaws.com/E2118_Fuschia_2.jpg
E2118_Fuschia_3.jpg,E2118,NV7881,https://ecomm-milano-images.s3.amazonaws.com/E2118_Fuschia_3.jpg
E2118_Fuschia_4.jpg,E2118,NV7881,https://ecomm-milano-images.s3.amazonaws.com/E2118_Fuschia_4.jpg
E2121_Midnight_1.jpg,E2121,NV7878,https://ecomm-milano-images.s3.amazonaws.com/E2121_Midnight_1.jpg
E2125_Navy_1.jpg,E2125,NV7874,https://ecomm-milano-images.s3.amazonaws.com/E2125_Navy_1.jpg
E2136_Navy_1.jpg,E2136,NV7863,https://ecomm-milano-images.s3.amazonaws.com/E2136_Navy_1.jpg
E2136_Navy_2.jpg,E2136,NV7863,https://ecomm-milano-images.s3.amazonaws.com/E2136_Navy_2.jpg
E2144_Mint_1.jpg,E2144,NV7855,https://ecomm-milano-images.s3.amazonaws.com/E2144_Mint_1.jpg
E2150_Black_1.jpg,E2150,NV7849,https://ecomm-milano-images.s3.amazonaws.com/E2150_Black_1.jpg
E2150_Black_2.jpg,E2150,NV7849,https://ecomm-milano-images.s3.amazonaws.com/E2150_Black_2.jpg
E2152_Red_1.jpg,E2152,NV7847,https://ecomm-milano-images.s3.amazonaws.com/E2152_Red_1.jpg
E2158_Gold_1.jpg,E2158,NV7841,https://ecomm-milano-images.s3.amazonaws.com/E2158_Gold_1.jpg
E2158_Ivory_1.jpg,E2158,NV7841,https://ecomm-milano-images.s3.amazonaws.com/E2158_Ivory_1.jpg
E2160_White-Print_1.jpg,E2160,NV7839,https://ecomm-milano-images.s3.amazonaws.com/E2160_White-Print_1.jpg
E2161_Red_1.jpg,E2161,NV7838,https://ecomm-milano-images.s3.amazonaws.com/E2161_Red_1.jpg
E2162_Rainbow_1.jpg,E2162,NV7837,https://ecomm-milano-images.s3.amazonaws.com/E2162_Rainbow_1.jpg
E2165_Fuchsia_1.jpg,E2165,NV7834,https://ecomm-milano-images.s3.amazonaws.com/E2165_Fuchsia_1.jpg
E2171_Sky-Blue_1.jpg,E2171,NV7828,https://ecomm-milano-images.s3.amazonaws.com/E2171_Sky-Blue_1.jpg
E2182_Navy_1.jpg,E2182,NV7817,https://ecomm-milano-images.s3.amazonaws.com/E2182_Navy_1.jpg
E2204_Black_1.jpg,E2204,NV7795,https://ecomm-milano-images.s3.amazonaws.com/E2204_Black_1.jpg
E2204_Black_2.jpg,E2204,NV7795,https://ecomm-milano-images.s3.amazonaws.com/E2204_Black_2.jpg
E2210_Silver_1.jpg,E2210,NV7789,https://ecomm-milano-images.s3.amazonaws.com/E2210_Silver_1.jpg
E2210_Silver_2.jpg,E2210,NV7789,https://ecomm-milano-images.s3.amazonaws.com/E2210_Silver_2.jpg
E2213_Navy_1.jpg,E2213,NV7786,https://ecomm-milano-images.s3.amazonaws.com/E2213_Navy_1.jpg
E2213_Navy_2.jpg,E2213,NV7786,https://ecomm-milano-images.s3.amazonaws.com/E2213_Navy_2.jpg
E2213_Navy_3.jpg,E2213,NV7786,https://ecomm-milano-images.s3.amazonaws.com/E2213_Navy_3.jpg
E2213_Navy_4.jpg,E2213,NV7786,https://ecomm-milano-images.s3.amazonaws.com/E2213_Navy_4.jpg
E2213_Navy_5.jpg,E2213,NV7786,https://ecomm-milano-images.s3.amazonaws.com/E2213_Navy_5.jpg
E2213_Navy_6.jpg,E2213,NV7786,https://ecomm-milano-images.s3.amazonaws.com/E2213_Navy_6.jpg
E2225_Black-Green_3.jpg,E2225,NV7774,https://ecomm-milano-images.s3.amazonaws.com/E2225_Black-Green_3.jpg
E2225_Black-Green_4.jpg,E2225,NV7774,https://ecomm-milano-images.s3.amazonaws.com/E2225_Black-Green_4.jpg
E2225_Black-Green_5.jpg,E2225,NV7774,https://ecomm-milano-images.s3.amazonaws.com/E2225_Black-Green_5.jpg
E2225_Black-Green_6.jpg,E2225,NV7774,https://ecomm-milano-images.s3.amazonaws.com/E2225_Black-Green_6.jpg
E2225_BlackGreen_1.jpg,E2225,NV7774,https://ecomm-milano-images.s3.amazonaws.com/E2225_BlackGreen_1.jpg
E2225_BlackGreen_2.jpg,E2225,NV7774,https://ecomm-milano-images.s3.amazonaws.com/E2225_BlackGreen_2.jpg
E2225_BlackGreen_3.jpg,E2225,NV7774,https://ecomm-milano-images.s3.amazonaws.com/E2225_BlackGreen_3.jpg
E2225_BlackGreen_4.jpg,E2225,NV7774,https://ecomm-milano-images.s3.amazonaws.com/E2225_BlackGreen_4.jpg
E2225_BlackGreen_5.jpg,E2225,NV7774,https://ecomm-milano-images.s3.amazonaws.com/E2225_BlackGreen_5.jpg
E2227_Fuschia_1.jpg,E2227,NV7772,https://ecomm-milano-images.s3.amazonaws.com/E2227_Fuschia_1.jpg
E2227_Fuschia_2.jpg,E2227,NV7772,https://ecomm-milano-images.s3.amazonaws.com/E2227_Fuschia_2.jpg
E2229_Ivory_1.jpg,E2229,NV7770,https://ecomm-milano-images.s3.amazonaws.com/E2229_Ivory_1.jpg
E2229_Ivory_2.jpg,E2229,NV7770,https://ecomm-milano-images.s3.amazonaws.com/E2229_Ivory_2.jpg
E2229_Ivory_4.jpg,E2229,NV7770,https://ecomm-milano-images.s3.amazonaws.com/E2229_Ivory_4.jpg
E2231_Blue_1.jpg,E2231,NV7768,https://ecomm-milano-images.s3.amazonaws.com/E2231_Blue_1.jpg
E2231_Blue_2.jpg,E2231,NV7768,https://ecomm-milano-images.s3.amazonaws.com/E2231_Blue_2.jpg
E2231_Blue_3.jpg,E2231,NV7768,https://ecomm-milano-images.s3.amazonaws.com/E2231_Blue_3.jpg
E2233_Gold_1.jpg,E2233,NV7766,https://ecomm-milano-images.s3.amazonaws.com/E2233_Gold_1.jpg
E2241_Black_1.jpg,E2241,NV7758,https://ecomm-milano-images.s3.amazonaws.com/E2241_Black_1.jpg
E2241_Black_2.jpg,E2241,NV7758,https://ecomm-milano-images.s3.amazonaws.com/E2241_Black_2.jpg
E2241_Ivory_1.jpg,E2241,NV7758,https://ecomm-milano-images.s3.amazonaws.com/E2241_Ivory_1.jpg
E2241_Ivory_2.jpg,E2241,NV7758,https://ecomm-milano-images.s3.amazonaws.com/E2241_Ivory_2.jpg
E2243_Black-Red_1.jpg,E2243,NV7756,https://ecomm-milano-images.s3.amazonaws.com/E2243_Black-Red_1.jpg
E2243_Black-Red_2.jpg,E2243,NV7756,https://ecomm-milano-images.s3.amazonaws.com/E2243_Black-Red_2.jpg
E2243_Black-Red_3.jpg,E2243,NV7756,https://ecomm-milano-images.s3.amazonaws.com/E2243_Black-Red_3.jpg
E2243_Black-Red_4.jpg,E2243,NV7756,https://ecomm-milano-images.s3.amazonaws.com/E2243_Black-Red_4.jpg
E2244_Black_1.jpg,E2244,NV7755,https://ecomm-milano-images.s3.amazonaws.com/E2244_Black_1.jpg
E2244_Black_2.jpg,E2244,NV7755,https://ecomm-milano-images.s3.amazonaws.com/E2244_Black_2.jpg
E2245_Black-Green_1.jpg,E2245,NV7754,https://ecomm-milano-images.s3.amazonaws.com/E2245_Black-Green_1.jpg
E2245_Black-Green_2.jpg,E2245,NV7754,https://ecomm-milano-images.s3.amazonaws.com/E2245_Black-Green_2.jpg
E2251_Biscotti_1.jpg,E2251,NV7748,https://ecomm-milano-images.s3.amazonaws.com/E2251_Biscotti_1.jpg
E2251_Biscotti_2.jpg,E2251,NV7748,https://ecomm-milano-images.s3.amazonaws.com/E2251_Biscotti_2.jpg
E2251_Biscotti_3.jpg,E2251,NV7748,https://ecomm-milano-images.s3.amazonaws.com/E2251_Biscotti_3.jpg
E2251_Biscotti_4.jpg,E2251,NV7748,https://ecomm-milano-images.s3.amazonaws.com/E2251_Biscotti_4.jpg
E2252_Purple_1.jpg,E2252,NV7747,https://ecomm-milano-images.s3.amazonaws.com/E2252_Purple_1.jpg
E2252_Purple_2.jpg,E2252,NV7747,https://ecomm-milano-images.s3.amazonaws.com/E2252_Purple_2.jpg
E2252_Purple_3.jpg,E2252,NV7747,https://ecomm-milano-images.s3.amazonaws.com/E2252_Purple_3.jpg
E2253_Red_1.jpg,E2253,NV7746,https://ecomm-milano-images.s3.amazonaws.com/E2253_Red_1.jpg
E2253_Red_2.jpg,E2253,NV7746,https://ecomm-milano-images.s3.amazonaws.com/E2253_Red_2.jpg
E2253_Red_3.jpg,E2253,NV7746,https://ecomm-milano-images.s3.amazonaws.com/E2253_Red_3.jpg
E2253_Red_4.jpg,E2253,NV7746,https://ecomm-milano-images.s3.amazonaws.com/E2253_Red_4.jpg
E2253_Red_5.jpg,E2253,NV7746,https://ecomm-milano-images.s3.amazonaws.com/E2253_Red_5.jpg
E2254_Navy_1.jpg,E2254,NV7745,https://ecomm-milano-images.s3.amazonaws.com/E2254_Navy_1.jpg
E2254_Navy_2.jpg,E2254,NV7745,https://ecomm-milano-images.s3.amazonaws.com/E2254_Navy_2.jpg
E2255_Fuschia_1.jpg,E2255,NV7744,https://ecomm-milano-images.s3.amazonaws.com/E2255_Fuschia_1.jpg
E2255_Fuschia_2.jpg,E2255,NV7744,https://ecomm-milano-images.s3.amazonaws.com/E2255_Fuschia_2.jpg
E2255_Fuschia_3.jpg,E2255,NV7744,https://ecomm-milano-images.s3.amazonaws.com/E2255_Fuschia_3.jpg
E2255_Fuschia_4.jpg,E2255,NV7744,https://ecomm-milano-images.s3.amazonaws.com/E2255_Fuschia_4.jpg
E2255_Fuschia_5.jpg,E2255,NV7744,https://ecomm-milano-images.s3.amazonaws.com/E2255_Fuschia_5.jpg
E2255_Fuschia_6.jpg,E2255,NV7744,https://ecomm-milano-images.s3.amazonaws.com/E2255_Fuschia_6.jpg
E2255_Fuschia_7.jpg,E2255,NV7744,https://ecomm-milano-images.s3.amazonaws.com/E2255_Fuschia_7.jpg
E2255_Fuschia_8.jpg,E2255,NV7744,https://ecomm-milano-images.s3.amazonaws.com/E2255_Fuschia_8.jpg
E2256_Royal_1.jpg,E2256,NV7743,https://ecomm-milano-images.s3.amazonaws.com/E2256_Royal_1.jpg
E2256_Royal_2.jpg,E2256,NV7743,https://ecomm-milano-images.s3.amazonaws.com/E2256_Royal_2.jpg
E2257_Burgundy_1.jpg,E2257,NV7742,https://ecomm-milano-images.s3.amazonaws.com/E2257_Burgundy_1.jpg
E2257_Burgundy_2.jpg,E2257,NV7742,https://ecomm-milano-images.s3.amazonaws.com/E2257_Burgundy_2.jpg
E2257_Burgundy_3.jpg,E2257,NV7742,https://ecomm-milano-images.s3.amazonaws.com/E2257_Burgundy_3.jpg
E2257_Burgundy_4.jpg,E2257,NV7742,https://ecomm-milano-images.s3.amazonaws.com/E2257_Burgundy_4.jpg
E2257_Burgundy_5.jpg,E2257,NV7742,https://ecomm-milano-images.s3.amazonaws.com/E2257_Burgundy_5.jpg
E2258_Charcoal_1.jpg,E2258,NV7741,https://ecomm-milano-images.s3.amazonaws.com/E2258_Charcoal_1.jpg
E2258_Charcoal_2.jpg,E2258,NV7741,https://ecomm-milano-images.s3.amazonaws.com/E2258_Charcoal_2.jpg
E2258_Charcoal_3.jpg,E2258,NV7741,https://ecomm-milano-images.s3.amazonaws.com/E2258_Charcoal_3.jpg
E2259_Wine_1.jpg,E2259,NV7740,https://ecomm-milano-images.s3.amazonaws.com/E2259_Wine_1.jpg
E2259_Wine_2.jpg,E2259,NV7740,https://ecomm-milano-images.s3.amazonaws.com/E2259_Wine_2.jpg
E2259_Wine_3.jpg,E2259,NV7740,https://ecomm-milano-images.s3.amazonaws.com/E2259_Wine_3.jpg
E2259_Wine_4.jpg,E2259,NV7740,https://ecomm-milano-images.s3.amazonaws.com/E2259_Wine_4.jpg
E2262_Black_1.jpg,E2262,NV7737,https://ecomm-milano-images.s3.amazonaws.com/E2262_Black_1.jpg
E2262_Black_2.jpg,E2262,NV7737,https://ecomm-milano-images.s3.amazonaws.com/E2262_Black_2.jpg
E2262_Black_3.jpg,E2262,NV7737,https://ecomm-milano-images.s3.amazonaws.com/E2262_Black_3.jpg
E2267_Royal-Blue_1.jpg,E2267,NV7732,https://ecomm-milano-images.s3.amazonaws.com/E2267_Royal-Blue_1.jpg
E2267_Royal-Blue_2.jpg,E2267,NV7732,https://ecomm-milano-images.s3.amazonaws.com/E2267_Royal-Blue_2.jpg
E2267_Royal-Blue_3.jpg,E2267,NV7732,https://ecomm-milano-images.s3.amazonaws.com/E2267_Royal-Blue_3.jpg
E2267_Royal-Blue_4.jpg,E2267,NV7732,https://ecomm-milano-images.s3.amazonaws.com/E2267_Royal-Blue_4.jpg
E2269_Nude_1.jpg,E2269,NV7730,https://ecomm-milano-images.s3.amazonaws.com/E2269_Nude_1.jpg
E2269_Nude_2.jpg,E2269,NV7730,https://ecomm-milano-images.s3.amazonaws.com/E2269_Nude_2.jpg
E2269_Nude_3.jpg,E2269,NV7730,https://ecomm-milano-images.s3.amazonaws.com/E2269_Nude_3.jpg
E2275_Royal_1.jpg,E2275,NV7724,https://ecomm-milano-images.s3.amazonaws.com/E2275_Royal_1.jpg
E2276_Gold_1.jpg,E2276,NV7723,https://ecomm-milano-images.s3.amazonaws.com/E2276_Gold_1.jpg
E2276_Gold_2.jpg,E2276,NV7723,https://ecomm-milano-images.s3.amazonaws.com/E2276_Gold_2.jpg
E2276_Gold_3.jpg,E2276,NV7723,https://ecomm-milano-images.s3.amazonaws.com/E2276_Gold_3.jpg
E2279_Burgundy_1.jpg,E2279,NV7720,https://ecomm-milano-images.s3.amazonaws.com/E2279_Burgundy_1.jpg
E2279_Burgundy_2.jpg,E2279,NV7720,https://ecomm-milano-images.s3.amazonaws.com/E2279_Burgundy_2.jpg
E2280_Pink_1.jpg,E2280,NV7719,https://ecomm-milano-images.s3.amazonaws.com/E2280_Pink_1.jpg
E2280_Pink_2.jpg,E2280,NV7719,https://ecomm-milano-images.s3.amazonaws.com/E2280_Pink_2.jpg
E2280_Pink_3.jpg,E2280,NV7719,https://ecomm-milano-images.s3.amazonaws.com/E2280_Pink_3.jpg
E2280_Pink_4.jpg,E2280,NV7719,https://ecomm-milano-images.s3.amazonaws.com/E2280_Pink_4.jpg
E2281_Purple_1.jpg,E2281,NV7718,https://ecomm-milano-images.s3.amazonaws.com/E2281_Purple_1.jpg
E2281_Purple_2.jpg,E2281,NV7718,https://ecomm-milano-images.s3.amazonaws.com/E2281_Purple_2.jpg
E2281_Purple_3.jpg,E2281,NV7718,https://ecomm-milano-images.s3.amazonaws.com/E2281_Purple_3.jpg
E2282_Yellow_1.jpg,E2282,NV7717,https://ecomm-milano-images.s3.amazonaws.com/E2282_Yellow_1.jpg
E2282_Yellow_2.jpg,E2282,NV7717,https://ecomm-milano-images.s3.amazonaws.com/E2282_Yellow_2.jpg
E2287_Coral_1.jpg,E2287,NV7712,https://ecomm-milano-images.s3.amazonaws.com/E2287_Coral_1.jpg
E2287_Coral_2.jpg,E2287,NV7712,https://ecomm-milano-images.s3.amazonaws.com/E2287_Coral_2.jpg
E2289_Lavneder_1.jpg,E2289,NV7710,https://ecomm-milano-images.s3.amazonaws.com/E2289_Lavneder_1.jpg
E2291_Black-Gold_1.jpg,E2291,NV7708,https://ecomm-milano-images.s3.amazonaws.com/E2291_Black-Gold_1.jpg
E2291_Black-Gold_2.jpg,E2291,NV7708,https://ecomm-milano-images.s3.amazonaws.com/E2291_Black-Gold_2.jpg
E2292_Red_1.jpg,E2292,NV7707,https://ecomm-milano-images.s3.amazonaws.com/E2292_Red_1.jpg
E2292_Red_2.jpg,E2292,NV7707,https://ecomm-milano-images.s3.amazonaws.com/E2292_Red_2.jpg
E2296_Green-Purple_1.jpg,E2296,NV7703,https://ecomm-milano-images.s3.amazonaws.com/E2296_Green-Purple_1.jpg
E2296_Green-Purple_2.jpg,E2296,NV7703,https://ecomm-milano-images.s3.amazonaws.com/E2296_Green-Purple_2.jpg
E2317_Navy_1.jpg,E2317,NV7682,https://ecomm-milano-images.s3.amazonaws.com/E2317_Navy_1.jpg
E2318_Blue_1.jpg,E2318,NV7681,https://ecomm-milano-images.s3.amazonaws.com/E2318_Blue_1.jpg
E2318_Blue_2.jpg,E2318,NV7681,https://ecomm-milano-images.s3.amazonaws.com/E2318_Blue_2.jpg
E2320_Multi_1.jpg,E2320,NV7679,https://ecomm-milano-images.s3.amazonaws.com/E2320_Multi_1.jpg
E2320_Multi_2.jpg,E2320,NV7679,https://ecomm-milano-images.s3.amazonaws.com/E2320_Multi_2.jpg
E2320_Multi_3.jpg,E2320,NV7679,https://ecomm-milano-images.s3.amazonaws.com/E2320_Multi_3.jpg
E2322_Blush_1.jpg,E2322,NV7677,https://ecomm-milano-images.s3.amazonaws.com/E2322_Blush_1.jpg
E2322_Teal_1.jpg,E2322,NV7677,https://ecomm-milano-images.s3.amazonaws.com/E2322_Teal_1.jpg
E2322_Teal_2.jpg,E2322,NV7677,https://ecomm-milano-images.s3.amazonaws.com/E2322_Teal_2.jpg
E2324_Pink_1.jpg,E2324,NV7675,https://ecomm-milano-images.s3.amazonaws.com/E2324_Pink_1.jpg
E2324_Pink_2.jpg,E2324,NV7675,https://ecomm-milano-images.s3.amazonaws.com/E2324_Pink_2.jpg
E2324_Pink_3.jpg,E2324,NV7675,https://ecomm-milano-images.s3.amazonaws.com/E2324_Pink_3.jpg
E2326_Black-Red_1.jpg,E2326,NV7673,https://ecomm-milano-images.s3.amazonaws.com/E2326_Black-Red_1.jpg
E2326_Black-Red_2.jpg,E2326,NV7673,https://ecomm-milano-images.s3.amazonaws.com/E2326_Black-Red_2.jpg
E2327_Black-Red_1.jpg,E2327,NV7672,https://ecomm-milano-images.s3.amazonaws.com/E2327_Black-Red_1.jpg
E2327_Black-Red_2.jpg,E2327,NV7672,https://ecomm-milano-images.s3.amazonaws.com/E2327_Black-Red_2.jpg
E2328_Black_1.jpg,E2328,NV7671,https://ecomm-milano-images.s3.amazonaws.com/E2328_Black_1.jpg
E2328_Black_2.jpg,E2328,NV7671,https://ecomm-milano-images.s3.amazonaws.com/E2328_Black_2.jpg
E2329_Black_1.jpg,E2329,NV7670,https://ecomm-milano-images.s3.amazonaws.com/E2329_Black_1.jpg
E2329_Black_2.jpg,E2329,NV7670,https://ecomm-milano-images.s3.amazonaws.com/E2329_Black_2.jpg
E2331_Red_1.jpg,E2331,NV7668,https://ecomm-milano-images.s3.amazonaws.com/E2331_Red_1.jpg
E2331_Red_2.jpg,E2331,NV7668,https://ecomm-milano-images.s3.amazonaws.com/E2331_Red_2.jpg
E2333_Navy_1.jpg,E2333,NV7666,https://ecomm-milano-images.s3.amazonaws.com/E2333_Navy_1.jpg
E2333_Navy_2.jpg,E2333,NV7666,https://ecomm-milano-images.s3.amazonaws.com/E2333_Navy_2.jpg
E2334_Print_1.jpg,E2334,NV7665,https://ecomm-milano-images.s3.amazonaws.com/E2334_Print_1.jpg
E2334_Print_2.jpg,E2334,NV7665,https://ecomm-milano-images.s3.amazonaws.com/E2334_Print_2.jpg
E2335_Royal_1.jpg,E2335,NV7664,https://ecomm-milano-images.s3.amazonaws.com/E2335_Royal_1.jpg
E2335_Royal_2.jpg,E2335,NV7664,https://ecomm-milano-images.s3.amazonaws.com/E2335_Royal_2.jpg
E2335_Royal_3.jpg,E2335,NV7664,https://ecomm-milano-images.s3.amazonaws.com/E2335_Royal_3.jpg
E2335_Royal_4.jpg,E2335,NV7664,https://ecomm-milano-images.s3.amazonaws.com/E2335_Royal_4.jpg
E2336_Rose_1.jpg,E2336,NV7663,https://ecomm-milano-images.s3.amazonaws.com/E2336_Rose_1.jpg
E2336_Rose_2.jpg,E2336,NV7663,https://ecomm-milano-images.s3.amazonaws.com/E2336_Rose_2.jpg
E2340_Rose_1.jpg,E2340,NV7659,https://ecomm-milano-images.s3.amazonaws.com/E2340_Rose_1.jpg
E2344_Black-Nude_1.jpg,E2344,NV7655,https://ecomm-milano-images.s3.amazonaws.com/E2344_Black-Nude_1.jpg
E2346_Gold_1.jpg,E2346,NV7653,https://ecomm-milano-images.s3.amazonaws.com/E2346_Gold_1.jpg
E2346_Gold_2.jpg,E2346,NV7653,https://ecomm-milano-images.s3.amazonaws.com/E2346_Gold_2.jpg
E2356_Black-Print_1.jpg,E2356,NV7643,https://ecomm-milano-images.s3.amazonaws.com/E2356_Black-Print_1.jpg
E2356_Black-Print_2.jpg,E2356,NV7643,https://ecomm-milano-images.s3.amazonaws.com/E2356_Black-Print_2.jpg
E2360_Purple Print_2.jpg,E2360,NV7639,https://ecomm-milano-images.s3.amazonaws.com/E2360_Purple Print_2.jpg
E2360_Purple-Print_1.jpg,E2360,NV7639,https://ecomm-milano-images.s3.amazonaws.com/E2360_Purple-Print_1.jpg
E2360_Purple-Print_3.jpg,E2360,NV7639,https://ecomm-milano-images.s3.amazonaws.com/E2360_Purple-Print_3.jpg
E2366_Black-Gold_1.jpg,E2366,NV7633,https://ecomm-milano-images.s3.amazonaws.com/E2366_Black-Gold_1.jpg
E2385_Black-Gold_1.jpg,E2385,NV7614,https://ecomm-milano-images.s3.amazonaws.com/E2385_Black-Gold_1.jpg
E2385_Black-Gold_2.jpg,E2385,NV7614,https://ecomm-milano-images.s3.amazonaws.com/E2385_Black-Gold_2.jpg
E2385_Black-Gold_3.jpg,E2385,NV7614,https://ecomm-milano-images.s3.amazonaws.com/E2385_Black-Gold_3.jpg
E2388_Black-Green_1.jpg,E2388,NV7611,https://ecomm-milano-images.s3.amazonaws.com/E2388_Black-Green_1.jpg
E2388_Black-Green_2.jpg,E2388,NV7611,https://ecomm-milano-images.s3.amazonaws.com/E2388_Black-Green_2.jpg
E2388_Black-Green_3.jpg,E2388,NV7611,https://ecomm-milano-images.s3.amazonaws.com/E2388_Black-Green_3.jpg
E2388_Black-Green_4.jpg,E2388,NV7611,https://ecomm-milano-images.s3.amazonaws.com/E2388_Black-Green_4.jpg
E2388_Black-Green_5.jpg,E2388,NV7611,https://ecomm-milano-images.s3.amazonaws.com/E2388_Black-Green_5.jpg
E2389_Purple_1.jpg,E2389,NV7610,https://ecomm-milano-images.s3.amazonaws.com/E2389_Purple_1.jpg
E2394_Ivory-Print_1.jpg,E2394,NV7605,https://ecomm-milano-images.s3.amazonaws.com/E2394_Ivory-Print_1.jpg
E2395_Red_1.jpg,E2395,NV7604,https://ecomm-milano-images.s3.amazonaws.com/E2395_Red_1.jpg
E2395_Red_2.jpg,E2395,NV7604,https://ecomm-milano-images.s3.amazonaws.com/E2395_Red_2.jpg
E2403_Silver_1.jpg,E2403,NV7596,https://ecomm-milano-images.s3.amazonaws.com/E2403_Silver_1.jpg
E2403_Silver_2.jpg,E2403,NV7596,https://ecomm-milano-images.s3.amazonaws.com/E2403_Silver_2.jpg
E2403_Silver_3.jpg,E2403,NV7596,https://ecomm-milano-images.s3.amazonaws.com/E2403_Silver_3.jpg
E2403_Silver_4.jpg,E2403,NV7596,https://ecomm-milano-images.s3.amazonaws.com/E2403_Silver_4.jpg
E2405_Black_1.jpg,E2405,NV7594,https://ecomm-milano-images.s3.amazonaws.com/E2405_Black_1.jpg
E2410_Nude_1.jpg,E2410,NV7589,https://ecomm-milano-images.s3.amazonaws.com/E2410_Nude_1.jpg
E2410_Nude_2.jpg,E2410,NV7589,https://ecomm-milano-images.s3.amazonaws.com/E2410_Nude_2.jpg
E2410_Nude_4.jpg,E2410,NV7589,https://ecomm-milano-images.s3.amazonaws.com/E2410_Nude_4.jpg
E2426_Navy_1.jpg,E2426,NV7573,https://ecomm-milano-images.s3.amazonaws.com/E2426_Navy_1.jpg
E2428_Navy_1.jpg,E2428,NV7571,https://ecomm-milano-images.s3.amazonaws.com/E2428_Navy_1.jpg
E2430_Silver-blue_1.jpg,E2430,NV7569,https://ecomm-milano-images.s3.amazonaws.com/E2430_Silver-blue_1.jpg
E2430_Silver-blue_2.jpg,E2430,NV7569,https://ecomm-milano-images.s3.amazonaws.com/E2430_Silver-blue_2.jpg
E2431_Red_1.jpg,E2431,NV7568,https://ecomm-milano-images.s3.amazonaws.com/E2431_Red_1.jpg
E2431_Red_2.jpg,E2431,NV7568,https://ecomm-milano-images.s3.amazonaws.com/E2431_Red_2.jpg
E2431_Red_3.jpg,E2431,NV7568,https://ecomm-milano-images.s3.amazonaws.com/E2431_Red_3.jpg
E2431_Red_4.jpg,E2431,NV7568,https://ecomm-milano-images.s3.amazonaws.com/E2431_Red_4.jpg
E2433_Black-Print_1.jpg,E2433,NV7566,https://ecomm-milano-images.s3.amazonaws.com/E2433_Black-Print_1.jpg
E2433_Black-Print_3.jpg,E2433,NV7566,https://ecomm-milano-images.s3.amazonaws.com/E2433_Black-Print_3.jpg
E2434_Red-Print_1.jpg,E2434,NV7565,https://ecomm-milano-images.s3.amazonaws.com/E2434_Red-Print_1.jpg
E2434_Red-Print_3.jpg,E2434,NV7565,https://ecomm-milano-images.s3.amazonaws.com/E2434_Red-Print_3.jpg
E2434_Red-Print_5.jpg,E2434,NV7565,https://ecomm-milano-images.s3.amazonaws.com/E2434_Red-Print_5.jpg
E2436_Black-print_1.jpg,E2436,NV7563,https://ecomm-milano-images.s3.amazonaws.com/E2436_Black-print_1.jpg
E2436_Black-print_2.jpg,E2436,NV7563,https://ecomm-milano-images.s3.amazonaws.com/E2436_Black-print_2.jpg
E2437_Navy-Print_1.jpg,E2437,NV7562,https://ecomm-milano-images.s3.amazonaws.com/E2437_Navy-Print_1.jpg
E2448_Apricot_1.jpg,E2448,NV7551,https://ecomm-milano-images.s3.amazonaws.com/E2448_Apricot_1.jpg
E2448_Apricot_2.jpg,E2448,NV7551,https://ecomm-milano-images.s3.amazonaws.com/E2448_Apricot_2.jpg
E2449_Green_1.jpg,E2449,NV7550,https://ecomm-milano-images.s3.amazonaws.com/E2449_Green_1.jpg
E2460_Black_1.jpg,E2460,NV7539,https://ecomm-milano-images.s3.amazonaws.com/E2460_Black_1.jpg
E2460_Black_2.jpg,E2460,NV7539,https://ecomm-milano-images.s3.amazonaws.com/E2460_Black_2.jpg
E2460_Black_3.jpg,E2460,NV7539,https://ecomm-milano-images.s3.amazonaws.com/E2460_Black_3.jpg
E2460_Black_4.jpg,E2460,NV7539,https://ecomm-milano-images.s3.amazonaws.com/E2460_Black_4.jpg
E2493_Lavender_1.jpg,E2493,NV7506,https://ecomm-milano-images.s3.amazonaws.com/E2493_Lavender_1.jpg
E2498_Blue_1.jpg,E2498,NV7501,https://ecomm-milano-images.s3.amazonaws.com/E2498_Blue_1.jpg
E2500_Blush_1.jpg,E2500,NV7499,https://ecomm-milano-images.s3.amazonaws.com/E2500_Blush_1.jpg
E2509_Red_1.jpg,E2509,NV7490,https://ecomm-milano-images.s3.amazonaws.com/E2509_Red_1.jpg
E2510_Ivory_1.jpg,E2510,NV7489,https://ecomm-milano-images.s3.amazonaws.com/E2510_Ivory_1.jpg
E2510_Ivory_2.jpg,E2510,NV7489,https://ecomm-milano-images.s3.amazonaws.com/E2510_Ivory_2.jpg
E2510_Ivory_3.jpg,E2510,NV7489,https://ecomm-milano-images.s3.amazonaws.com/E2510_Ivory_3.jpg
E2510_Ivory_4.jpg,E2510,NV7489,https://ecomm-milano-images.s3.amazonaws.com/E2510_Ivory_4.jpg
E2511_Blue_1.jpg,E2511,NV7488,https://ecomm-milano-images.s3.amazonaws.com/E2511_Blue_1.jpg
E2513_Red_1.jpg,E2513,NV7486,https://ecomm-milano-images.s3.amazonaws.com/E2513_Red_1.jpg
E2514_Emerald_1.jpg,E2514,NV7485,https://ecomm-milano-images.s3.amazonaws.com/E2514_Emerald_1.jpg
E2517_Champagne_1.jpg,E2517,NV7482,https://ecomm-milano-images.s3.amazonaws.com/E2517_Champagne_1.jpg
E2526_Green_1.jpg,E2526,NV7473,https://ecomm-milano-images.s3.amazonaws.com/E2526_Green_1.jpg
E2527_Black_1.jpg,E2527,NV7472,https://ecomm-milano-images.s3.amazonaws.com/E2527_Black_1.jpg
E2531_Royal_1.jpg,E2531,NV7468,https://ecomm-milano-images.s3.amazonaws.com/E2531_Royal_1.jpg
E2532_Print_1.jpg,E2532,NV7467,https://ecomm-milano-images.s3.amazonaws.com/E2532_Print_1.jpg
E2534_Navy_1.jpg,E2534,NV7465,https://ecomm-milano-images.s3.amazonaws.com/E2534_Navy_1.jpg
E2534_Navy_2.jpg,E2534,NV7465,https://ecomm-milano-images.s3.amazonaws.com/E2534_Navy_2.jpg
E2535_Burgundy_1.jpg,E2535,NV7464,https://ecomm-milano-images.s3.amazonaws.com/E2535_Burgundy_1.jpg
E2537_Ivory_1.jpg,E2537,NV7462,https://ecomm-milano-images.s3.amazonaws.com/E2537_Ivory_1.jpg
E2537_Ivory_2.jpg,E2537,NV7462,https://ecomm-milano-images.s3.amazonaws.com/E2537_Ivory_2.jpg
E2540_Teal_1.jpg,E2540,NV7459,https://ecomm-milano-images.s3.amazonaws.com/E2540_Teal_1.jpg
E2543_Black_1.jpg,E2543,NV7456,https://ecomm-milano-images.s3.amazonaws.com/E2543_Black_1.jpg
E2544_Red_1.jpg,E2544,NV7455,https://ecomm-milano-images.s3.amazonaws.com/E2544_Red_1.jpg
E2545_Green_1.jpg,E2545,NV7454,https://ecomm-milano-images.s3.amazonaws.com/E2545_Green_1.jpg
E2547_Royal_1.jpg,E2547,NV7452,https://ecomm-milano-images.s3.amazonaws.com/E2547_Royal_1.jpg
E2549_Black Green_1.jpg,E2549,NV7450,https://ecomm-milano-images.s3.amazonaws.com/E2549_Black Green_1.jpg
E2550_Red_1.jpg,E2550,NV7449,https://ecomm-milano-images.s3.amazonaws.com/E2550_Red_1.jpg
E2551_Red_1.jpg,E2551,NV7448,https://ecomm-milano-images.s3.amazonaws.com/E2551_Red_1.jpg
E2553_Red_1.jpg,E2553,NV7446,https://ecomm-milano-images.s3.amazonaws.com/E2553_Red_1.jpg
E2554_Gold_1.jpg,E2554,NV7445,https://ecomm-milano-images.s3.amazonaws.com/E2554_Gold_1.jpg
E2560_Navy_1.jpg,E2560,NV7439,https://ecomm-milano-images.s3.amazonaws.com/E2560_Navy_1.jpg
E2560_Navy_2.jpg,E2560,NV7439,https://ecomm-milano-images.s3.amazonaws.com/E2560_Navy_2.jpg
E2560_Navy_3.jpg,E2560,NV7439,https://ecomm-milano-images.s3.amazonaws.com/E2560_Navy_3.jpg
E2560_Navy_4.jpg,E2560,NV7439,https://ecomm-milano-images.s3.amazonaws.com/E2560_Navy_4.jpg
E2560_Navy_5.jpg,E2560,NV7439,https://ecomm-milano-images.s3.amazonaws.com/E2560_Navy_5.jpg
E2568_Aqua_1.jpg,E2568,NV7431,https://ecomm-milano-images.s3.amazonaws.com/E2568_Aqua_1.jpg
E2570_Burgundy_1.jpg,E2570,NV7429,https://ecomm-milano-images.s3.amazonaws.com/E2570_Burgundy_1.jpg
E2572_Black_1.jpg,E2572,NV7427,https://ecomm-milano-images.s3.amazonaws.com/E2572_Black_1.jpg
E2574_Black_1.jpg,E2574,NV7425,https://ecomm-milano-images.s3.amazonaws.com/E2574_Black_1.jpg
E2589_Black_1.jpg,E2589,NV7410,https://ecomm-milano-images.s3.amazonaws.com/E2589_Black_1.jpg
E2590_Rose_1.jpg,E2590,NV7409,https://ecomm-milano-images.s3.amazonaws.com/E2590_Rose_1.jpg
E2593_Navy_1.jpg,E2593,NV7406,https://ecomm-milano-images.s3.amazonaws.com/E2593_Navy_1.jpg
E2600_RED_1.jpg,E2600,NV7399,https://ecomm-milano-images.s3.amazonaws.com/E2600_RED_1.jpg
E2600_RED_2.jpg,E2600,NV7399,https://ecomm-milano-images.s3.amazonaws.com/E2600_RED_2.jpg
E2600_RED_3.jpg,E2600,NV7399,https://ecomm-milano-images.s3.amazonaws.com/E2600_RED_3.jpg
E2600_RED_4.jpg,E2600,NV7399,https://ecomm-milano-images.s3.amazonaws.com/E2600_RED_4.jpg
E2601_Emerald_1.jpg,E2601,NV7398,https://ecomm-milano-images.s3.amazonaws.com/E2601_Emerald_1.jpg
E2601_Emerald_2.jpg,E2601,NV7398,https://ecomm-milano-images.s3.amazonaws.com/E2601_Emerald_2.jpg
E2601_Emerald_3.jpg,E2601,NV7398,https://ecomm-milano-images.s3.amazonaws.com/E2601_Emerald_3.jpg
E2602_Mint_1.jpg,E2602,NV7397,https://ecomm-milano-images.s3.amazonaws.com/E2602_Mint_1.jpg
E2602_Mint_2.jpg,E2602,NV7397,https://ecomm-milano-images.s3.amazonaws.com/E2602_Mint_2.jpg
E2602_Mint_3.jpg,E2602,NV7397,https://ecomm-milano-images.s3.amazonaws.com/E2602_Mint_3.jpg
E2613_Mauve_1.jpg,E2613,NV7386,https://ecomm-milano-images.s3.amazonaws.com/E2613_Mauve_1.jpg
E2614_Navy Blue_1.jpg,E2614,NV7385,https://ecomm-milano-images.s3.amazonaws.com/E2614_Navy Blue_1.jpg
E2615_Claret_1.jpg,E2615,NV7384,https://ecomm-milano-images.s3.amazonaws.com/E2615_Claret_1.jpg
E2701_Rose_1.jpg,E2701,NV7298,https://ecomm-milano-images.s3.amazonaws.com/E2701_Rose_1.jpg
E2705_Gold_1.jpg,E2705,NV7294,https://ecomm-milano-images.s3.amazonaws.com/E2705_Gold_1.jpg
E2708_Navy_1.jpg,E2708,NV7291,https://ecomm-milano-images.s3.amazonaws.com/E2708_Navy_1.jpg
E2752_Green_1.jpg,E2752,NV7247,https://ecomm-milano-images.s3.amazonaws.com/E2752_Green_1.jpg
E2753_Turquoise_1.jpg,E2753,NV7246,https://ecomm-milano-images.s3.amazonaws.com/E2753_Turquoise_1.jpg
E2754_Navy_1.jpg,E2754,NV7245,https://ecomm-milano-images.s3.amazonaws.com/E2754_Navy_1.jpg
E2764_Royal_1.jpg,E2764,NV7235,https://ecomm-milano-images.s3.amazonaws.com/E2764_Royal_1.jpg
E2767_Wine_1.jpg,E2767,NV7232,https://ecomm-milano-images.s3.amazonaws.com/E2767_Wine_1.jpg
E2768_Navy_1.jpg,E2768,NV7231,https://ecomm-milano-images.s3.amazonaws.com/E2768_Navy_1.jpg
E2769_Royal_1.jpg,E2769,NV7230,https://ecomm-milano-images.s3.amazonaws.com/E2769_Royal_1.jpg
E2770_Red_1.jpg,E2770,NV7229,https://ecomm-milano-images.s3.amazonaws.com/E2770_Red_1.jpg
E2773_Light-Gold_1.jpg,E2773,NV7226,https://ecomm-milano-images.s3.amazonaws.com/E2773_Light-Gold_1.jpg
E2774_Black_1.jpg,E2774,NV7225,https://ecomm-milano-images.s3.amazonaws.com/E2774_Black_1.jpg
E2785_Gold_1.jpg,E2785,NV7214,https://ecomm-milano-images.s3.amazonaws.com/E2785_Gold_1.jpg
E2786_Purple_1.jpg,E2786,NV7213,https://ecomm-milano-images.s3.amazonaws.com/E2786_Purple_1.jpg
F1116_Silver_1.jpg,F1116,B8883,https://ecomm-milano-images.s3.amazonaws.com/F1116_Silver_1.jpg
F1116_Silver_2.jpg,F1116,B8883,https://ecomm-milano-images.s3.amazonaws.com/F1116_Silver_2.jpg
F1116_Silver_3.jpg,F1116,B8883,https://ecomm-milano-images.s3.amazonaws.com/F1116_Silver_3.jpg
F570_Skyblue_1.jpg,F570,B429,https://ecomm-milano-images.s3.amazonaws.com/F570_Skyblue_1.jpg
F570_Skyblue_2.jpg,F570,B429,https://ecomm-milano-images.s3.amazonaws.com/F570_Skyblue_2.jpg
F570_Teal_1.jpg,F570,B429,https://ecomm-milano-images.s3.amazonaws.com/F570_Teal_1.jpg
