Code,Color,Size,Brand,Quantity
AA9270,APPLE RED,12,ANDY ANAND COUTURE,1
AA9270,BURGUNDY,6,ANDY ANAND COUTURE,2
AA9270,IVORY,12,ANDY ANAND COUTURE,1
AA9270,LAVENDER,6,ANDY ANAND COUTURE,1
AA9270,LAVENDER,8,ANDY ANAND COUTURE,1
AA9270,LAVENDER,12,ANDY ANAND COUTURE,5
AA9270,LAVENDER,14,ANDY ANAND COUTURE,1
AA9270,WHITE,2,ANDY ANAND COUTURE,1
AA9270,WHITE,6,ANDY ANAND COUTURE,2
AA9270,WHITE,12,ANDY ANAND COUTURE,1
AA9270,WHITE,18,ANDY ANAND COUTURE,1
AA9270,WHITE BURGUNDY,6,ANDY ANAND COUTURE,1
AA9270,WHITE BURGUNDY,14,ANDY ANAND COUTURE,1
AA9270,WHITE NAVY,12,ANDY ANAND COUTURE,2
AA9270,WHITE NAVY,22,ANDY ANAND COUTURE,1
AA9270,WHITE/BURGUNDY,0,ANDY ANAND COUTURE,2
AA9270,WHITE/BURGUNDY,6,ANDY ANAND COUTURE,1
AA9270,WHITE/BURGUNDY,8,ANDY ANAND COUTURE,1
AA9270,WHITE/BURGUNDY,12,ANDY ANAND COUTURE,2
AA9270,WHITE/BURGUNDY,14,ANDY ANAND COUTURE,1
AA9270,WHITE/BURGUNDY,18,ANDY ANAND COUTURE,2
AA9270,WHITE/IVORY,6,ANDY ANAND COUTURE,1
AA9270,WHITE/IVORY,8,ANDY ANAND COUTURE,1
AA9270,WHITE/IVORY,12,ANDY ANAND COUTURE,1
AA9270,WHITE/IVORY,16,ANDY ANAND COUTURE,2
AA9270,WHITE/IVORY,24,ANDY ANAND COUTURE,2
AA9270,WHITE/NAVY,6,ANDY ANAND COUTURE,4
AA9270,WHITE/NAVY,8,ANDY ANAND COUTURE,7
AA9270,WHITE/NAVY,9,ANDY ANAND COUTURE,1
AA9270,WHITE/NAVY,10,ANDY ANAND COUTURE,7
AA9270,WHITE/NAVY,12,ANDY ANAND COUTURE,3
AA9270,WHITE/NAVY,14,ANDY ANAND COUTURE,1
AA9270,WHITE/NAVY,16,ANDY ANAND COUTURE,4
AA9270,WHITE/NAVY,22,ANDY ANAND COUTURE,1
AA9270,WHITE/NAVY,24,ANDY ANAND COUTURE,3
AA9270,WHITE/NAVY,26,ANDY ANAND COUTURE,1
AA9270,WHITE/RED,6,ANDY ANAND COUTURE,6
AA9308,IVORY,4,ANDY ANAND COUTURE,2
AA9308,IVORY,6,ANDY ANAND COUTURE,1
AA9308,WHITE,4,ANDY ANAND COUTURE,4
AA9308,WHITE,6,ANDY ANAND COUTURE,3
AA9308,WHITE,8,ANDY ANAND COUTURE,1
AA9308,WHITE,10,ANDY ANAND COUTURE,2
AA9308,WHITE,14,ANDY ANAND COUTURE,6
AA9308,WHITE,16,ANDY ANAND COUTURE,17
AA9315,IVORY,2,ANDY ANAND COUTURE,1
AA9315,IVORY,4,ANDY ANAND COUTURE,7
AA9315,IVORY,6,ANDY ANAND COUTURE,3
AA9315,IVORY,8,ANDY ANAND COUTURE,1
AA9315,IVORY,10,ANDY ANAND COUTURE,3
AA9315,IVORY,12,ANDY ANAND COUTURE,2
AA9315,IVORY,14,ANDY ANAND COUTURE,1
AA9315,IVORY,16,ANDY ANAND COUTURE,2
AA9315,WHITE,4,ANDY ANAND COUTURE,6
AA9315,WHITE,6,ANDY ANAND COUTURE,3
AA9315,WHITE,8,ANDY ANAND COUTURE,5
AA9315,WHITE,10,ANDY ANAND COUTURE,4
AA9315,WHITE,12,ANDY ANAND COUTURE,3
AA9315,WHITE,14,ANDY ANAND COUTURE,1
AA9315,WHITE/IVORY,6,ANDY ANAND COUTURE,1
B8608,LILAC,8,MILANO FORMALS,9
B8608,LILAC,10,MILANO FORMALS,9
B8608,LILAC,12,MILANO FORMALS,6
B8608,LILAC,14,MILANO FORMALS,5
B8608,LILAC,18,MILANO FORMALS,3
B8608,LILAC,22,MILANO FORMALS,5
B8608,PINK,8,MILANO FORMALS,3
B8608,PINK,12,MILANO FORMALS,3
B8608,PINK,14,MILANO FORMALS,9
B8608,PINK,18,MILANO FORMALS,2
B8608,SKY BLUE,8,MILANO FORMALS,10
B8608,SKY BLUE,10,MILANO FORMALS,9
B8608,SKY BLUE,12,MILANO FORMALS,9
B8608,SKY BLUE,14,MILANO FORMALS,7
B8608,SKY BLUE,18,MILANO FORMALS,6
B8608,SKY BLUE,22,MILANO FORMALS,6
B8808,BLACK,30,MILANO FORMALS,1
B8808,IVORY,8,MILANO FORMALS,25
B8808,IVORY/BLACK,8,MILANO FORMALS,1
B8808,IVORY/NAVY,8,MILANO FORMALS,10
B8808,IVORY/NAVY,10,MILANO FORMALS,3
B8808,IVORY/NAVY,12,MILANO FORMALS,6
B8808,IVORY/NAVY,14,MILANO FORMALS,4
B8808,NAVY/IVORY,8,MILANO FORMALS,9
B8808,NAVY/IVORY,10,MILANO FORMALS,3
B8808,NAVY/IVORY,12,MILANO FORMALS,1
B8808,TRUFFLE,8,MILANO FORMALS,2
B8808,TRUFFLE,10,MILANO FORMALS,3
B8808,WHITE,4,MILANO FORMALS,1
B8865,BROWN,10,MILANO FORMALS,1
B8865,CLARET,4,MILANO FORMALS,6
B8865,CLARET,6,MILANO FORMALS,7
B8865,CLARET,8,MILANO FORMALS,3
B8865,CLARET,10,MILANO FORMALS,11
B8865,CLARET,12,MILANO FORMALS,1
B8865,CLARET,14,MILANO FORMALS,2
B8865,CLARET,16,MILANO FORMALS,1
B8865,CLARET,18,MILANO FORMALS,3
B8865,CLARET,22,MILANO FORMALS,5
B8865,CLARET,26,MILANO FORMALS,3
B8865,CLARET,34,MILANO FORMALS,4
B8865,CLARET,38,MILANO FORMALS,8
B8865,CLARET,40,MILANO FORMALS,2
B8865,IVORY,8,MILANO FORMALS,5
B8865,IVORY,10,MILANO FORMALS,8
B8865,IVORY,40,MILANO FORMALS,1
B8865,POOL,22,MILANO FORMALS,1
B8865,PURPLE,4,MILANO FORMALS,1
B8865,PURPLE,8,MILANO FORMALS,14
B8865,PURPLE,10,MILANO FORMALS,1
B8865,PURPLE,20,MILANO FORMALS,1
B8865,PURPLE,30,MILANO FORMALS,1
B8865,PURPLE,34,MILANO FORMALS,5
B8865,PURPLE,40,MILANO FORMALS,6
B8865,ROYAL,12,MILANO FORMALS,1
B8865,SAGE,38,MILANO FORMALS,3
B8865,SAGE,40,MILANO FORMALS,5
B8865,SANGRIA,2,MILANO FORMALS,1
B8865,SANGRIA,8,MILANO FORMALS,2
B8865,SANGRIA,30,MILANO FORMALS,1
B8865,SANGRIA,34,MILANO FORMALS,6
B8865,SANGRIA,38,MILANO FORMALS,7
B8865,SANGRIA,40,MILANO FORMALS,6
B8865,SILVER,8,MILANO FORMALS,1
B8865,SKY BLUE,38,MILANO FORMALS,4
B8865,SKY BLUE,40,MILANO FORMALS,4
B8865,TRUFFLE,4,MILANO FORMALS,7
B8865,TRUFFLE,6,MILANO FORMALS,5
B8865,TRUFFLE,8,MILANO FORMALS,29
B8865,TRUFFLE,10,MILANO FORMALS,2
B8865,TRUFFLE,12,MILANO FORMALS,12
B8865,TRUFFLE,14,MILANO FORMALS,1
B8865,TRUFFLE,20,MILANO FORMALS,1
B8865,TRUFFLE,22,MILANO FORMALS,1
B8865,TRUFFLE,24,MILANO FORMALS,3
B8865,TRUFFLE,26,MILANO FORMALS,2
B8865,TRUFFLE,28,MILANO FORMALS,1
B8865,TRUFFLE,30,MILANO FORMALS,1
B8865,TRUFFLE,34,MILANO FORMALS,2
B8865,WHITE,2,MILANO FORMALS,1
B8865,WHITE,4,MILANO FORMALS,4
B8865,WHITE,6,MILANO FORMALS,2
B8865,WHITE,8,MILANO FORMALS,7
B8865,WHITE,10,MILANO FORMALS,2
B8865,WHITE,12,MILANO FORMALS,7
B8865,WHITE,16,MILANO FORMALS,3
B8865,WHITE,20,MILANO FORMALS,1
B8865,WHITE,24,MILANO FORMALS,3
B8865,WHITE,28,MILANO FORMALS,2
B8865,WHITE,32,MILANO FORMALS,3
B8865,WHITE,34,MILANO FORMALS,2
B8865,WHITE,36,MILANO FORMALS,1
B8865,WHITE,40,MILANO FORMALS,2
B8998,APPLE RED,4,MILANO FORMALS,1
B8998,APPLE RED,10,MILANO FORMALS,2
B8998,APPLE RED,12,MILANO FORMALS,2
B8998,APPLE RED,14,MILANO FORMALS,3
B8998,APPLE RED,24,MILANO FORMALS,1
B8998,CHAMPAGNE,18,MILANO FORMALS,1
B8998,CLARET,4,MILANO FORMALS,9
B8998,CLARET,6,MILANO FORMALS,7
B8998,CLARET,8,MILANO FORMALS,4
B8998,CLARET,10,MILANO FORMALS,4
B8998,CLARET,16,MILANO FORMALS,6
B8998,CORAL,4,MILANO FORMALS,18
B8998,CORAL,6,MILANO FORMALS,5
B8998,CORAL,8,MILANO FORMALS,13
B8998,CORAL,10,MILANO FORMALS,3
B8998,CORAL,12,MILANO FORMALS,7
B8998,CORAL,14,MILANO FORMALS,1
B8998,CORAL,16,MILANO FORMALS,6
B8998,CORAL,22,MILANO FORMALS,1
B8998,CORAL,38,MILANO FORMALS,2
B8998,CORAL,40,MILANO FORMALS,1
B8998,LIGHT GREEN,2,MILANO FORMALS,1
B8998,LIGHT GREEN,8,MILANO FORMALS,8
B8998,POOL,4,MILANO FORMALS,1
B8998,POOL,8,MILANO FORMALS,4
B8998,POOL,10,MILANO FORMALS,5
B8998,POOL,12,MILANO FORMALS,3
B8998,POOL,14,MILANO FORMALS,1
B8998,RED,4,MILANO FORMALS,4
B8998,RED,6,MILANO FORMALS,1
B8998,RED,8,MILANO FORMALS,9
B8998,RED,10,MILANO FORMALS,6
B8998,RED,12,MILANO FORMALS,8
B8998,RED,20,MILANO FORMALS,1
B8998,ROYAL,4,MILANO FORMALS,2
B8998,ROYAL,6,MILANO FORMALS,5
B8998,ROYAL,8,MILANO FORMALS,2
B8998,ROYAL,12,MILANO FORMALS,2
B8998,SANGRIA,2,MILANO FORMALS,1
B8998,SANGRIA,4,MILANO FORMALS,4
B8998,SANGRIA,6,MILANO FORMALS,2
B8998,SANGRIA,8,MILANO FORMALS,4
B8998,SANGRIA,12,MILANO FORMALS,3
B8998,SANGRIA,14,MILANO FORMALS,1
B8998,SANGRIA,18,MILANO FORMALS,3
B8998,SANGRIA,20,MILANO FORMALS,3
B8998,SANGRIA,34,MILANO FORMALS,1
B8998,SANGRIA,38,MILANO FORMALS,1
B8998,TRUFFLE,8,MILANO FORMALS,9
B8998,TRUFFLE,10,MILANO FORMALS,1
B8998,TRUFFLE,12,MILANO FORMALS,2
B8998,WHITE,2,MILANO FORMALS,1
B8998,WHITE,4,MILANO FORMALS,15
B8998,WHITE,6,MILANO FORMALS,1
B8998,WHITE,8,MILANO FORMALS,16
B8998,WHITE,10,MILANO FORMALS,2
B8998,WHITE,12,MILANO FORMALS,2
B8998,WHITE,18,MILANO FORMALS,1
B8998,WINE,22,MILANO FORMALS,1
B9000,BURGUNDY,8,MILANO FORMALS,7
B9000,BURGUNDY,34,MILANO FORMALS,4
B9000,BURNT ORANGE,8,MILANO FORMALS,2
B9000,DUSTY PINK,8,MILANO FORMALS,15
B9000,DUSTY PINK,10,MILANO FORMALS,4
B9000,DUSTY PINK,12,MILANO FORMALS,3
B9000,DUSTY PINK,14,MILANO FORMALS,9
B9000,LILAC,8,MILANO FORMALS,16
B9000,LILAC,10,MILANO FORMALS,4
B9000,PURPLE,4,MILANO FORMALS,1
B9000,PURPLE,8,MILANO FORMALS,7
B9000,PURPLE,12,MILANO FORMALS,2
B9000,PURPLE,18,MILANO FORMALS,2
B9000,PURPLE,22,MILANO FORMALS,1
B9000,PURPLE,34,MILANO FORMALS,2
B9000,TRUFFLE,8,MILANO FORMALS,10
B9000,TRUFFLE,10,MILANO FORMALS,4
B9000,TRUFFLE,12,MILANO FORMALS,1
B9000,TRUFFLE,14,MILANO FORMALS,1
B9000,TRUFFLE,26,MILANO FORMALS,1
B9000,TRUFFLE,30,MILANO FORMALS,3
B9000,TRUFFLE,34,MILANO FORMALS,6
E1013,CLARET,10,MILANO FORMALS,7
E1013,FUCHSIA,4,MILANO FORMALS,1
E1013,FUCHSIA,10,MILANO FORMALS,2
E1013,LILAC,8,MILANO FORMALS,18
E1013,LILAC,12,MILANO FORMALS,2
E1013,LILAC,18,MILANO FORMALS,5
E1013,LILAC,22,MILANO FORMALS,1
E1013,LILAC,24,MILANO FORMALS,6
E1013,LILAC,30,MILANO FORMALS,2
E1013,PINK,4,MILANO FORMALS,1
E1013,SANGRIA,4,MILANO FORMALS,7
E1013,SANGRIA,6,MILANO FORMALS,1
E1013,SANGRIA,8,MILANO FORMALS,2
E1013,SANGRIA,10,MILANO FORMALS,2
E1013,SANGRIA,12,MILANO FORMALS,1
E1013,SANGRIA,24,MILANO FORMALS,1
E1013,SUNSHINE,10,MILANO FORMALS,1
E1013,SUNSHINE,12,MILANO FORMALS,3
E1013,SUNSHINE,14,MILANO FORMALS,5
E1013,SUNSHINE,20,MILANO FORMALS,5
E1013,SUNSHINE,22,MILANO FORMALS,3
E1013,TRUFFLE,4,MILANO FORMALS,2
E1013,TRUFFLE,6,MILANO FORMALS,4
E1013,TRUFFLE,8,MILANO FORMALS,5
E1013,TRUFFLE,10,MILANO FORMALS,5
E1013,TRUFFLE,12,MILANO FORMALS,11
E1013,TRUFFLE,16,MILANO FORMALS,1
E1013,TRUFFLE,20,MILANO FORMALS,7
E1013,TRUFFLE,24,MILANO FORMALS,4
E1168,BURGUNDY,6,MILANO FORMALS,1
E1168,BURGUNDY,8,MILANO FORMALS,5
E1168,BURGUNDY,10,MILANO FORMALS,3
E1168,LILAC,6,MILANO FORMALS,1
E1168,LILAC,20,MILANO FORMALS,1
E1168,LILAC,26,MILANO FORMALS,3
E1168,LILAC,30,MILANO FORMALS,3
E1168,NAVY,16,MILANO FORMALS,1
E1168,RED,12,MILANO FORMALS,1
E1168,SAGE,4,MILANO FORMALS,12
E1168,SAGE,6,MILANO FORMALS,7
E1168,SAGE,8,MILANO FORMALS,14
E1168,SAGE,10,MILANO FORMALS,3
E1168,SAGE,12,MILANO FORMALS,13
E1168,SAGE,16,MILANO FORMALS,7
E1168,SAGE,20,MILANO FORMALS,5
E1168,SAGE,24,MILANO FORMALS,7
E1168,SAGE,26,MILANO FORMALS,3
E1168,SAGE,30,MILANO FORMALS,3
E1168,TEAL,4,MILANO FORMALS,10
E1168,TEAL,6,MILANO FORMALS,4
E1168,TEAL,8,MILANO FORMALS,7
E1168,TEAL,16,MILANO FORMALS,8
E1168,TEAL,18,MILANO FORMALS,1
E1168,TEAL,20,MILANO FORMALS,3
E1168,TEAL,24,MILANO FORMALS,1
E1168,TRUFFLE,4,MILANO FORMALS,2
E1168,TRUFFLE,8,MILANO FORMALS,11
E1168,TRUFFLE,10,MILANO FORMALS,6
E1168,TRUFFLE,12,MILANO FORMALS,7
E1168,TRUFFLE,14,MILANO FORMALS,8
E1168,TRUFFLE,16,MILANO FORMALS,1
E1168,TRUFFLE,18,MILANO FORMALS,2
E1168,TRUFFLE,20,MILANO FORMALS,1
E1168,TRUFFLE,30,MILANO FORMALS,1
E1168,VICTORIA LILAC,14,MILANO FORMALS,1
E1168,VICTORIA LILAC,22,MILANO FORMALS,2
E1194,FUCHSIA,8,MILANO FORMALS,14
E1194,FUCHSIA,10,MILANO FORMALS,2
E1194,FUCHSIA,12,MILANO FORMALS,1
E1194,FUCHSIA,14,MILANO FORMALS,4
E1194,FUCHSIA,38,MILANO FORMALS,1
E1194,SKY BLUE,4,MILANO FORMALS,1
E1194,SKY BLUE,8,MILANO FORMALS,1
E1194,SKY BLUE,40,MILANO FORMALS,3
E1194,TEAL,4,MILANO FORMALS,6
E1194,TEAL,8,MILANO FORMALS,3
E1194,WHITE,8,MILANO FORMALS,1
E1260,CLARET,30,MILANO FORMALS,1
E1260,JADE,8,MILANO FORMALS,22
E1260,JADE,10,MILANO FORMALS,13
E1260,PINK,10,MILANO FORMALS,3
E1260,PINK,14,MILANO FORMALS,1
E1260,PURPLE,24,MILANO FORMALS,1
E1260,SKY BLUE,4,MILANO FORMALS,8
E1260,SKY BLUE,6,MILANO FORMALS,2
E1260,SKY BLUE,8,MILANO FORMALS,12
E1260,SKY BLUE,10,MILANO FORMALS,1
E1260,SKY BLUE,26,MILANO FORMALS,1
E1260,SKY BLUE,30,MILANO FORMALS,3
E1260,SKY BLUE,38,MILANO FORMALS,2
E1260,TRUFFLE,4,MILANO FORMALS,6
E1260,TRUFFLE,6,MILANO FORMALS,6
E1260,TRUFFLE,8,MILANO FORMALS,18
E1260,TRUFFLE,10,MILANO FORMALS,1
E1260,TRUFFLE,12,MILANO FORMALS,7
E1260,TRUFFLE,16,MILANO FORMALS,4
E1260,TRUFFLE,18,MILANO FORMALS,1
E1260,TRUFFLE,20,MILANO FORMALS,2
E1264,BLACK,0,MILANO FORMALS,5
E1264,BLACK,2,MILANO FORMALS,1
E1264,BLACK,4,MILANO FORMALS,4
E1264,BLACK,24,MILANO FORMALS,1
E1264,BLACK,30,MILANO FORMALS,1
E1264,BLACK,34,MILANO FORMALS,1
E1264,BLACK,38,MILANO FORMALS,1
E1264,BLACK,40,MILANO FORMALS,1
E1264,CLARET,2,MILANO FORMALS,2
E1264,CLARET,4,MILANO FORMALS,1
E1264,CLARET,8,MILANO FORMALS,2
E1264,CLARET,12,MILANO FORMALS,3
E1264,CLARET,14,MILANO FORMALS,1
E1264,CLARET,16,MILANO FORMALS,2
E1264,CLARET,18,MILANO FORMALS,2
E1264,CLARET,30,MILANO FORMALS,1
E1264,CLARET,32,MILANO FORMALS,2
E1264,CLARET,36,MILANO FORMALS,2
E1264,CLARET,38,MILANO FORMALS,3
E1264,CLARET,40,MILANO FORMALS,3
E1264,CORAL,4,MILANO FORMALS,4
E1264,CORAL,8,MILANO FORMALS,6
E1264,CORAL,10,MILANO FORMALS,1
E1264,CORAL,12,MILANO FORMALS,3
E1264,CORAL,14,MILANO FORMALS,1
E1264,CORAL,16,MILANO FORMALS,2
E1264,CORAL,18,MILANO FORMALS,1
E1264,CORAL,20,MILANO FORMALS,7
E1264,CORAL,24,MILANO FORMALS,6
E1264,CORAL,26,MILANO FORMALS,2
E1264,CORAL,30,MILANO FORMALS,3
E1264,CORAL,32,MILANO FORMALS,1
E1264,CORAL,34,MILANO FORMALS,3
E1264,CORAL,38,MILANO FORMALS,4
E1264,CORAL,40,MILANO FORMALS,4
E1264,LILAC,12,MILANO FORMALS,1
E1264,LILAC,18,MILANO FORMALS,1
E1264,LILAC,20,MILANO FORMALS,2
E1264,LILAC,24,MILANO FORMALS,1
E1264,LILAC,28,MILANO FORMALS,1
E1264,NAVY,8,MILANO FORMALS,3
E1264,NAVY,12,MILANO FORMALS,1
E1264,NAVY,14,MILANO FORMALS,1
E1264,ORANGE,8,MILANO FORMALS,1
E1264,SAGE,4,MILANO FORMALS,1
E1264,SILVER,16,MILANO FORMALS,1
E1264,TEAL,4,MILANO FORMALS,4
E1264,TEAL,8,MILANO FORMALS,3
E1264,TEAL,20,MILANO FORMALS,4
E1264,TEAL,24,MILANO FORMALS,5
E1264,TEAL,26,MILANO FORMALS,5
E1264,TEAL,28,MILANO FORMALS,6
E1264,TEAL,30,MILANO FORMALS,9
E1264,TEAL,32,MILANO FORMALS,6
E1264,TEAL,34,MILANO FORMALS,1
E1264,TEAL,36,MILANO FORMALS,4
E1264,TEAL,40,MILANO FORMALS,4
E1264,VICTORIA LILAC,34,MILANO FORMALS,1
E1270,CORAL,4,MILANO FORMALS,11
E1270,CORAL,6,MILANO FORMALS,4
E1270,CORAL,8,MILANO FORMALS,3
E1270,CORAL,10,MILANO FORMALS,1
E1270,CORAL,12,MILANO FORMALS,3
E1270,CORAL,20,MILANO FORMALS,1
E1270,CORAL,24,MILANO FORMALS,4
E1270,CORAL,28,MILANO FORMALS,1
E1270,CORAL,32,MILANO FORMALS,5
E1270,CORAL,36,MILANO FORMALS,4
E1270,CORAL,40,MILANO FORMALS,1
E1270,FUCHSIA,4,MILANO FORMALS,16
E1270,FUCHSIA,6,MILANO FORMALS,18
E1270,FUCHSIA,8,MILANO FORMALS,12
E1270,FUCHSIA,10,MILANO FORMALS,11
E1270,LILAC,4,MILANO FORMALS,3
E1270,PEACH,16,MILANO FORMALS,1
E1270,POOL,4,MILANO FORMALS,5
E1270,POOL,6,MILANO FORMALS,4
E1270,POOL,8,MILANO FORMALS,9
E1270,POOL,10,MILANO FORMALS,7
E1270,POOL,12,MILANO FORMALS,5
E1270,TEAL,2,MILANO FORMALS,1
E1270,TEAL,4,MILANO FORMALS,7
E1270,TEAL,6,MILANO FORMALS,7
E1270,TEAL,8,MILANO FORMALS,12
E1270,TEAL,10,MILANO FORMALS,5
E1270,TEAL,12,MILANO FORMALS,13
E1270,TEAL,14,MILANO FORMALS,1
E1270,TEAL,18,MILANO FORMALS,1
E1270,TEAL,24,MILANO FORMALS,4
E1285,CAFE,4,MILANO FORMALS,1
E1285,CAFE,12,MILANO FORMALS,1
E1285,CAFE,16,MILANO FORMALS,1
E1285,FUCHSIA,12,MILANO FORMALS,4
E1285,FUCHSIA,14,MILANO FORMALS,1
E1285,FUCHSIA,18,MILANO FORMALS,4
E1285,FUCHSIA,20,MILANO FORMALS,2
E1285,FUCHSIA,24,MILANO FORMALS,7
E1285,FUCHSIA,30,MILANO FORMALS,5
E1285,LILAC,12,MILANO FORMALS,5
E1285,LILAC,14,MILANO FORMALS,3
E1285,LILAC,16,MILANO FORMALS,6
E1285,LILAC,18,MILANO FORMALS,1
E1285,LILAC,20,MILANO FORMALS,2
E1285,LILAC,24,MILANO FORMALS,6
E1285,PINK,24,MILANO FORMALS,1
E1285,PURPLE,8,MILANO FORMALS,1
E1285,PURPLE,10,MILANO FORMALS,1
E1285,PURPLE,12,MILANO FORMALS,1
E1285,PURPLE,18,MILANO FORMALS,1
E1285,SAGE,10,MILANO FORMALS,1
E1285,SAGE,12,MILANO FORMALS,2
E1295,FUCHSIA,4,MILANO FORMALS,3
E1295,FUCHSIA,6,MILANO FORMALS,5
E1295,FUCHSIA,8,MILANO FORMALS,12
E1295,POOL,22,MILANO FORMALS,1
E1295,SAGE,8,MILANO FORMALS,1
E1295,SAGE,10,MILANO FORMALS,1
E1295,SAGE,12,MILANO FORMALS,1
E1295,TEAL,4,MILANO FORMALS,10
E1295,TEAL,8,MILANO FORMALS,7
E1295,TEAL,12,MILANO FORMALS,4
E1295,TEAL,14,MILANO FORMALS,3
E1295,TEAL,16,MILANO FORMALS,3
E1295,TEAL,20,MILANO FORMALS,14
E1295,TRUFFLE,4,MILANO FORMALS,19
E1295,TRUFFLE,6,MILANO FORMALS,5
E1295,TRUFFLE,8,MILANO FORMALS,13
E1295,TRUFFLE,10,MILANO FORMALS,6
E1295,TRUFFLE,12,MILANO FORMALS,17
E1295,TRUFFLE,16,MILANO FORMALS,8
E1295,TRUFFLE,20,MILANO FORMALS,5
E1295,TRUFFLE,24,MILANO FORMALS,1
E1295,WATERMELON,8,MILANO FORMALS,1
E1340,APPLE RED,4,MILANO FORMALS,2
E1340,APPLE RED,8,MILANO FORMALS,1
E1340,APPLE RED,14,MILANO FORMALS,1
E1340,BLACK,4,MILANO FORMALS,1
E1340,BLACK,6,MILANO FORMALS,5
E1340,BLACK,8,MILANO FORMALS,1
E1340,BLACK,10,MILANO FORMALS,1
E1340,BLACK,12,MILANO FORMALS,1
E1340,BLACK,16,MILANO FORMALS,1
E1340,CORAL,4,MILANO FORMALS,2
E1340,CORAL,8,MILANO FORMALS,1
E1340,CORAL,14,MILANO FORMALS,1
E1340,CORAL,18,MILANO FORMALS,1
E1340,POOL,4,MILANO FORMALS,2
E1340,POOL,8,MILANO FORMALS,2
E1340,POOL,10,MILANO FORMALS,4
E1340,PURPLE,4,MILANO FORMALS,9
E1340,PURPLE,8,MILANO FORMALS,11
E1340,PURPLE,10,MILANO FORMALS,12
E1340,PURPLE,12,MILANO FORMALS,1
E1340,PURPLE,18,MILANO FORMALS,1
E1340,RED,4,MILANO FORMALS,3
E1340,RED,12,MILANO FORMALS,2
E1340,RED,18,MILANO FORMALS,1
E1340,WHITE,4,MILANO FORMALS,5
E1340,WHITE,6,MILANO FORMALS,4
E1340,WHITE,8,MILANO FORMALS,7
E1340,WHITE,10,MILANO FORMALS,3
E1340,WHITE,12,MILANO FORMALS,9
E1340,WHITE,14,MILANO FORMALS,5
E1340,WHITE,16,MILANO FORMALS,1
E1371,APPLERED/WHITE,8,MILANO FORMALS,12
E1371,APPLERED/WHITE,10,MILANO FORMALS,9
E1371,APPLERED/WHITE,12,MILANO FORMALS,10
E1371,SAGE,8,MILANO FORMALS,1
E1371,SAGE,10,MILANO FORMALS,1
E1371,SAGE,14,MILANO FORMALS,1
E1371,TRUFFLE/WHITE,8,MILANO FORMALS,10
E1371,TRUFFLE/WHITE,10,MILANO FORMALS,8
E1371,TRUFFLE/WHITE,12,MILANO FORMALS,8
E1371,TRUFFLE/WHITE,18,MILANO FORMALS,2
E1371,TRUFFLE/WHITE,22,MILANO FORMALS,1
E1379,CORAL,4,MILANO FORMALS,4
E1379,CORAL,6,MILANO FORMALS,1
E1379,CORAL,8,MILANO FORMALS,4
E1379,CORAL,24,MILANO FORMALS,4
E1379,CORAL,28,MILANO FORMALS,2
E1379,NAVY,22,MILANO FORMALS,1
E1379,NAVY,28,MILANO FORMALS,1
E1379,PEACOCK,2,MILANO FORMALS,4
E1379,PEACOCK,4,MILANO FORMALS,9
E1379,PEACOCK,6,MILANO FORMALS,6
E1379,PEACOCK,8,MILANO FORMALS,12
E1379,PEACOCK,10,MILANO FORMALS,5
E1379,PEACOCK,18,MILANO FORMALS,2
E1379,SAGE,4,MILANO FORMALS,1
E1379,TEAL,4,MILANO FORMALS,1
E1379,TRUFFLE,4,MILANO FORMALS,8
E1379,TRUFFLE,6,MILANO FORMALS,1
E1379,TRUFFLE,8,MILANO FORMALS,19
E1379,TRUFFLE,10,MILANO FORMALS,11
E1379,WATERMELON,6,MILANO FORMALS,3
E1379,WATERMELON,10,MILANO FORMALS,2
E1379,WATERMELON,28,MILANO FORMALS,2
E1387,GREEN,4,MILANO FORMALS,8
E1387,GREEN,8,MILANO FORMALS,1
E1387,GREEN,12,MILANO FORMALS,1
E1387,PINK,4,MILANO FORMALS,2
E1387,PINK,8,MILANO FORMALS,7
E1387,PINK,10,MILANO FORMALS,3
E1387,PINK,12,MILANO FORMALS,2
E1387,PINK,16,MILANO FORMALS,2
E1387,PINK,18,MILANO FORMALS,1
E1387,PINK,20,MILANO FORMALS,4
E1387,PINK,22,MILANO FORMALS,2
E1387,PINK,24,MILANO FORMALS,8
E1387,PINK,26,MILANO FORMALS,1
E1387,TURQUOISE,2,MILANO FORMALS,1
E1387,TURQUOISE,4,MILANO FORMALS,12
E1387,TURQUOISE,8,MILANO FORMALS,7
E1387,TURQUOISE,24,MILANO FORMALS,4
E1391,CLARET,20,MILANO FORMALS,3
E1391,CLARET,22,MILANO FORMALS,1
E1391,CLARET,24,MILANO FORMALS,11
E1391,CLARET,28,MILANO FORMALS,2
E1391,PURPLE,2,MILANO FORMALS,1
E1391,PURPLE,4,MILANO FORMALS,12
E1391,PURPLE,6,MILANO FORMALS,5
E1391,PURPLE,8,MILANO FORMALS,16
E1391,PURPLE,10,MILANO FORMALS,1
E1391,PURPLE,12,MILANO FORMALS,2
E1391,PURPLE,20,MILANO FORMALS,3
E1391,PURPLE,24,MILANO FORMALS,11
E1391,PURPLE,26,MILANO FORMALS,1
E1391,PURPLE,28,MILANO FORMALS,4
E1391,ROYAL,2,MILANO FORMALS,1
E1391,ROYAL,4,MILANO FORMALS,5
E1391,ROYAL,24,MILANO FORMALS,5
E1391,ROYAL,28,MILANO FORMALS,2
E1412,BLACK,4,MILANO FORMALS,10
E1412,BLACK,8,MILANO FORMALS,20
E1412,BLACK,12,MILANO FORMALS,1
E1412,BLACK,14,MILANO FORMALS,14
E1412,BROWN,4,MILANO FORMALS,26
E1412,BROWN,8,MILANO FORMALS,26
E1412,BROWN,10,MILANO FORMALS,1
E1412,BROWN,12,MILANO FORMALS,20
E1412,BROWN,14,MILANO FORMALS,1
E1412,BROWN,16,MILANO FORMALS,7
E1412,BROWN,20,MILANO FORMALS,4
E1412,BROWN,24,MILANO FORMALS,1
E1412,ROYAL,2,MILANO FORMALS,7
E1412,ROYAL,4,MILANO FORMALS,13
E1412,ROYAL,6,MILANO FORMALS,1
E1412,ROYAL,8,MILANO FORMALS,23
E1412,ROYAL,12,MILANO FORMALS,4
E1420,CHAMPAGNE,2,MILANO FORMALS,2
E1420,CHAMPAGNE,4,MILANO FORMALS,3
E1420,CHAMPAGNE,12,MILANO FORMALS,1
E1420,PURPLE,2,MILANO FORMALS,4
E1420,PURPLE,4,MILANO FORMALS,5
E1420,PURPLE,6,MILANO FORMALS,4
E1420,PURPLE,8,MILANO FORMALS,3
E1420,PURPLE,10,MILANO FORMALS,1
E1420,PURPLE,12,MILANO FORMALS,3
E1420,PURPLE,24,MILANO FORMALS,1
E1420,ROYAL,2,MILANO FORMALS,2
E1420,ROYAL,4,MILANO FORMALS,22
E1420,ROYAL,6,MILANO FORMALS,10
E1420,ROYAL,8,MILANO FORMALS,13
E1420,ROYAL,10,MILANO FORMALS,5
E1420,ROYAL,20,MILANO FORMALS,1
E1420,ROYAL,22,MILANO FORMALS,4
E1420,SEA BLACK,0,MILANO FORMALS,1
E1421,CORAL,4,MILANO FORMALS,11
E1421,CORAL,6,MILANO FORMALS,7
E1421,CORAL,8,MILANO FORMALS,14
E1421,CORAL,10,MILANO FORMALS,8
E1421,CORAL,20,MILANO FORMALS,3
E1421,CORAL,24,MILANO FORMALS,3
E1421,GREY,2,MILANO FORMALS,1
E1421,GREY,4,MILANO FORMALS,2
E1421,GREY,8,MILANO FORMALS,7
E1421,GREY,10,MILANO FORMALS,2
E1421,GREY,12,MILANO FORMALS,4
E1421,GREY,16,MILANO FORMALS,2
E1421,GREY,24,MILANO FORMALS,4
E1421,ROYAL,4,MILANO FORMALS,8
E1421,ROYAL,6,MILANO FORMALS,1
E1421,ROYAL,10,MILANO FORMALS,2
E1421,SILVER,8,MILANO FORMALS,1
E1421,SILVER,14,MILANO FORMALS,1
E1421,SILVER,22,MILANO FORMALS,1
E1463,CORAL,2,MILANO FORMALS,3
E1463,CORAL,4,MILANO FORMALS,4
E1463,CORAL,6,MILANO FORMALS,2
E1463,CORAL,8,MILANO FORMALS,4
E1463,CORAL,10,MILANO FORMALS,3
E1463,CORAL,12,MILANO FORMALS,4
E1463,CORAL,20,MILANO FORMALS,5
E1463,TEAL,0,MILANO FORMALS,4
E1463,TEAL,2,MILANO FORMALS,3
E1463,TEAL,4,MILANO FORMALS,9
E1463,TEAL,6,MILANO FORMALS,2
E1463,TEAL,8,MILANO FORMALS,8
E1463,TEAL,10,MILANO FORMALS,4
E1463,TEAL,12,MILANO FORMALS,2
E1463,TEAL,14,MILANO FORMALS,2
E1463,TEAL,16,MILANO FORMALS,3
E1463,TEAL,24,MILANO FORMALS,2
E1463,TEAL,28,MILANO FORMALS,2
E1463,TEAL,30,MILANO FORMALS,1
E1463,TRUFFLE,4,MILANO FORMALS,12
E1463,TRUFFLE,8,MILANO FORMALS,4
E1463,TRUFFLE,12,MILANO FORMALS,8
E1463,TRUFFLE,16,MILANO FORMALS,6
E1463,TRUFFLE,20,MILANO FORMALS,5
E1463,TRUFFLE,24,MILANO FORMALS,2
E1502,CLARET,0,MILANO FORMALS,3
E1502,CLARET,2,MILANO FORMALS,1
E1502,CLARET,4,MILANO FORMALS,13
E1502,CLARET,8,MILANO FORMALS,7
E1502,CLARET,10,MILANO FORMALS,6
E1502,IVORY,2,MILANO FORMALS,1
E1502,IVORY,4,MILANO FORMALS,8
E1502,IVORY,6,MILANO FORMALS,6
E1502,IVORY,8,MILANO FORMALS,3
E1502,IVORY,12,MILANO FORMALS,1
E1502,NAVY,0,MILANO FORMALS,2
E1502,NAVY,4,MILANO FORMALS,13
E1502,NAVY,6,MILANO FORMALS,7
E1502,NAVY,8,MILANO FORMALS,1
E1502,NAVY,10,MILANO FORMALS,6
E1502,NAVY,12,MILANO FORMALS,7
E1502,POOL,12,MILANO FORMALS,1
E1502,RED,10,MILANO FORMALS,2
E1520,BURNT ORANGE,0,MILANO FORMALS,1
E1520,BURNT ORANGE,2,MILANO FORMALS,3
E1520,BURNT ORANGE,4,MILANO FORMALS,6
E1520,BURNT ORANGE,6,MILANO FORMALS,9
E1520,BURNT ORANGE,8,MILANO FORMALS,17
E1520,BURNT ORANGE,10,MILANO FORMALS,6
E1520,BURNT ORANGE,12,MILANO FORMALS,8
E1520,BURNT ORANGE,14,MILANO FORMALS,1
E1520,BURNT ORANGE,16,MILANO FORMALS,3
E1520,BURNT ORANGE,18,MILANO FORMALS,1
E1520,BURNT ORANGE,20,MILANO FORMALS,9
E1520,BURNT ORANGE,24,MILANO FORMALS,5
E1520,SANGRIA,14,MILANO FORMALS,6
E1520,SANGRIA,18,MILANO FORMALS,3
E1520,SANGRIA,22,MILANO FORMALS,8
E1520,SANGRIA,24,MILANO FORMALS,1
E1531,CORAL,4,MILANO FORMALS,7
E1531,CORAL,6,MILANO FORMALS,10
E1531,CORAL,8,MILANO FORMALS,10
E1531,CORAL,10,MILANO FORMALS,5
E1531,CORAL,12,MILANO FORMALS,7
E1531,CORAL,16,MILANO FORMALS,1
E1531,CORAL,20,MILANO FORMALS,3
E1531,CORAL,24,MILANO FORMALS,2
E1531,POOL,4,MILANO FORMALS,8
E1531,POOL,6,MILANO FORMALS,8
E1531,POOL,8,MILANO FORMALS,2
E1531,POOL,10,MILANO FORMALS,4
E1531,POOL,12,MILANO FORMALS,8
E1531,PURPLE,4,MILANO FORMALS,7
E1531,PURPLE,6,MILANO FORMALS,4
E1531,PURPLE,8,MILANO FORMALS,22
E1531,PURPLE,10,MILANO FORMALS,5
E1531,PURPLE,12,MILANO FORMALS,4
E1531,PURPLE,14,MILANO FORMALS,1
E1531,PURPLE,16,MILANO FORMALS,2
E1544,BLACK,4,MILANO FORMALS,11
E1544,BLACK,6,MILANO FORMALS,10
E1544,BLACK,8,MILANO FORMALS,13
E1544,BLACK,12,MILANO FORMALS,1
E1544,RED,2,MILANO FORMALS,1
E1544,RED,4,MILANO FORMALS,2
E1544,RED,6,MILANO FORMALS,1
E1544,RED,10,MILANO FORMALS,6
E1544,RED,12,MILANO FORMALS,4
E1544,RED,14,MILANO FORMALS,2
E1544,RED,18,MILANO FORMALS,5
E1544,RED,20,MILANO FORMALS,2
E1544,RED,22,MILANO FORMALS,5
E1544,RED,24,MILANO FORMALS,3
E1546,BLACK,4,MILANO FORMALS,12
E1546,BLACK,6,MILANO FORMALS,1
E1546,BLACK,8,MILANO FORMALS,1
E1546,BLACK,10,MILANO FORMALS,1
E1546,BLACK,14,MILANO FORMALS,2
E1546,BLACK,22,MILANO FORMALS,1
E1546,CORAL,4,MILANO FORMALS,1
E1546,CORAL,6,MILANO FORMALS,1
E1546,CORAL,8,MILANO FORMALS,3
E1546,CORAL,12,MILANO FORMALS,1
E1546,CORAL,14,MILANO FORMALS,2
E1546,CORAL,20,MILANO FORMALS,3
E1546,CORAL,24,MILANO FORMALS,10
E1546,PEACH,16,MILANO FORMALS,1
E1546,PURPLE,2,MILANO FORMALS,1
E1546,PURPLE,20,MILANO FORMALS,1
E1546,PURPLE,24,MILANO FORMALS,5
E1573,BLACK,2,MILANO FORMALS,1
E1573,BLACK,4,MILANO FORMALS,4
E1573,BLACK,6,MILANO FORMALS,4
E1573,BLACK,8,MILANO FORMALS,6
E1573,BLACK,10,MILANO FORMALS,2
E1573,BLACK,12,MILANO FORMALS,2
E1573,BLACK,16,MILANO FORMALS,2
E1573,BLACK,24,MILANO FORMALS,4
E1573,BURGUNDY,18,MILANO FORMALS,1
E1573,CORAL,12,MILANO FORMALS,2
E1573,CORAL,14,MILANO FORMALS,1
E1573,PEACH,4,MILANO FORMALS,4
E1573,PEACH,24,MILANO FORMALS,3
E1573,PURPLE,0,MILANO FORMALS,1
E1573,PURPLE,6,MILANO FORMALS,3
E1573,PURPLE,8,MILANO FORMALS,5
E1573,PURPLE,18,MILANO FORMALS,1
E1573,PURPLE,24,MILANO FORMALS,4
E1573,ROYAL,14,MILANO FORMALS,1
E1573,SKY BLUE,14,MILANO FORMALS,1
E1573,TEAL,14,MILANO FORMALS,1
E1581,BLACK,2,MILANO FORMALS,1
E1581,BLACK,4,MILANO FORMALS,1
E1581,BLACK,6,MILANO FORMALS,1
E1581,BLACK,8,MILANO FORMALS,1
E1581,BLACK,10,MILANO FORMALS,1
E1581,BLACK,12,MILANO FORMALS,1
E1581,BLACK,16,MILANO FORMALS,1
E1581,BLACK,22,MILANO FORMALS,1
E1581,BLACK,24,MILANO FORMALS,1
E1581,CLARET,18,MILANO FORMALS,1
E1581,PURPLE,2,MILANO FORMALS,2
E1581,PURPLE,4,MILANO FORMALS,7
E1581,PURPLE,6,MILANO FORMALS,2
E1581,PURPLE,14,MILANO FORMALS,5
E1581,PURPLE,16,MILANO FORMALS,3
E1581,PURPLE,18,MILANO FORMALS,1
E1581,PURPLE,22,MILANO FORMALS,2
E1581,PURPLE,24,MILANO FORMALS,2
E1581,RED,0,MILANO FORMALS,1
E1581,RED,2,MILANO FORMALS,2
E1581,RED,4,MILANO FORMALS,4
E1581,RED,6,MILANO FORMALS,1
E1581,RED,8,MILANO FORMALS,1
E1581,RED,10,MILANO FORMALS,1
E1581,RED,12,MILANO FORMALS,1
E1581,RED,14,MILANO FORMALS,2
E1581,RED,16,MILANO FORMALS,4
E1581,RED,18,MILANO FORMALS,1
E1581,RED,22,MILANO FORMALS,1
E1581,RED,24,MILANO FORMALS,2
E1582,BURGUNDY,4,MILANO FORMALS,1
E1582,BURGUNDY,8,MILANO FORMALS,2
E1582,FUCHSIA,2,MILANO FORMALS,1
E1582,FUCHSIA,4,MILANO FORMALS,19
E1582,FUCHSIA,6,MILANO FORMALS,8
E1582,FUCHSIA,8,MILANO FORMALS,21
E1582,FUCHSIA,10,MILANO FORMALS,7
E1582,FUCHSIA,12,MILANO FORMALS,2
E1582,FUCHSIA,14,MILANO FORMALS,1
E1582,FUCHSIA,16,MILANO FORMALS,1
E1582,GREEN,4,MILANO FORMALS,1
E1582,PURPLE,2,MILANO FORMALS,3
E1582,PURPLE,4,MILANO FORMALS,3
E1582,PURPLE,6,MILANO FORMALS,4
E1582,PURPLE,12,MILANO FORMALS,1
E1582,TEAL,4,MILANO FORMALS,23
E1582,TEAL,6,MILANO FORMALS,14
E1582,TEAL,8,MILANO FORMALS,29
E1582,TEAL,10,MILANO FORMALS,19
E1582,TEAL,12,MILANO FORMALS,5
E1582,TEAL,14,MILANO FORMALS,1
E1582,TEAL,18,MILANO FORMALS,2
E1582,TEAL,20,MILANO FORMALS,3
E1582,TEAL,22,MILANO FORMALS,1
E1582,TEAL,24,MILANO FORMALS,1
E1657,BLACK,0,MILANO FORMALS,4
E1657,BLACK,2,MILANO FORMALS,1
E1657,BLACK,4,MILANO FORMALS,10
E1657,BLACK,6,MILANO FORMALS,1
E1657,BLACK,8,MILANO FORMALS,18
E1657,BLACK,10,MILANO FORMALS,4
E1657,BLACK,12,MILANO FORMALS,6
E1657,BLACK,14,MILANO FORMALS,1
E1657,BLACK,16,MILANO FORMALS,3
E1657,LAVENDER,2,MILANO FORMALS,1
E1657,LAVENDER,4,MILANO FORMALS,2
E1657,TEAL,2,MILANO FORMALS,1
E1657,TEAL,4,MILANO FORMALS,6
E1657,TEAL,6,MILANO FORMALS,10
E1657,TEAL,8,MILANO FORMALS,10
E1657,TEAL,10,MILANO FORMALS,3
E1657,TEAL,12,MILANO FORMALS,5
E1657,TEAL,20,MILANO FORMALS,10
E1657,TEAL,22,MILANO FORMALS,1
E1657,TEAL,24,MILANO FORMALS,9
E1663,FUCHSIA,4,MILANO FORMALS,9
E1663,FUCHSIA,6,MILANO FORMALS,1
E1663,FUCHSIA,8,MILANO FORMALS,3
E1663,FUCHSIA,10,MILANO FORMALS,4
E1663,FUCHSIA,14,MILANO FORMALS,2
E1663,FUCHSIA,18,MILANO FORMALS,1
E1663,FUCHSIA,22,MILANO FORMALS,2
E1663,NAVY,0,MILANO FORMALS,2
E1663,NAVY,2,MILANO FORMALS,3
E1663,NAVY,4,MILANO FORMALS,5
E1663,NAVY,6,MILANO FORMALS,3
E1663,NAVY,8,MILANO FORMALS,5
E1663,NAVY,10,MILANO FORMALS,3
E1663,NAVY,14,MILANO FORMALS,5
E1663,NAVY,16,MILANO FORMALS,2
E1663,NAVY,24,MILANO FORMALS,1
E1663,NAVY,30,MILANO FORMALS,2
E1663,PURPLE,2,MILANO FORMALS,5
E1663,PURPLE,4,MILANO FORMALS,11
E1663,PURPLE,6,MILANO FORMALS,2
E1663,PURPLE,8,MILANO FORMALS,8
E1663,PURPLE,10,MILANO FORMALS,1
E1663,PURPLE,24,MILANO FORMALS,1
E1696,BLACK,4,MILANO FORMALS,21
E1696,BLACK,6,MILANO FORMALS,12
E1696,BLACK,8,MILANO FORMALS,19
E1696,BLACK,10,MILANO FORMALS,13
E1696,BLACK,12,MILANO FORMALS,6
E1696,BLACK,20,MILANO FORMALS,1
E1696,BLUE/PINK,8,MILANO FORMALS,1
E1696,BLUE/PINK,12,MILANO FORMALS,1
E1696,CORAL,4,MILANO FORMALS,8
E1696,CORAL,6,MILANO FORMALS,6
E1696,CORAL,8,MILANO FORMALS,8
E1696,CORAL,10,MILANO FORMALS,6
E1696,CORAL,12,MILANO FORMALS,3
E1696,CORAL,20,MILANO FORMALS,1
E1696,CORAL,24,MILANO FORMALS,9
E1696,RED,8,MILANO FORMALS,2
E1696,RED,10,MILANO FORMALS,1
E1696,ROYAL,4,MILANO FORMALS,5
E1696,ROYAL,6,MILANO FORMALS,9
E1696,ROYAL,8,MILANO FORMALS,4
E1696,ROYAL,10,MILANO FORMALS,3
E1696,TEAL,4,MILANO FORMALS,1
E1729,BANANA,20,MILANO FORMALS,1
E1729,FUCHSIA,4,MILANO FORMALS,8
E1729,FUCHSIA,6,MILANO FORMALS,13
E1729,FUCHSIA,8,MILANO FORMALS,12
E1729,FUCHSIA,10,MILANO FORMALS,7
E1729,FUCHSIA,12,MILANO FORMALS,1
E1729,IVORY,2,MILANO FORMALS,3
E1729,IVORY,4,MILANO FORMALS,15
E1729,IVORY,6,MILANO FORMALS,3
E1729,IVORY,8,MILANO FORMALS,9
E1729,MINT,4,MILANO FORMALS,14
E1729,MINT,6,MILANO FORMALS,11
E1729,MINT,8,MILANO FORMALS,3
E1729,MINT,20,MILANO FORMALS,2
E1729,PINK,22,MILANO FORMALS,2
E1729,PRINT,6,MILANO FORMALS,1
E1729,PRINT,10,MILANO FORMALS,1
E1729,PRINT,12,MILANO FORMALS,1
E1730,BLUE,2,MILANO FORMALS,1
E1730,BLUE,4,MILANO FORMALS,2
E1730,BLUE,8,MILANO FORMALS,2
E1730,BURNT ORANGE,0,MILANO FORMALS,3
E1730,BURNT ORANGE,4,MILANO FORMALS,4
E1730,BURNT ORANGE,6,MILANO FORMALS,3
E1730,BURNT ORANGE,8,MILANO FORMALS,1
E1730,BURNT ORANGE,10,MILANO FORMALS,4
E1730,BURNT ORANGE,12,MILANO FORMALS,2
E1730,BURNT ORANGE,14,MILANO FORMALS,1
E1730,BURNT ORANGE,16,MILANO FORMALS,1
E1730,BURNT ORANGE,20,MILANO FORMALS,5
E1730,BURNT ORANGE,22,MILANO FORMALS,2
E1730,BURNT ORANGE,24,MILANO FORMALS,4
E1730,BURNT ORANGE,30,MILANO FORMALS,3
E1730,CHARCOAL,2,MILANO FORMALS,1
E1730,CHARCOAL,4,MILANO FORMALS,3
E1730,CHARCOAL,6,MILANO FORMALS,6
E1730,CHARCOAL,8,MILANO FORMALS,7
E1730,CHARCOAL,10,MILANO FORMALS,3
E1730,CHARCOAL,12,MILANO FORMALS,8
E1730,CHARCOAL,14,MILANO FORMALS,1
E1730,CHARCOAL,16,MILANO FORMALS,1
E1730,CHARCOAL,18,MILANO FORMALS,1
E1730,CHARCOAL,20,MILANO FORMALS,4
E1730,CHARCOAL,24,MILANO FORMALS,4
E1730,ROYAL,4,MILANO FORMALS,4
E1730,ROYAL,6,MILANO FORMALS,4
E1730,ROYAL,8,MILANO FORMALS,1
E1796,BISCOTTI,4,MILANO FORMALS,19
E1796,BISCOTTI,6,MILANO FORMALS,3
E1796,BISCOTTI,8,MILANO FORMALS,16
E1796,BISCOTTI,20,MILANO FORMALS,2
E1796,BISCOTTI,22,MILANO FORMALS,1
E1796,BLACK,4,MILANO FORMALS,2
E1796,BLACK,6,MILANO FORMALS,7
E1796,BLACK,10,MILANO FORMALS,4
E1796,IVORY,2,MILANO FORMALS,1
E1796,LAVENDER,2,MILANO FORMALS,1
E1796,LAVENDER,12,MILANO FORMALS,1
E1796,NAVY,2,MILANO FORMALS,1
E1796,NAVY,4,MILANO FORMALS,9
E1796,NAVY,6,MILANO FORMALS,11
E1796,NAVY,8,MILANO FORMALS,1
E1796,NAVY,12,MILANO FORMALS,3
E1799,FUCHSIA,6,MILANO FORMALS,2
E1799,FUCHSIA,8,MILANO FORMALS,6
E1799,GREEN,4,MILANO FORMALS,1
E1799,GREY,2,MILANO FORMALS,1
E1799,LILAC,2,MILANO FORMALS,7
E1799,LILAC,4,MILANO FORMALS,14
E1799,LILAC,6,MILANO FORMALS,6
E1799,LILAC,8,MILANO FORMALS,10
E1799,LILAC,10,MILANO FORMALS,14
E1799,LILAC,12,MILANO FORMALS,11
E1799,LILAC,20,MILANO FORMALS,3
E1799,LILAC,24,MILANO FORMALS,3
E1799,TEAL,2,MILANO FORMALS,1
E1799,TEAL,4,MILANO FORMALS,6
E1799,TEAL,6,MILANO FORMALS,8
E1799,TEAL,8,MILANO FORMALS,8
E1799,TEAL,10,MILANO FORMALS,7
E1799,TEAL,12,MILANO FORMALS,10
E1799,TEAL,14,MILANO FORMALS,3
E1799,TEAL,16,MILANO FORMALS,2
E1799,TEAL,22,MILANO FORMALS,2
E1822,IVORY,4,MILANO FORMALS,1
E1822,IVORY,20,MILANO FORMALS,1
E1822,IVORY,24,MILANO FORMALS,2
E1822,IVORY,28,MILANO FORMALS,3
E1822,PEACH,4,MILANO FORMALS,2
E1822,PEACH,6,MILANO FORMALS,7
E1822,PEACH,8,MILANO FORMALS,9
E1822,PEACH,12,MILANO FORMALS,1
E1822,PEACH,16,MILANO FORMALS,2
E1822,PEACH,20,MILANO FORMALS,2
E1822,PEACH,24,MILANO FORMALS,16
E1822,PEACH,26,MILANO FORMALS,1
E1931,NAVY,0,MILANO FORMALS,2
E1931,NAVY,2,MILANO FORMALS,4
E1931,NAVY,4,MILANO FORMALS,7
E1931,NAVY,6,MILANO FORMALS,5
E1931,NAVY,8,MILANO FORMALS,8
E1931,NAVY,10,MILANO FORMALS,4
E1931,NAVY,12,MILANO FORMALS,1
E1931,NAVY,14,MILANO FORMALS,3
E1931,NAVY,18,MILANO FORMALS,3
E2027,WINE,0,MILANO FORMALS,6
E2027,WINE,2,MILANO FORMALS,3
E2027,WINE,4,MILANO FORMALS,9
E2027,WINE,6,MILANO FORMALS,1
E2027,WINE,8,MILANO FORMALS,5
E2027,WINE,10,MILANO FORMALS,9
E2027,WINE,12,MILANO FORMALS,3
E2027,WINE,14,MILANO FORMALS,1
E2106,BABY BLUE,0,MILANO FORMALS,8
E2106,BABY BLUE,2,MILANO FORMALS,9
E2106,BABY BLUE,4,MILANO FORMALS,7
E2106,BABY BLUE,6,MILANO FORMALS,7
E2106,BABY BLUE,10,MILANO FORMALS,1
E2106,BABY BLUE,12,MILANO FORMALS,1
E2106,SKY BLUE,0,MILANO FORMALS,1
E2106,SKY BLUE,2,MILANO FORMALS,5
E2106,SKY BLUE,4,MILANO FORMALS,3
E2106,SKY BLUE,6,MILANO FORMALS,8
E2106,SKY BLUE,8,MILANO FORMALS,3
E2106,SKY BLUE,14,MILANO FORMALS,1
E2106,SKY BLUE,16,MILANO FORMALS,1
E2107,LAVENDER,0,MILANO FORMALS,4
E2107,LAVENDER,2,MILANO FORMALS,6
E2107,LAVENDER,4,MILANO FORMALS,6
E2107,LAVENDER,6,MILANO FORMALS,2
E2107,LAVENDER,8,MILANO FORMALS,8
E2107,LAVENDER,10,MILANO FORMALS,3
E2107,LAVENDER,12,MILANO FORMALS,4
E2107,LAVENDER,16,MILANO FORMALS,7
E2107,LAVENDER,18,MILANO FORMALS,2
E2107,NAVY,0,MILANO FORMALS,1
E2107,NAVY,4,MILANO FORMALS,1
E2107,NAVY,6,MILANO FORMALS,2
E2107,NAVY,8,MILANO FORMALS,3
E2107,NAVY,10,MILANO FORMALS,1
E2107,NAVY,14,MILANO FORMALS,5
E2107,NAVY,18,MILANO FORMALS,3
E2227,FUCHSIA,0,MILANO FORMALS,4
E2227,FUCHSIA,2,MILANO FORMALS,6
E2227,FUCHSIA,4,MILANO FORMALS,4
E2227,FUCHSIA,6,MILANO FORMALS,10
E2227,FUCHSIA,8,MILANO FORMALS,3
E2227,FUCHSIA,10,MILANO FORMALS,4
E2227,FUCHSIA,14,MILANO FORMALS,5
E2227,FUCHSIA,18,MILANO FORMALS,3
E2253,PRINT,0,MILANO FORMALS,1
E2253,RED,0,MILANO FORMALS,2
E2253,RED,2,MILANO FORMALS,1
E2253,RED,4,MILANO FORMALS,2
E2253,RED,6,MILANO FORMALS,13
E2253,RED,8,MILANO FORMALS,5
E2253,RED,10,MILANO FORMALS,5
E2253,RED,12,MILANO FORMALS,5
E2253,RED,14,MILANO FORMALS,5
E2253,RED,16,MILANO FORMALS,2
E2253,RED,18,MILANO FORMALS,1
E2253,RED,20,MILANO FORMALS,1
E2253,RED ,4,MILANO FORMALS,2
E2545,GREEN,0,MILANO FORMALS,4
E2545,GREEN,2,MILANO FORMALS,5
E2545,GREEN,4,MILANO FORMALS,8
E2545,GREEN,6,MILANO FORMALS,5
E2545,GREEN,8,MILANO FORMALS,7
E2545,GREEN,10,MILANO FORMALS,3
E2545,GREEN,14,MILANO FORMALS,4
E2545,GREEN,18,MILANO FORMALS,2
F1116,APPLE RED,8,MILANO FORMALS,8
F1116,APPLE RED,10,MILANO FORMALS,4
F1116,APPLE RED,30,MILANO FORMALS,1
F1116,APPLE RED,38,MILANO FORMALS,5
F1116,APPLE RED,40,MILANO FORMALS,16
F1116,BANANA,30,MILANO FORMALS,13
F1116,BANANA,34,MILANO FORMALS,24
F1116,BANANA,38,MILANO FORMALS,5
F1116,BANANA,40,MILANO FORMALS,10
F1116,BANANA (FLOWER),34,MILANO FORMALS,6
F1116,BLACK,2,MILANO FORMALS,1
F1116,BLACK,4,MILANO FORMALS,7
F1116,BLACK,8,MILANO FORMALS,14
F1116,BLACK,10,MILANO FORMALS,6
F1116,BLACK,12,MILANO FORMALS,2
F1116,BURGUNDY,8,MILANO FORMALS,22
F1116,BURGUNDY,22,MILANO FORMALS,1
F1116,BURGUNDY,24,MILANO FORMALS,2
F1116,BURGUNDY,26,MILANO FORMALS,3
F1116,BURGUNDY,38,MILANO FORMALS,9
F1116,BURGUNDY,40,MILANO FORMALS,3
F1116,CHAMPAGNE,40,MILANO FORMALS,3
F1116,CORAL,30,MILANO FORMALS,2
F1116,CORAL,34,MILANO FORMALS,9
F1116,CORAL,38,MILANO FORMALS,18
F1116,CORAL,40,MILANO FORMALS,20
F1116,FUCHSIA,4,MILANO FORMALS,8
F1116,FUCHSIA,8,MILANO FORMALS,2
F1116,FUCHSIA,34,MILANO FORMALS,2
F1116,FUCHSIA,38,MILANO FORMALS,9
F1116,FUCHSIA,40,MILANO FORMALS,8
F1116,GOLD,2,MILANO FORMALS,2
F1116,GOLD,12,MILANO FORMALS,3
F1116,GOLD,14,MILANO FORMALS,1
F1116,GOLD,22,MILANO FORMALS,2
F1116,GOLD,34,MILANO FORMALS,21
F1116,GOLD,38,MILANO FORMALS,6
F1116,GOLD,40,MILANO FORMALS,11
F1116,IVORY,2,MILANO FORMALS,4
F1116,IVORY,4,MILANO FORMALS,3
F1116,IVORY,8,MILANO FORMALS,9
F1116,IVORY,16,MILANO FORMALS,1
F1116,IVORY,18,MILANO FORMALS,1
F1116,LAVENDER,34,MILANO FORMALS,18
F1116,LAVENDER,38,MILANO FORMALS,1
F1116,LILAC,2,MILANO FORMALS,1
F1116,LILAC,4,MILANO FORMALS,6
F1116,LILAC,6,MILANO FORMALS,6
F1116,LILAC,8,MILANO FORMALS,10
F1116,LILAC,12,MILANO FORMALS,10
F1116,LILAC,14,MILANO FORMALS,1
F1116,LILAC,18,MILANO FORMALS,1
F1116,LILAC,20,MILANO FORMALS,1
F1116,LILAC,22,MILANO FORMALS,1
F1116,LILAC,26,MILANO FORMALS,6
F1116,LILAC,34,MILANO FORMALS,1
F1116,LILAC,38,MILANO FORMALS,5
F1116,LILAC,40,MILANO FORMALS,17
F1116,NAVY,8,MILANO FORMALS,24
F1116,NAVY,10,MILANO FORMALS,1
F1116,NAVY,14,MILANO FORMALS,1
F1116,NAVY,30,MILANO FORMALS,1
F1116,NAVY,34,MILANO FORMALS,4
F1116,NAVY,38,MILANO FORMALS,5
F1116,NAVY,40,MILANO FORMALS,5
F1116,PINK,14,MILANO FORMALS,2
F1116,PINK,34,MILANO FORMALS,1
F1116,PINK,38,MILANO FORMALS,17
F1116,PINK,40,MILANO FORMALS,14
F1116,POOL,12,MILANO FORMALS,1
F1116,POOL,26,MILANO FORMALS,1
F1116,PURPLE,8,MILANO FORMALS,1
F1116,PURPLE,12,MILANO FORMALS,1
F1116,PURPLE,14,MILANO FORMALS,2
F1116,PURPLE,26,MILANO FORMALS,1
F1116,PURPLE,40,MILANO FORMALS,3
F1116,RED,12,MILANO FORMALS,1
F1116,RED,34,MILANO FORMALS,40
F1116,RED,38,MILANO FORMALS,32
F1116,RED,40,MILANO FORMALS,22
F1116,ROYAL,34,MILANO FORMALS,5
F1116,ROYAL,38,MILANO FORMALS,10
F1116,ROYAL,40,MILANO FORMALS,2
F1116,SAGE,20,MILANO FORMALS,1
F1116,SILVER,2,MILANO FORMALS,4
F1116,SILVER,8,MILANO FORMALS,8
F1116,SILVER,12,MILANO FORMALS,4
F1116,SILVER,38,MILANO FORMALS,2
F1116,SILVER,40,MILANO FORMALS,1
F1116,SKY BLUE,8,MILANO FORMALS,5
F1116,SKY BLUE,34,MILANO FORMALS,35
F1116,SKY BLUE,38,MILANO FORMALS,9
F1116,SKY BLUE,40,MILANO FORMALS,12
F1116,TRUFFLE,10,MILANO FORMALS,2
F1116,TRUFFLE,34,MILANO FORMALS,10
F1116,TRUFFLE,38,MILANO FORMALS,6
F1116,TRUFFLE,40,MILANO FORMALS,8
F1116,WHITE,34,MILANO FORMALS,2
F1116,WHITE,40,MILANO FORMALS,1
F570,APPLE RED,34,MILANO FORMALS,19
F570,APPLE RED,38,MILANO FORMALS,17
F570,APPLE RED,40,MILANO FORMALS,7
F570,BANANA,12,MILANO FORMALS,1
F570,BANANA,14,MILANO FORMALS,1
F570,BANANA,20,MILANO FORMALS,1
F570,BANANA,22,MILANO FORMALS,2
F570,BANANA,26,MILANO FORMALS,2
F570,BANANA,30,MILANO FORMALS,10
F570,BANANA,34,MILANO FORMALS,72
F570,BANANA,38,MILANO FORMALS,37
F570,BANANA,40,MILANO FORMALS,30
F570,BANANA YELLOW,22,MILANO FORMALS,6
F570,BANANA YELLOW,26,MILANO FORMALS,16
F570,BANANA YELLOW,30,MILANO FORMALS,52
F570,BANANA YELLOW,38,MILANO FORMALS,1
F570,BANANA YELLOW,40,MILANO FORMALS,4
F570,BLACK,2,MILANO FORMALS,1
F570,BLACK,8,MILANO FORMALS,1
F570,BLACK,38,MILANO FORMALS,7
F570,BLACK,40,MILANO FORMALS,3
F570,BURGUNDY,30,MILANO FORMALS,5
F570,BURGUNDY,34,MILANO FORMALS,46
F570,BURGUNDY,38,MILANO FORMALS,34
F570,BURGUNDY,40,MILANO FORMALS,26
F570,CHAMPAGNE,14,MILANO FORMALS,1
F570,CHAMPAGNE,26,MILANO FORMALS,6
F570,CHAMPAGNE,30,MILANO FORMALS,10
F570,CHAMPAGNE,34,MILANO FORMALS,19
F570,CHAMPAGNE,38,MILANO FORMALS,36
F570,CHAMPAGNE,40,MILANO FORMALS,32
F570,CORAL,14,MILANO FORMALS,1
F570,CORAL,16,MILANO FORMALS,1
F570,CORAL,26,MILANO FORMALS,1
F570,CORAL,30,MILANO FORMALS,15
F570,CORAL,34,MILANO FORMALS,38
F570,CORAL,38,MILANO FORMALS,23
F570,CORAL,40,MILANO FORMALS,22
F570,DARK GREEN,12,MILANO FORMALS,1
F570,DARK GREEN,16,MILANO FORMALS,1
F570,FUCHSIA,8,MILANO FORMALS,6
F570,FUCHSIA,10,MILANO FORMALS,1
F570,FUCHSIA,26,MILANO FORMALS,4
F570,FUCHSIA,30,MILANO FORMALS,19
F570,FUCHSIA,34,MILANO FORMALS,43
F570,FUCHSIA,38,MILANO FORMALS,46
F570,FUCHSIA,40,MILANO FORMALS,43
F570,GREEN,14,MILANO FORMALS,1
F570,GREEN,16,MILANO FORMALS,1
F570,IVORY,26,MILANO FORMALS,1
F570,IVORY,30,MILANO FORMALS,10
F570,IVORY,34,MILANO FORMALS,4
F570,IVORY,40,MILANO FORMALS,1
F570,LAVENDER,8,MILANO FORMALS,1
F570,LAVENDER,10,MILANO FORMALS,1
F570,LAVENDER,12,MILANO FORMALS,2
F570,LAVENDER,14,MILANO FORMALS,1
F570,LAVENDER,22,MILANO FORMALS,3
F570,LAVENDER,26,MILANO FORMALS,6
F570,LAVENDER,30,MILANO FORMALS,15
F570,LAVENDER,34,MILANO FORMALS,28
F570,LAVENDER,38,MILANO FORMALS,26
F570,LAVENDER,40,MILANO FORMALS,31
F570,LILAC,2,MILANO FORMALS,1
F570,LILAC,8,MILANO FORMALS,26
F570,LILAC,10,MILANO FORMALS,1
F570,LILAC,12,MILANO FORMALS,18
F570,LILAC,14,MILANO FORMALS,1
F570,LILAC,22,MILANO FORMALS,9
F570,LILAC,26,MILANO FORMALS,3
F570,LILAC,30,MILANO FORMALS,10
F570,LILAC,34,MILANO FORMALS,88
F570,LILAC,38,MILANO FORMALS,59
F570,LILAC,40,MILANO FORMALS,61
F570,MINT,14,MILANO FORMALS,2
F570,NAVY,2,MILANO FORMALS,2
F570,NAVY,5,MILANO FORMALS,1
F570,NAVY,6,MILANO FORMALS,1
F570,NAVY,8,MILANO FORMALS,12
F570,NAVY,10,MILANO FORMALS,23
F570,NAVY,12,MILANO FORMALS,3
F570,NAVY,14,MILANO FORMALS,3
F570,NAVY,18,MILANO FORMALS,10
F570,NAVY,22,MILANO FORMALS,1
F570,NAVY,26,MILANO FORMALS,1
F570,NAVY,30,MILANO FORMALS,14
F570,NAVY,34,MILANO FORMALS,33
F570,NAVY,38,MILANO FORMALS,9
F570,NAVY,40,MILANO FORMALS,10
F570,PEACH,2,MILANO FORMALS,1
F570,PEACH,8,MILANO FORMALS,7
F570,PEACH,10,MILANO FORMALS,14
F570,PEACH,26,MILANO FORMALS,3
F570,PEACH,30,MILANO FORMALS,13
F570,PEACH,34,MILANO FORMALS,9
F570,PEACH,38,MILANO FORMALS,22
F570,PEACH,40,MILANO FORMALS,19
F570,PERIWINKLE,8,MILANO FORMALS,1
F570,PERIWINKLE,10,MILANO FORMALS,1
F570,PERIWINKLE,12,MILANO FORMALS,1
F570,PERIWINKLE,14,MILANO FORMALS,1
F570,PERIWINKLE,30,MILANO FORMALS,1
F570,PERIWINKLE,34,MILANO FORMALS,15
F570,PERIWINKLE,38,MILANO FORMALS,14
F570,PERIWINKLE,40,MILANO FORMALS,12
F570,PERRI,8,MILANO FORMALS,22
F570,PERRI,10,MILANO FORMALS,6
F570,PERRI,12,MILANO FORMALS,13
F570,PERRI,14,MILANO FORMALS,3
F570,PERRI,18,MILANO FORMALS,1
F570,PERRI,22,MILANO FORMALS,2
F570,PERRI,26,MILANO FORMALS,11
F570,PERRI,30,MILANO FORMALS,24
F570,PERRI,34,MILANO FORMALS,45
F570,PERRI,38,MILANO FORMALS,26
F570,PERRI,40,MILANO FORMALS,19
F570,PINK,12,MILANO FORMALS,3
F570,PINK,14,MILANO FORMALS,1
F570,PINK,20,MILANO FORMALS,1
F570,PINK,22,MILANO FORMALS,23
F570,PINK,26,MILANO FORMALS,7
F570,PINK,30,MILANO FORMALS,39
F570,PINK,34,MILANO FORMALS,59
F570,PINK,38,MILANO FORMALS,33
F570,PINK,40,MILANO FORMALS,33
F570,POOL,8,MILANO FORMALS,3
F570,POOL,10,MILANO FORMALS,1
F570,POOL,12,MILANO FORMALS,3
F570,PURPLE,0,MILANO FORMALS,1
F570,PURPLE,2,MILANO FORMALS,6
F570,PURPLE,20,MILANO FORMALS,2
F570,PURPLE,24,MILANO FORMALS,22
F570,PURPLE,30,MILANO FORMALS,4
F570,PURPLE,34,MILANO FORMALS,6
F570,PURPLE,38,MILANO FORMALS,6
F570,PURPLE,40,MILANO FORMALS,9
F570,RED,10,MILANO FORMALS,1
F570,RED,20,MILANO FORMALS,1
F570,RED,30,MILANO FORMALS,47
F570,RED,34,MILANO FORMALS,71
F570,RED,38,MILANO FORMALS,8
F570,RED,40,MILANO FORMALS,1
F570,ROYAL,2,MILANO FORMALS,1
F570,ROYAL,6,MILANO FORMALS,1
F570,ROYAL,14,MILANO FORMALS,3
F570,ROYAL,22,MILANO FORMALS,1
F570,ROYAL,26,MILANO FORMALS,1
F570,ROYAL,34,MILANO FORMALS,23
F570,ROYAL,38,MILANO FORMALS,16
F570,ROYAL,40,MILANO FORMALS,28
F570,ROYAL BLUE,8,MILANO FORMALS,1
F570,ROYAL BLUE,14,MILANO FORMALS,2
F570,ROYAL BLUE,34,MILANO FORMALS,34
F570,ROYAL BLUE,38,MILANO FORMALS,5
F570,ROYAL BLUE,40,MILANO FORMALS,3
F570,SAGE,0,MILANO FORMALS,3
F570,SAGE,8,MILANO FORMALS,4
F570,SAGE,14,MILANO FORMALS,1
F570,SAGE,16,MILANO FORMALS,5
F570,SAGE,26,MILANO FORMALS,1
F570,SAGE,30,MILANO FORMALS,18
F570,SAGE,34,MILANO FORMALS,34
F570,SAGE,38,MILANO FORMALS,32
F570,SAGE,40,MILANO FORMALS,30
F570,SILVER,2,MILANO FORMALS,2
F570,SILVER,34,MILANO FORMALS,21
F570,SILVER,38,MILANO FORMALS,22
F570,SILVER,40,MILANO FORMALS,22
F570,SKY BLUE,8,MILANO FORMALS,4
F570,SKY BLUE,10,MILANO FORMALS,1
F570,SKY BLUE,14,MILANO FORMALS,5
F570,SKY BLUE,16,MILANO FORMALS,5
F570,SKY BLUE,18,MILANO FORMALS,1
F570,SKY BLUE,20,MILANO FORMALS,6
F570,SKY BLUE,22,MILANO FORMALS,2
F570,SKY BLUE,24,MILANO FORMALS,4
F570,SKY BLUE,26,MILANO FORMALS,15
F570,SKY BLUE,30,MILANO FORMALS,60
F570,SKY BLUE,34,MILANO FORMALS,84
F570,SKY BLUE,38,MILANO FORMALS,38
F570,SKY BLUE,40,MILANO FORMALS,31
F570,TEAL,22,MILANO FORMALS,1
F570,TRUFFLE,10,MILANO FORMALS,18
F570,TRUFFLE,12,MILANO FORMALS,1
F570,TRUFFLE,30,MILANO FORMALS,7
F570,TRUFFLE,34,MILANO FORMALS,17
F570,TRUFFLE,38,MILANO FORMALS,24
F570,TRUFFLE,40,MILANO FORMALS,21
F570,TURQUOISE,18,MILANO FORMALS,3
F570,TURQUOISE,22,MILANO FORMALS,7
F570,TURQUOISE,26,MILANO FORMALS,6
F570,TURQUOISE,30,MILANO FORMALS,2
F570,TURQUOISE,34,MILANO FORMALS,7
F570,TURQUOISE,38,MILANO FORMALS,7
F570,TURQUOISE,40,MILANO FORMALS,12
F570,VICTORIA LILAC,8,MILANO FORMALS,4
F570,VICTORIA LILAC,18,MILANO FORMALS,1
F570,VICTORIA LILAC,22,MILANO FORMALS,4
F570,VICTORIA LILAC,26,MILANO FORMALS,1
F570,VICTORIA LILAC,30,MILANO FORMALS,1
F570,VICTORIA LILAC,34,MILANO FORMALS,6
F570,VICTORIA LILAC,38,MILANO FORMALS,22
F570,VICTORIA LILAC,40,MILANO FORMALS,4
F570,WHITE,12,MILANO FORMALS,1
F570,WHITE,22,MILANO FORMALS,2
F570,WHITE,26,MILANO FORMALS,9
F570,WHITE,30,MILANO FORMALS,33
F570,WHITE,34,MILANO FORMALS,83
F570,WHITE,38,MILANO FORMALS,42
F570,WHITE,40,MILANO FORMALS,22
