STYLE NO.,COLOR,SIZE,BOX NUMBER,BRAND NAME,QUANTITY
1116,BANANA,5XL,36.0,,2.0
1116,BANANA,5XL,289.0,,11.0
1116,BANANA,6XL,25.0,,2.0
1116,BANANA,6XL,36.0,,4.0
1116,BANANA,6XL,289.0,,17.0
1116,BANANA,6XL,561.0,,1.0
1116,BANANA,7XL,25.0,,3.0
1116,BANANA,7XL,43.0,,1.0
1116,BANANA,7XL,289.0,,1.0
1116,BANANA,8XL,25.0,,7.0
1116,BANANA,8XL,43.0,,1.0
1116,BANANA,8XL,56.0,,2.0
1116,BANANA (FLOWER),6XL,25.0,,6.0
1116,BURGUNDY,3XL,87.0,,1.0
1116,BURGUNDY,7XL,87.0,,7.0
1116,BURGUNDY,7XL,326.0,,2.0
1116,BURGUNDY,8XL,326.0,,2.0
1116,CHAMPAGNE,8XL,287.0,,1.0
1116,CORAL,5XL,36.0,,2.0
1116,CORAL,6XL,4.0,,3.0
1116,CORAL,6XL,36.0,,6.0
1116,CORAL,7XL,4.0,,5.0
1116,CORAL,7XL,36.0,,10.0
1116,CORAL,7XL,289.0,,3.0
1116,CORAL,8XL,4.0,,7.0
1116,CORAL,8XL,13.0,,1.0
1116,CORAL,8XL,28.0,,3.0
1116,CORAL,8XL,36.0,,8.0
1116,CORAL,8XL,289.0,,1.0
1116,FUCHSIA,7XL,111.0,,4.0
1116,FUCHSIA,8XL,180.0,,3.0
1116,GOLD,3XL,295.0,,2.0
1116,GOLD,6XL,88.0,,15.0
1116,GOLD,6XL,287.0,,3.0
1116,GOLD,6XL,295.0,,3.0
1116,GOLD,7XL,287.0,,2.0
1116,GOLD,7XL,295.0,,4.0
1116,GOLD,8XL,88.0,,8.0
1116,GOLD,8XL,295.0,,3.0
1116,IVORY,S,298.0,,9.0
1116,NAVY,S,706.0,,2.0
1116,PINK,7XL,778.0,,6.0
1116,SILVER,7XL,50.0,,2.0
1116,SILVER,8XL,50.0,,1.0
1116,SILVER,S,50.0,,5.0
1116,SILVER,S,65.0,,1.0
570,APPLE RED,6XL,518.0,,19.0
570,APPLE RED,7XL,518.0,,17.0
570,APPLE RED,8XL,518.0,,7.0
570,BANANA,20,291.0,,1.0
570,BANANA,22,291.0,,1.0
570,BANANA,3XL,226.0,,1.0
570,BANANA,4XL,140.0,,1.0
570,BANANA,4XL,297.0,,1.0
570,BANANA,5XL,158.0,,1.0
570,BANANA,5XL,297.0,,6.0
570,BANANA,5XL,301.0,,1.0
570,BANANA,6XL,448.0,,18.0
570,BANANA,6XL,449.0,,4.0
570,BANANA,7XL,448.0,,37.0
570,BANANA,8XL,297.0,,1.0
570,BANANA,8XL,449.0,,29.0
570,BANANA YELLOW,3XL,11.0,MILANO,1.0
570,BANANA YELLOW,3XL,22.0,MILANO,1.0
570,BANANA YELLOW,3XL,24.0,MILANO,4.0
570,BANANA YELLOW,4XL,11.0,MILANO,2.0
570,BANANA YELLOW,4XL,22.0,MILANO,13.0
570,BANANA YELLOW,4XL,24.0,MILANO,1.0
570,BANANA YELLOW,5XL,11.0,MILANO,7.0
570,BANANA YELLOW,5XL,22.0,MILANO,45.0
570,BANANA YELLOW,7XL,24.0,MILANO,1.0
570,BANANA YELLOW,8XL,22.0,MILANO,4.0
570,BLACK,2,43.0,MILANO,1.0
570,BLACK,7XL,2.0,MILANO,1.0
570,BLACK,7XL,297.0,,4.0
570,BLACK,7XL,461.0,,1.0
570,BLACK,7XL,544.0,,1.0
570,BLACK,8XL,2.0,MILANO,1.0
570,BLACK,8XL,297.0,,2.0
570,BURGUNDY,5XL,196.0,,1.0
570,BURGUNDY,5XL,219.0,,1.0
570,BURGUNDY,5XL,311.0,,3.0
570,BURGUNDY,6XL,196.0,,9.0
570,BURGUNDY,6XL,219.0,,2.0
570,BURGUNDY,6XL,311.0,,5.0
570,BURGUNDY,6XL,313.0,,30.0
570,BURGUNDY,7XL,196.0,,16.0
570,BURGUNDY,7XL,218.0,,1.0
570,BURGUNDY,7XL,219.0,,6.0
570,BURGUNDY,7XL,313.0,,4.0
570,BURGUNDY,7XL,326.0,,7.0
570,BURGUNDY,8XL,196.0,,13.0
570,BURGUNDY,8XL,219.0,,5.0
570,BURGUNDY,8XL,326.0,,8.0
570,CHAMPAGNE,4XL,680.0,,3.0
570,CHAMPAGNE,4XL,705.0,,2.0
570,CHAMPAGNE,5XL,681.0,,10.0
570,CHAMPAGNE,6XL,664.0,,3.0
570,CHAMPAGNE,6XL,681.0,,16.0
570,CHAMPAGNE,7XL,680.0,,29.0
570,CHAMPAGNE,7XL,705.0,,7.0
570,CHAMPAGNE,8XL,62.0,,1.0
570,CHAMPAGNE,8XL,295.0,,1.0
570,CHAMPAGNE,8XL,680.0,,26.0
570,CHAMPAGNE,8XL,705.0,,4.0
570,CHAMPAGNE,XL,287.0,,1.0
570,CORAL,4XL,48.0,,1.0
570,CORAL,5XL,1.0,MILANO,13.0
570,CORAL,5XL,48.0,,1.0
570,CORAL,5XL,394.0,,1.0
570,CORAL,6XL,1.0,MILANO,25.0
570,CORAL,6XL,48.0,,3.0
570,CORAL,6XL,173.0,,1.0
570,CORAL,6XL,394.0,,9.0
570,CORAL,7XL,1.0,MILANO,11.0
570,CORAL,7XL,11.0,MILANO,1.0
570,CORAL,7XL,48.0,,3.0
570,CORAL,7XL,394.0,,8.0
570,CORAL,8XL,1.0,MILANO,12.0
570,CORAL,8XL,48.0,,1.0
570,CORAL,8XL,204.0,,1.0
570,CORAL,8XL,291.0,,1.0
570,CORAL,8XL,394.0,,6.0
570,CORAL,8XL,550.0,,1.0
570,DARK GREEN,12,178.0,,1.0
570,DARK GREEN,16,178.0,,1.0
570,FUCHSIA,5XL,34.0,MILANO,14.0
570,FUCHSIA,5XL,146.0,,5.0
570,FUCHSIA,6XL,19.0,MILANO,18.0
570,FUCHSIA,6XL,34.0,MILANO,10.0
570,FUCHSIA,6XL,146.0,,14.0
570,FUCHSIA,6XL,531.0,,1.0
570,FUCHSIA,7XL,19.0,MILANO,10.0
570,FUCHSIA,7XL,34.0,MILANO,19.0
570,FUCHSIA,7XL,146.0,,12.0
570,FUCHSIA,7XL,149.0,,3.0
570,FUCHSIA,7XL,173.0,,1.0
570,FUCHSIA,7XL,561.0,,1.0
570,FUCHSIA,8XL,19.0,MILANO,1.0
570,FUCHSIA,8XL,34.0,MILANO,9.0
570,FUCHSIA,8XL,146.0,,31.0
570,FUCHSIA,8XL,362.0,,1.0
570,FUCHSIA,8XL,622.0,,1.0
570,FUCHSIA,S,19.0,MILANO,6.0
570,GREEN,14,398.0,,1.0
570,GREEN,16,398.0,,1.0
570,IVORY,5XL,48.0,,9.0
570,IVORY,5XL,391.0,,1.0
570,IVORY,6XL,48.0,,3.0
570,IVORY,6XL,519.0,,1.0
570,IVORY,8XL,391.0,,1.0
570,LAVENDER,3XL,219.0,,1.0
570,LAVENDER,3XL,287.0,,2.0
570,LAVENDER,4XL,8.0,MILANO,1.0
570,LAVENDER,4XL,219.0,,1.0
570,LAVENDER,4XL,287.0,,4.0
570,LAVENDER,5XL,8.0,MILANO,6.0
570,LAVENDER,5XL,173.0,,1.0
570,LAVENDER,5XL,219.0,,1.0
570,LAVENDER,5XL,287.0,,7.0
570,LAVENDER,6XL,8.0,MILANO,5.0
570,LAVENDER,6XL,96.0,,12.0
570,LAVENDER,6XL,126.0,,1.0
570,LAVENDER,6XL,219.0,,1.0
570,LAVENDER,6XL,287.0,,8.0
570,LAVENDER,6XL,295.0,,1.0
570,LAVENDER,7XL,8.0,MILANO,1.0
570,LAVENDER,7XL,96.0,,16.0
570,LAVENDER,7XL,126.0,,9.0
570,LAVENDER,8XL,96.0,,12.0
570,LAVENDER,8XL,126.0,,18.0
570,LAVENDER,L,219.0,,1.0
570,LAVENDER,L,287.0,,1.0
570,LAVENDER,M,219.0,,1.0
570,LAVENDER,S,219.0,,1.0
570,LAVENDER,XL,287.0,,1.0
570,LILAC,2,154.0,,1.0
570,LILAC,26,154.0,,1.0
570,LILAC,3XL,508.0,,3.0
570,LILAC,3XL,814.0,,6.0
570,LILAC,4XL,603.0,,1.0
570,LILAC,4XL,814.0,,1.0
570,LILAC,5XL,814.0,,10.0
570,LILAC,6XL,3.0,MILANO,3.0
570,LILAC,6XL,8.0,MILANO,35.0
570,LILAC,6XL,17.0,MILANO,1.0
570,LILAC,6XL,48.0,,3.0
570,LILAC,6XL,58.0,,32.0
570,LILAC,6XL,328.0,,1.0
570,LILAC,6XL,531.0,,1.0
570,LILAC,6XL,814.0,,12.0
570,LILAC,7XL,3.0,MILANO,2.0
570,LILAC,7XL,8.0,MILANO,2.0
570,LILAC,7XL,10.0,MILANO,24.0
570,LILAC,7XL,17.0,MILANO,3.0
570,LILAC,7XL,48.0,,2.0
570,LILAC,7XL,297.0,,1.0
570,LILAC,7XL,325.0,,6.0
570,LILAC,7XL,328.0,,19.0
570,LILAC,8,154.0,,1.0
570,LILAC,8XL,3.0,MILANO,22.0
570,LILAC,8XL,8.0,MILANO,1.0
570,LILAC,8XL,17.0,MILANO,5.0
570,LILAC,8XL,58.0,,5.0
570,LILAC,8XL,325.0,,1.0
570,LILAC,8XL,328.0,,17.0
570,LILAC,8XL,814.0,,10.0
570,LILAC,L,3.0,MILANO,1.0
570,LILAC,L,65.0,,17.0
570,LILAC,M,814.0,,1.0
570,LILAC,S,3.0,MILANO,1.0
570,LILAC,S,65.0,,19.0
570,LILAC,S,148.0,,1.0
570,LILAC,S,508.0,,2.0
570,LILAC,S,814.0,,2.0
570,LILAC,XL,508.0,,1.0
570,MINT,14,180.0,,2.0
570,NAVY,2,64.0,,2.0
570,NAVY,2XL,2.0,MILANO,3.0
570,NAVY,2XL,5.0,MILANO,4.0
570,NAVY,2XL,288.0,,1.0
570,NAVY,3XL,288.0,,1.0
570,NAVY,4XL,5.0,MILANO,1.0
570,NAVY,5,64.0,,1.0
570,NAVY,5XL,2.0,MILANO,4.0
570,NAVY,5XL,5.0,MILANO,7.0
570,NAVY,5XL,24.0,MILANO,3.0
570,NAVY,6,64.0,,1.0
570,NAVY,6XL,2.0,MILANO,6.0
570,NAVY,6XL,5.0,MILANO,26.0
570,NAVY,6XL,362.0,,1.0
570,NAVY,7XL,2.0,MILANO,2.0
570,NAVY,7XL,5.0,MILANO,6.0
570,NAVY,7XL,24.0,MILANO,1.0
570,NAVY,8XL,2.0,MILANO,1.0
570,NAVY,8XL,5.0,MILANO,6.0
570,NAVY,8XL,23.0,MILANO,1.0
570,NAVY,8XL,65.0,,1.0
570,NAVY,8XL,338.0,,1.0
570,NAVY,L,288.0,,3.0
570,NAVY,M,2.0,MILANO,14.0
570,NAVY,M,5.0,MILANO,1.0
570,NAVY,M,29.0,MILANO,1.0
570,NAVY,M,288.0,,2.0
570,NAVY,M,318.0,,4.0
570,NAVY,M,664.0,,1.0
570,NAVY,S,2.0,MILANO,7.0
570,NAVY,S,5.0,MILANO,1.0
570,NAVY,S,288.0,,2.0
570,NAVY,S,318.0,,2.0
570,NAVY,XL,288.0,,1.0
570,PEACH,2,291.0,,1.0
570,PEACH,4XL,128.0,,3.0
570,PEACH,5XL,27.0,MILANO,10.0
570,PEACH,5XL,65.0,,1.0
570,PEACH,5XL,128.0,,2.0
570,PEACH,6XL,27.0,MILANO,7.0
570,PEACH,6XL,128.0,,2.0
570,PEACH,7XL,27.0,MILANO,14.0
570,PEACH,7XL,128.0,,8.0
570,PEACH,8XL,27.0,MILANO,10.0
570,PEACH,8XL,128.0,,9.0
570,PEACH,M,27.0,MILANO,3.0
570,PEACH,M,65.0,,1.0
570,PEACH,M,128.0,,5.0
570,PEACH,M,218.0,,5.0
570,PEACH,S,27.0,MILANO,3.0
570,PEACH,S,128.0,,4.0
570,PERIWINKLE,5XL,532.0,,1.0
570,PERIWINKLE,6XL,532.0,,15.0
570,PERIWINKLE,7XL,532.0,,14.0
570,PERIWINKLE,8XL,532.0,,12.0
570,PERIWINKLE,M,23.0,MILANO,1.0
570,PERRI,22,171.0,,1.0
570,PERRI,2XL,30.0,MILANO,1.0
570,PERRI,3XL,30.0,MILANO,1.0
570,PERRI,4XL,30.0,MILANO,6.0
570,PERRI,4XL,48.0,,5.0
570,PERRI,5XL,30.0,MILANO,23.0
570,PERRI,5XL,171.0,,1.0
570,PERRI,6XL,530.0,,18.0
570,PERRI,6XL,616.0,,16.0
570,PERRI,6XL,815.0,,11.0
570,PERRI,7XL,530.0,,7.0
570,PERRI,7XL,616.0,,9.0
570,PERRI,7XL,815.0,,10.0
570,PERRI,8XL,530.0,,5.0
570,PERRI,8XL,616.0,,4.0
570,PERRI,8XL,815.0,,10.0
570,PERRI,L,17.0,MILANO,2.0
570,PERRI,L,30.0,MILANO,5.0
570,PERRI,L,48.0,,6.0
570,PERRI,M,30.0,MILANO,3.0
570,PERRI,M,48.0,,3.0
570,PERRI,S,17.0,MILANO,3.0
570,PERRI,S,30.0,MILANO,14.0
570,PERRI,S,48.0,,4.0
570,PERRI,S,171.0,,1.0
570,PERRI,XL,30.0,MILANO,2.0
570,PERRI,XL,48.0,,1.0
570,PINK,12,297.0,,2.0
570,PINK,14,181.0,,1.0
570,PINK,20,297.0,,1.0
570,PINK,26,297.0,,2.0
570,PINK,3XL,13.0,MILANO,4.0
570,PINK,3XL,49.0,,11.0
570,PINK,3XL,297.0,,0.0
570,PINK,4XL,13.0,MILANO,1.0
570,PINK,4XL,49.0,,1.0
570,PINK,5XL,17.0,MILANO,1.0
570,PINK,5XL,37.0,MILANO,19.0
570,PINK,5XL,49.0,,12.0
570,PINK,5XL,297.0,,1.0
570,PINK,5XL,362.0,,2.0
570,PINK,6XL,11.0,MILANO,1.0
570,PINK,6XL,13.0,MILANO,2.0
570,PINK,6XL,17.0,MILANO,5.0
570,PINK,6XL,37.0,MILANO,7.0
570,PINK,6XL,49.0,,16.0
570,PINK,6XL,112.0,,5.0
570,PINK,6XL,226.0,,1.0
570,PINK,6XL,297.0,,13.0
570,PINK,6XL,362.0,,5.0
570,PINK,7XL,11.0,MILANO,1.0
570,PINK,7XL,13.0,MILANO,2.0
570,PINK,7XL,17.0,MILANO,3.0
570,PINK,7XL,37.0,MILANO,3.0
570,PINK,7XL,49.0,,10.0
570,PINK,7XL,112.0,,3.0
570,PINK,7XL,297.0,,6.0
570,PINK,8XL,13.0,MILANO,2.0
570,PINK,8XL,17.0,MILANO,2.0
570,PINK,8XL,37.0,MILANO,3.0
570,PINK,8XL,49.0,,4.0
570,PINK,8XL,112.0,,7.0
570,PINK,8XL,297.0,,10.0
570,PINK,L,297.0,,1.0
570,PURPLE,0,52.0,,1.0
570,RED,5XL,419.0,,4.0
570,RED,5XL,514.0,,41.0
570,RED,5XL,659.0,,2.0
570,RED,6XL,419.0,,5.0
570,RED,6XL,463.0,,2.0
570,RED,6XL,513.0,,61.0
570,RED,6XL,514.0,,1.0
570,RED,6XL,616.0,,2.0
570,RED,7XL,616.0,,8.0
570,RED,8XL,513.0,,1.0
570,ROYAL,2,64.0,,1.0
570,ROYAL,22,64.0,,1.0
570,ROYAL,26,64.0,,1.0
570,ROYAL,6,64.0,,1.0
570,ROYAL,6XL,64.0,,5.0
570,ROYAL,6XL,166.0,,9.0
570,ROYAL,6XL,269.0,,1.0
570,ROYAL,6XL,325.0,,8.0
570,ROYAL,7XL,166.0,,13.0
570,ROYAL,7XL,226.0,,1.0
570,ROYAL,7XL,325.0,,2.0
570,ROYAL,8XL,64.0,,2.0
570,ROYAL,8XL,166.0,,9.0
570,ROYAL,8XL,226.0,,1.0
570,ROYAL,8XL,325.0,,15.0
570,ROYAL,XL,64.0,,1.0
570,ROYAL,XL,325.0,,2.0
570,ROYAL BLUE,6XL,11.0,MILANO,3.0
570,ROYAL BLUE,6XL,43.0,MILANO,1.0
570,ROYAL BLUE,6XL,106.0,,1.0
570,ROYAL BLUE,8XL,11.0,MILANO,1.0
570,ROYAL BLUE,S,11.0,MILANO,1.0
570,ROYAL BLUE,XL,122.0,,1.0
570,SAGE,0,193.0,,3.0
570,SAGE,14,193.0,,1.0
570,SAGE,16,193.0,,5.0
570,SAGE,4XL,821.0,,1.0
570,SAGE,5XL,628.0,,4.0
570,SAGE,5XL,761.0,,1.0
570,SAGE,5XL,821.0,,13.0
570,SAGE,6XL,628.0,,3.0
570,SAGE,6XL,821.0,,31.0
570,SAGE,7XL,628.0,,23.0
570,SAGE,7XL,821.0,,9.0
570,SAGE,8XL,628.0,,30.0
570,SAGE,S,628.0,,3.0
570,SAGE,S,821.0,,1.0
570,SILVER,2,42.0,MILANO,2.0
570,SILVER,6XL,621.0,,3.0
570,SILVER,6XL,760.0,,18.0
570,SILVER,7XL,621.0,,5.0
570,SILVER,7XL,760.0,,17.0
570,SILVER,8XL,621.0,,5.0
570,SILVER,8XL,623.0,,11.0
570,SILVER,8XL,760.0,,6.0
570,SKY BLUE,20,178.0,,1.0
570,SKY BLUE,22,178.0,,1.0
570,SKY BLUE,4XL,40.0,MILANO,3.0
570,SKY BLUE,5XL,40.0,MILANO,41.0
570,SKY BLUE,5XL,218.0,,18.0
570,SKY BLUE,6XL,40.0,MILANO,15.0
570,SKY BLUE,6XL,218.0,,10.0
570,SKY BLUE,6XL,506.0,,50.0
570,SKY BLUE,6XL,515.0,,6.0
570,SKY BLUE,7XL,507.0,,36.0
570,SKY BLUE,8XL,507.0,,14.0
570,SKY BLUE,8XL,508.0,,15.0
570,SKY BLUE,XL,508.0,,1.0
570,TRUFFLE,8XL,112.0,,15.0
570,TRUFFLE,8XL,177.0,,1.0
570,TURQUOISE,2XL,699.0,,3.0
570,TURQUOISE,3XL,688.0,,3.0
570,TURQUOISE,3XL,768.0,,1.0
570,TURQUOISE,6XL,688.0,,3.0
570,TURQUOISE,7XL,688.0,,5.0
570,TURQUOISE,8XL,699.0,,5.0
570,VICTORIA LILAC,2XL,834.0,,1.0
570,VICTORIA LILAC,3XL,834.0,,4.0
570,VICTORIA LILAC,4XL,834.0,,1.0
570,VICTORIA LILAC,5XL,834.0,,1.0
570,VICTORIA LILAC,6XL,11.0,MILANO,1.0
570,VICTORIA LILAC,6XL,834.0,,5.0
570,VICTORIA LILAC,7XL,815.0,,17.0
570,VICTORIA LILAC,7XL,834.0,,5.0
570,VICTORIA LILAC,8XL,834.0,,4.0
570,VICTORIA LILAC,S,834.0,,4.0
570,WHITE,3XL,681.0,,2.0
570,WHITE,4XL,681.0,,3.0
570,WHITE,4XL,810.0,,1.0
570,WHITE,5XL,681.0,,19.0
570,WHITE,5XL,682.0,,10.0
570,WHITE,5XL,810.0,,4.0
570,WHITE,6XL,519.0,,41.0
570,WHITE,6XL,539.0,,42.0
570,WHITE,7XL,519.0,,7.0
570,WHITE,7XL,540.0,,35.0
570,WHITE,8XL,518.0,,9.0
570,WHITE,8XL,539.0,,13.0
570,WHITE,L,681.0,,1.0
AA9270,APPLE RED,12,383.0,,1.0
AA9270,BURGUNDY,6,172.0,,2.0
AA9270,IVORY,12,579.0,,1.0
AA9270,LAVENDER,12,621.0,,5.0
AA9270,LAVENDER,14,621.0,,1.0
AA9270,LAVENDER,6,621.0,,1.0
AA9270,LAVENDER,8,621.0,,1.0
AA9270,WHITE,12,153.0,,1.0
AA9270,WHITE,18,153.0,,1.0
AA9270,WHITE,2,153.0,,1.0
AA9270,WHITE,6,226.0,,1.0
AA9270,WHITE,6,852.0,,1.0
AA9270,WHITE BURGUNDY,14,214.0,,1.0
AA9270,WHITE BURGUNDY,6,214.0,,1.0
AA9270,WHITE NAVY,12,172.0,,1.0
AA9270,WHITE NAVY,12,214.0,,1.0
AA9270,WHITE NAVY,22,172.0,,1.0
AA9270,WHITE/BURGUNDY,0,316.0,,2.0
AA9270,WHITE/BURGUNDY,12,322.0,,2.0
AA9270,WHITE/BURGUNDY,14,268.0,,1.0
AA9270,WHITE/BURGUNDY,18,316.0,,2.0
AA9270,WHITE/BURGUNDY,6,142.0,,1.0
AA9270,WHITE/BURGUNDY,8,316.0,,1.0
AA9270,WHITE/IVORY,12,153.0,,1.0
AA9270,WHITE/IVORY,16,153.0,,2.0
AA9270,WHITE/IVORY,24,153.0,,2.0
AA9270,WHITE/IVORY,6,153.0,,1.0
AA9270,WHITE/IVORY,8,153.0,,1.0
AA9270,WHITE/NAVY,10,316.0,,2.0
AA9270,WHITE/NAVY,10,630.0,,5.0
AA9270,WHITE/NAVY,12,142.0,,1.0
AA9270,WHITE/NAVY,12,322.0,,2.0
AA9270,WHITE/NAVY,14,142.0,,1.0
AA9270,WHITE/NAVY,16,316.0,,4.0
AA9270,WHITE/NAVY,22,316.0,,1.0
AA9270,WHITE/NAVY,24,227.0,,1.0
AA9270,WHITE/NAVY,24,793.0,,2.0
AA9270,WHITE/NAVY,26,793.0,,1.0
AA9270,WHITE/NAVY,6,142.0,,1.0
AA9270,WHITE/NAVY,6,630.0,,3.0
AA9270,WHITE/NAVY,8,316.0,,3.0
AA9270,WHITE/NAVY,8,630.0,,4.0
AA9270,WHITE/NAVY,9,266.0,,1.0
AA9270,WHITE/RED,6,316.0,,6.0
B8486,BLACK,16,42.0,,1.0
B8486,BLACK/FUCHSIA,2XL,669.0,,2.0
B8486,BLACK/FUCHSIA,L,108.0,,5.0
B8486,BLACK/FUCHSIA,L,824.0,,1.0
B8486,BLACK/FUCHSIA,L,853.0,,1.0
B8486,BLACK/FUCHSIA,M,108.0,,6.0
B8486,BLACK/FUCHSIA,M,562.0,,2.0
B8486,BLACK/FUCHSIA,M,853.0,,1.0
B8486,BLACK/FUCHSIA,S,464.0,,1.0
B8486,BLACK/FUCHSIA,S,475.0,,4.0
B8486,BLACK/FUCHSIA,S,568.0,,3.0
B8486,BLACK/FUCHSIA,S,627.0,,1.0
B8486,BLACK/FUCHSIA,S,644.0,,1.0
B8486,BLACK/FUCHSIA,S,784.0,,2.0
B8486,BLACK/FUCHSIA,XL,480.0,,2.0
B8486,BLACK/FUCHSIA,XL,568.0,,1.0
B8486,BLACK/FUCHSIA,XL,585.0,,2.0
B8486,BLACK/FUCHSIA,XL,644.0,,1.0
B8486,BLACK/FUCHSIA,XL,732.0,,1.0
B8486,BLACK/FUCHSIA,XL,736.0,,1.0
B8486,BLACK/FUCHSIA,XL,784.0,,2.0
B8486,BLACK/FUCHSIA,XL,853.0,,2.0
B8486,BLACK/LILAC,2XL,480.0,,5.0
B8486,BLACK/LILAC,2XL,668.0,,2.0
B8486,BLACK/LILAC,2XL,784.0,,3.0
B8486,BLACK/LILAC,2XL,814.0,,2.0
B8486,BLACK/LILAC,2XL,853.0,,2.0
B8486,BLACK/LILAC,2XL,854.0,,1.0
B8486,BLACK/LILAC,3XL,108.0,,1.0
B8486,BLACK/LILAC,3XL,480.0,,11.0
B8486,BLACK/LILAC,3XL,488.0,,1.0
B8486,BLACK/LILAC,3XL,568.0,,1.0
B8486,BLACK/LILAC,3XL,585.0,,1.0
B8486,BLACK/LILAC,3XL,671.0,,2.0
B8486,BLACK/LILAC,3XL,791.0,,2.0
B8486,BLACK/LILAC,L,475.0,,20.0
B8486,BLACK/LILAC,L,488.0,,2.0
B8486,BLACK/LILAC,L,568.0,,1.0
B8486,BLACK/LILAC,L,570.0,,2.0
B8486,BLACK/LILAC,L,585.0,,1.0
B8486,BLACK/LILAC,L,817.0,,2.0
B8486,BLACK/LILAC,L,853.0,,1.0
B8486,BLACK/LILAC,M,473.0,,7.0
B8486,BLACK/LILAC,M,568.0,,4.0
B8486,BLACK/LILAC,M,853.0,,1.0
B8486,BLACK/LILAC,S,473.0,,16.0
B8486,BLACK/LILAC,S,531.0,,1.0
B8486,BLACK/LILAC,S,550.0,,1.0
B8486,BLACK/LILAC,S,568.0,,1.0
B8486,BLACK/LILAC,S,791.0,,3.0
B8486,BLACK/LILAC,XL,475.0,,13.0
B8486,BLACK/LILAC,XL,531.0,,1.0
B8486,BLACK/LILAC,XL,568.0,,1.0
B8486,BLACK/LILAC,XL,763.0,,1.0
B8486,BLACK/LILAC,XL,853.0,,1.0
B8486,BLACK/LIME,M,644.0,,2.0
B8486,BLACK/LIME,XL,644.0,,2.0
B8608,LILAC,2XL,603.0,,3.0
B8608,LILAC,3XL,603.0,,5.0
B8608,LILAC,L,603.0,,6.0
B8608,LILAC,M,603.0,,8.0
B8608,LILAC,M,850.0,,1.0
B8608,LILAC,S,484.0,,2.0
B8608,LILAC,S,603.0,,7.0
B8608,LILAC,XL,603.0,,5.0
B8608,PINK,2XL,603.0,,2.0
B8608,PINK,L,603.0,,2.0
B8608,PINK,L,850.0,,1.0
B8608,PINK,S,603.0,,3.0
B8608,PINK,XL,585.0,,8.0
B8608,PINK,XL,603.0,,1.0
B8608,SKY BLUE,2XL,416.0,,4.0
B8608,SKY BLUE,2XL,793.0,,2.0
B8608,SKY BLUE,3XL,416.0,,5.0
B8608,SKY BLUE,3XL,793.0,,1.0
B8608,SKY BLUE,L,416.0,,9.0
B8608,SKY BLUE,M,416.0,,8.0
B8608,SKY BLUE,M,793.0,,1.0
B8608,SKY BLUE,S,416.0,,10.0
B8608,SKY BLUE,XL,416.0,,6.0
B8608,SKY BLUE,XL,793.0,,1.0
B8808,IVORY,S,51.0,,14.0
B8808,IVORY,S,104.0,,1.0
B8808,IVORY,S,111.0,,2.0
B8808,IVORY,S,173.0,,1.0
B8808,IVORY,S,226.0,,1.0
B8808,IVORY,S,233.0,,3.0
B8808,IVORY,S,268.0,,1.0
B8808,IVORY,S,272.0,,1.0
B8808,IVORY,S,556.0,,1.0
B8808,IVORY/BLACK,S,51.0,,1.0
B8808,IVORY/NAVY,L,17.0,,2.0
B8808,IVORY/NAVY,L,21.0,,2.0
B8808,IVORY/NAVY,L,294.0,,2.0
B8808,IVORY/NAVY,M,17.0,,3.0
B8808,IVORY/NAVY,S,17.0,,4.0
B8808,IVORY/NAVY,S,21.0,,3.0
B8808,IVORY/NAVY,S,29.0,,1.0
B8808,IVORY/NAVY,S,43.0,,1.0
B8808,IVORY/NAVY,S,294.0,,1.0
B8808,IVORY/NAVY,XL,17.0,,1.0
B8808,IVORY/NAVY,XL,21.0,,2.0
B8808,IVORY/NAVY,XL,301.0,,1.0
B8808,NAVY/IVORY,L,328.0,,1.0
B8808,NAVY/IVORY,M,268.0,,2.0
B8808,NAVY/IVORY,M,328.0,,1.0
B8808,NAVY/IVORY,S,268.0,,4.0
B8808,NAVY/IVORY,S,328.0,,5.0
B8808,WHITE,4,104.0,,1.0
B8865,BROWN,10,164.0,,1.0
B8865,CLARET,10,599.0,,1.0
B8865,CLARET,10,661.0,,2.0
B8865,CLARET,10,824.0,,1.0
B8865,CLARET,12,661.0,,1.0
B8865,CLARET,14,661.0,,2.0
B8865,CLARET,16,243.0,,1.0
B8865,CLARET,18,565.0,,1.0
B8865,CLARET,18,663.0,,2.0
B8865,CLARET,22,565.0,,1.0
B8865,CLARET,22,592.0,,1.0
B8865,CLARET,22,663.0,,2.0
B8865,CLARET,26,661.0,,1.0
B8865,CLARET,26,663.0,,2.0
B8865,CLARET,34,565.0,,1.0
B8865,CLARET,34,644.0,,3.0
B8865,CLARET,4,577.0,,1.0
B8865,CLARET,4,599.0,,3.0
B8865,CLARET,4,663.0,,2.0
B8865,CLARET,40,644.0,,1.0
B8865,CLARET,40,663.0,,1.0
B8865,CLARET,6,599.0,,4.0
B8865,CLARET,6,663.0,,2.0
B8865,CLARET,7XL,645.0,,7.0
B8865,CLARET,7XL,663.0,,1.0
B8865,CLARET,8,599.0,,1.0
B8865,CLARET,8,661.0,,1.0
B8865,CLARET,M,661.0,,1.0
B8865,CLARET,S,661.0,,1.0
B8865,IVORY,8XL,420.0,,1.0
B8865,IVORY,M,420.0,,1.0
B8865,IVORY,M,823.0,,7.0
B8865,IVORY,S,822.0,,5.0
B8865,POOL,22,326.0,,1.0
B8865,PURPLE,20,442.0,,1.0
B8865,PURPLE,30,452.0,,1.0
B8865,PURPLE,34,442.0,,3.0
B8865,PURPLE,4,294.0,,1.0
B8865,PURPLE,6XL,442.0,,2.0
B8865,PURPLE,8XL,148.0,,1.0
B8865,PURPLE,8XL,449.0,,4.0
B8865,PURPLE,8XL,808.0,,1.0
B8865,PURPLE,M,442.0,,1.0
B8865,PURPLE,S,442.0,,12.0
B8865,PURPLE,S,446.0,,2.0
B8865,ROYAL,L,676.0,,1.0
B8865,SAGE,7XL,704.0,,3.0
B8865,SAGE,8XL,704.0,,5.0
B8865,SANGRIA,2,267.0,,1.0
B8865,SANGRIA,5XL,450.0,,1.0
B8865,SANGRIA,6XL,450.0,,5.0
B8865,SANGRIA,6XL,484.0,,1.0
B8865,SANGRIA,7XL,148.0,,1.0
B8865,SANGRIA,7XL,450.0,,6.0
B8865,SANGRIA,8XL,450.0,,6.0
B8865,SANGRIA,S,148.0,,1.0
B8865,SANGRIA,S,484.0,,1.0
B8865,SILVER,S,486.0,,1.0
B8865,SKY BLUE,7XL,431.0,,3.0
B8865,SKY BLUE,7XL,486.0,,1.0
B8865,SKY BLUE,8XL,431.0,,4.0
B8865,TRUFFLE,10,656.0,,2.0
B8865,TRUFFLE,12,618.0,,2.0
B8865,TRUFFLE,12,744.0,,3.0
B8865,TRUFFLE,12,786.0,,1.0
B8865,TRUFFLE,14,656.0,,1.0
B8865,TRUFFLE,20,656.0,,1.0
B8865,TRUFFLE,22,656.0,,1.0
B8865,TRUFFLE,24,656.0,,3.0
B8865,TRUFFLE,26,657.0,,2.0
B8865,TRUFFLE,28,657.0,,1.0
B8865,TRUFFLE,30,656.0,,1.0
B8865,TRUFFLE,34,656.0,,2.0
B8865,TRUFFLE,4,472.0,,6.0
B8865,TRUFFLE,4,618.0,,1.0
B8865,TRUFFLE,6,469.0,,3.0
B8865,TRUFFLE,6,618.0,,2.0
B8865,TRUFFLE,8,472.0,,7.0
B8865,TRUFFLE,8,473.0,,7.0
B8865,TRUFFLE,8,618.0,,2.0
B8865,TRUFFLE,L,569.0,,1.0
B8865,TRUFFLE,L,618.0,,1.0
B8865,TRUFFLE,L,744.0,,4.0
B8865,TRUFFLE,S,472.0,,12.0
B8865,TRUFFLE,S,618.0,,1.0
B8865,WHITE,10,605.0,,2.0
B8865,WHITE,12,420.0,,4.0
B8865,WHITE,12,606.0,,3.0
B8865,WHITE,16,606.0,,1.0
B8865,WHITE,16,618.0,,2.0
B8865,WHITE,2,137.0,,1.0
B8865,WHITE,20,618.0,,1.0
B8865,WHITE,24,420.0,,2.0
B8865,WHITE,24,618.0,,1.0
B8865,WHITE,28,420.0,,2.0
B8865,WHITE,32,420.0,,3.0
B8865,WHITE,34,606.0,,2.0
B8865,WHITE,36,420.0,,1.0
B8865,WHITE,4,605.0,,1.0
B8865,WHITE,4,618.0,,1.0
B8865,WHITE,4,822.0,,1.0
B8865,WHITE,4,833.0,,1.0
B8865,WHITE,40,80.0,MILANO FORMALS,2.0
B8865,WHITE,6,605.0,,2.0
B8865,WHITE,8,605.0,,3.0
B8865,WHITE,8,618.0,,1.0
B8865,WHITE,8,822.0,,3.0
B8998,APPLE RED,10,291.0,,2.0
B8998,APPLE RED,24,291.0,,1.0
B8998,APPLE RED,4,646.0,,1.0
B8998,APPLE RED,L,646.0,,2.0
B8998,APPLE RED,XL,646.0,,3.0
B8998,CHAMPAGNE,18,620.0,,1.0
B8998,CLARET,10,134.0,,1.0
B8998,CLARET,16,461.0,,2.0
B8998,CLARET,16,646.0,,4.0
B8998,CLARET,4,134.0,,9.0
B8998,CLARET,6,134.0,,7.0
B8998,CLARET,8,134.0,,2.0
B8998,CLARET,M,134.0,,3.0
B8998,CLARET,S,134.0,,2.0
B8998,CORAL,10,474.0,,2.0
B8998,CORAL,10,503.0,,1.0
B8998,CORAL,12,517.0,,2.0
B8998,CORAL,12,565.0,,2.0
B8998,CORAL,12,800.0,,2.0
B8998,CORAL,14,474.0,,1.0
B8998,CORAL,16,474.0,,6.0
B8998,CORAL,22,800.0,,1.0
B8998,CORAL,38,800.0,,2.0
B8998,CORAL,4,251.0,,1.0
B8998,CORAL,4,474.0,,3.0
B8998,CORAL,4,480.0,,1.0
B8998,CORAL,4,496.0,,3.0
B8998,CORAL,4,508.0,,1.0
B8998,CORAL,4,538.0,,4.0
B8998,CORAL,4,691.0,,3.0
B8998,CORAL,4,800.0,,2.0
B8998,CORAL,40,800.0,,1.0
B8998,CORAL,6,474.0,,3.0
B8998,CORAL,6,800.0,,2.0
B8998,CORAL,8,509.0,,1.0
B8998,CORAL,8,517.0,,1.0
B8998,CORAL,8,565.0,,1.0
B8998,CORAL,8,568.0,,1.0
B8998,CORAL,8,691.0,,6.0
B8998,CORAL,8,800.0,,2.0
B8998,CORAL,L,565.0,,1.0
B8998,CORAL,S,538.0,,1.0
B8998,LIGHT GREEN,S,26.0,,8.0
B8998,POOL,10,503.0,,2.0
B8998,POOL,10,566.0,,2.0
B8998,POOL,12,566.0,,1.0
B8998,POOL,12,654.0,,2.0
B8998,POOL,4,654.0,,1.0
B8998,POOL,8,654.0,,1.0
B8998,POOL,8,753.0,,2.0
B8998,POOL,M,654.0,,1.0
B8998,POOL,S,654.0,,1.0
B8998,POOL,XL,654.0,,1.0
B8998,RED,10,133.0,,5.0
B8998,RED,10,291.0,,1.0
B8998,RED,12,133.0,,3.0
B8998,RED,12,482.0,,4.0
B8998,RED,12,646.0,,1.0
B8998,RED,20,291.0,,1.0
B8998,RED,4,133.0,,4.0
B8998,RED,6,133.0,,1.0
B8998,RED,8,133.0,,9.0
B8998,ROYAL,12,620.0,,1.0
B8998,ROYAL,12,739.0,,1.0
B8998,ROYAL,4,739.0,,2.0
B8998,ROYAL,6,739.0,,5.0
B8998,ROYAL,8,739.0,,1.0
B8998,ROYAL,S,739.0,,1.0
B8998,SANGRIA,12,620.0,,3.0
B8998,SANGRIA,2,58.0,,1.0
B8998,SANGRIA,20,763.0,,3.0
B8998,SANGRIA,2XL,620.0,,3.0
B8998,SANGRIA,34,620.0,,1.0
B8998,SANGRIA,38,646.0,,1.0
B8998,SANGRIA,4,620.0,,3.0
B8998,SANGRIA,4,770.0,,1.0
B8998,SANGRIA,6,620.0,,2.0
B8998,SANGRIA,8,620.0,,2.0
B8998,SANGRIA,8,770.0,,2.0
B8998,SANGRIA,XL,620.0,,1.0
B8998,TRUFFLE,12,753.0,,2.0
B8998,TRUFFLE,M,752.0,,1.0
B8998,TRUFFLE,S,753.0,,9.0
B8998,WHITE,18,645.0,,1.0
B8998,WHITE,2,42.0,,1.0
B8998,WHITE,4,586.0,,5.0
B8998,WHITE,4,733.0,,9.0
B8998,WHITE,4,797.0,,1.0
B8998,WHITE,6,645.0,,1.0
B8998,WHITE,8,586.0,,10.0
B8998,WHITE,8,645.0,,3.0
B8998,WHITE,L,795.0,,2.0
B8998,WHITE,M,795.0,,2.0
B8998,WHITE,S,733.0,,1.0
B8998,WHITE,S,795.0,,1.0
B8998,WHITE,S,797.0,,1.0
B8998,WINE,22,672.0,,1.0
B9000,BURGUNDY,6XL,544.0,,1.0
B9000,BURGUNDY,6XL,659.0,,1.0
B9000,BURGUNDY,6XL,810.0,,2.0
B9000,BURGUNDY,S,426.0,,5.0
B9000,BURGUNDY,S,544.0,,1.0
B9000,BURGUNDY,S,653.0,,1.0
B9000,DUSTY PINK,L,474.0,,1.0
B9000,DUSTY PINK,L,824.0,,2.0
B9000,DUSTY PINK,M,474.0,,4.0
B9000,DUSTY PINK,S,474.0,,9.0
B9000,DUSTY PINK,S,529.0,,1.0
B9000,DUSTY PINK,S,544.0,,1.0
B9000,DUSTY PINK,S,649.0,,3.0
B9000,DUSTY PINK,S,738.0,,1.0
B9000,DUSTY PINK,XL,649.0,,7.0
B9000,DUSTY PINK,XL,732.0,,2.0
B9000,LILAC,M,657.0,,4.0
B9000,LILAC,S,544.0,,2.0
B9000,LILAC,S,657.0,,5.0
B9000,LILAC,S,778.0,,9.0
B9000,PURPLE,2XL,669.0,,2.0
B9000,PURPLE,3XL,769.0,,1.0
B9000,PURPLE,4,461.0,,1.0
B9000,PURPLE,6XL,664.0,,2.0
B9000,PURPLE,L,637.0,,2.0
B9000,PURPLE,S,474.0,,3.0
B9000,PURPLE,S,529.0,,2.0
B9000,PURPLE,S,544.0,,2.0
B9000,TRUFFLE,12,461.0,,1.0
B9000,TRUFFLE,4XL,778.0,,1.0
B9000,TRUFFLE,5XL,778.0,,3.0
B9000,TRUFFLE,6XL,659.0,,1.0
B9000,TRUFFLE,6XL,778.0,,5.0
B9000,TRUFFLE,8,461.0,,1.0
B9000,TRUFFLE,M,778.0,,4.0
B9000,TRUFFLE,S,778.0,,9.0
B9000,TRUFFLE,XL,730.0,,1.0
BZ570,BANANA,30,291.0,,2.0
BZ570,BLACK,S,173.0,,1.0
BZ570,CHAMPAGNE,4XL,769.0,,1.0
BZ570,CORAL,14,82.0,,1.0
BZ570,CORAL,16,82.0,,1.0
BZ570,FUCHSIA,10,19.0,MILANO,1.0
BZ570,FUCHSIA,4XL,19.0,MILANO,4.0
BZ570,IVORY,26,48.0,,1.0
BZ570,NAVY,2XL,24.0,MILANO,1.0
BZ570,NAVY,2XL,172.0,,1.0
BZ570,NAVY,XL,172.0,,1.0
BZ570,PINK,3XL,13.0,MILANO,1.0
BZ570,PINK,3XL,37.0,MILANO,3.0
BZ570,PINK,3XL,64.0,,3.0
BZ570,PINK,4XL,13.0,MILANO,1.0
BZ570,PINK,4XL,64.0,,2.0
BZ570,PINK,5XL,37.0,MILANO,3.0
BZ570,PINK,6XL,37.0,MILANO,4.0
BZ570,PINK,7XL,37.0,MILANO,5.0
BZ570,PINK,8XL,37.0,MILANO,5.0
BZ570,POOL,L,725.0,,3.0
BZ570,POOL,M,716.0,,1.0
BZ570,POOL,S,653.0,,1.0
BZ570,POOL,S,724.0,,2.0
BZ570,PURPLE,2,52.0,,6.0
BZ570,PURPLE,20,52.0,,2.0
BZ570,PURPLE,24,52.0,,22.0
BZ570,PURPLE,5XL,617.0,,4.0
BZ570,PURPLE,6XL,542.0,,1.0
BZ570,PURPLE,6XL,617.0,,5.0
BZ570,PURPLE,7XL,617.0,,6.0
BZ570,PURPLE,8XL,617.0,,9.0
BZ570,RED,10,291.0,,1.0
BZ570,RED,20,291.0,,1.0
BZ570,ROYAL BLUE,6XL,10.0,MILANO,29.0
BZ570,ROYAL BLUE,7XL,10.0,MILANO,5.0
BZ570,ROYAL BLUE,8XL,10.0,MILANO,2.0
BZ570,ROYAL BLUE,XL,10.0,MILANO,1.0
BZ570,SKY BLUE,14,419.0,,2.0
BZ570,SKY BLUE,14,536.0,,1.0
BZ570,SKY BLUE,14,590.0,,1.0
BZ570,SKY BLUE,16,567.0,,5.0
BZ570,SKY BLUE,18,188.0,,1.0
BZ570,SKY BLUE,24,131.0,,3.0
BZ570,SKY BLUE,26,177.0,,1.0
BZ570,SKY BLUE,26,567.0,,6.0
BZ570,SKY BLUE,26,664.0,,3.0
BZ570,SKY BLUE,30,131.0,,1.0
BZ570,SKY BLUE,34,131.0,,3.0
BZ570,SKY BLUE,38,505.0,,2.0
BZ570,SKY BLUE,40,505.0,,2.0
BZ570,SKY BLUE,4XL,48.0,,2.0
BZ570,SKY BLUE,8,386.0,,1.0
BZ570,SKY BLUE,8,590.0,,1.0
BZ570,SKY BLUE,8,713.0,,2.0
BZ570,SKY BLUE,M,48.0,,1.0
BZ570,TEAL,3XL,672.0,,1.0
BZ570,TRUFFLE,5XL,587.0,,6.0
BZ570,TRUFFLE,5XL,790.0,,1.0
BZ570,TRUFFLE,6XL,587.0,,12.0
BZ570,TRUFFLE,6XL,790.0,,5.0
BZ570,TRUFFLE,7XL,587.0,,11.0
BZ570,TRUFFLE,7XL,790.0,,13.0
BZ570,TRUFFLE,8XL,112.0,,5.0
BZ570,TRUFFLE,L,587.0,,1.0
BZ570,TRUFFLE,M,587.0,,18.0
BZ570,TURQUOISE,3XL,688.0,,2.0
BZ570,TURQUOISE,3XL,768.0,,1.0
BZ570,TURQUOISE,4XL,688.0,,4.0
BZ570,TURQUOISE,4XL,798.0,,2.0
BZ570,TURQUOISE,5XL,688.0,,2.0
BZ570,TURQUOISE,6XL,688.0,,2.0
BZ570,TURQUOISE,6XL,798.0,,2.0
BZ570,TURQUOISE,7XL,798.0,,2.0
BZ570,TURQUOISE,8XL,688.0,,2.0
BZ570,TURQUOISE,8XL,798.0,,5.0
BZ570,WHITE,4XL,681.0,,5.0
E1013,CLARET,10,807.0,,7.0
E1013,FUCHSIA,4,785.0,,1.0
E1013,FUCHSIA,M,785.0,,2.0
E1013,LILAC,12,799.0,,2.0
E1013,LILAC,18,560.0,,2.0
E1013,LILAC,18,672.0,,2.0
E1013,LILAC,24,560.0,,4.0
E1013,LILAC,24,799.0,,2.0
E1013,LILAC,2XL,799.0,,1.0
E1013,LILAC,30,799.0,,2.0
E1013,LILAC,3XL,799.0,,1.0
E1013,LILAC,8,556.0,,5.0
E1013,LILAC,8,799.0,,2.0
E1013,LILAC,S,560.0,,9.0
E1013,LILAC,S,799.0,,2.0
E1013,PINK,4,819.0,,1.0
E1013,SANGRIA,12,207.0,,1.0
E1013,SANGRIA,24,676.0,,1.0
E1013,SANGRIA,4,746.0,,7.0
E1013,SANGRIA,6,746.0,,1.0
E1013,SANGRIA,M,676.0,,2.0
E1013,SANGRIA,S,676.0,,2.0
E1013,SUNSHINE,10,164.0,,1.0
E1013,SUNSHINE,12,165.0,,1.0
E1013,SUNSHINE,12,299.0,,2.0
E1013,SUNSHINE,14,33.0,,3.0
E1013,SUNSHINE,14,265.0,,2.0
E1013,SUNSHINE,20,165.0,,3.0
E1013,SUNSHINE,20,320.0,,2.0
E1013,SUNSHINE,22,33.0,,2.0
E1013,SUNSHINE,22,320.0,,1.0
E1013,TRUFFLE,10,503.0,,2.0
E1013,TRUFFLE,12,537.0,,3.0
E1013,TRUFFLE,12,670.0,,1.0
E1013,TRUFFLE,12,730.0,,6.0
E1013,TRUFFLE,16,670.0,,1.0
E1013,TRUFFLE,20,537.0,,1.0
E1013,TRUFFLE,20,572.0,,3.0
E1013,TRUFFLE,20,670.0,,3.0
E1013,TRUFFLE,24,566.0,,1.0
E1013,TRUFFLE,24,670.0,,3.0
E1013,TRUFFLE,4,670.0,,2.0
E1013,TRUFFLE,6,452.0,,2.0
E1013,TRUFFLE,6,670.0,,2.0
E1013,TRUFFLE,8,537.0,,3.0
E1013,TRUFFLE,8,570.0,,1.0
E1013,TRUFFLE,8,591.0,,1.0
E1013,TRUFFLE,L,670.0,,1.0
E1013,TRUFFLE,M,537.0,,1.0
E1013,TRUFFLE,M,570.0,,1.0
E1013,TRUFFLE,M,591.0,,1.0
E1024,BANANA,3XL,607.0,,1.0
E1024,BANANA,M,607.0,,8.0
E1024,BANANA,S,607.0,,14.0
E1024,BANANA,XL,607.0,,3.0
E1024,LILAC,2XL,588.0,,6.0
E1024,MINT,2XL,607.0,,3.0
E1024,MINT,M,607.0,,3.0
E1024,MINT,S,607.0,,8.0
E1024,MINT,XL,607.0,,4.0
E1024,PERSIMMON,2XL,768.0,,1.0
E1024,PERSIMMON,2XL,797.0,,1.0
E1024,PERSIMMON,3XL,768.0,,1.0
E1024,PERSIMMON,3XL,797.0,,3.0
E1024,PERSIMMON,M,768.0,,1.0
E1024,PERSIMMON,M,798.0,,7.0
E1024,PERSIMMON,S,768.0,,8.0
E1024,PERSIMMON,S,798.0,,12.0
E1024,TRUFFLE,M,834.0,,3.0
E1024,TRUFFLE,S,834.0,,18.0
E1032,BLACK,5,114.0,,4.0
E1032,PISTACHIO,2,241.0,,1.0
E1032,PISTACHIO,8,795.0,,2.0
E1032,PISTACHIO,M,626.0,,4.0
E1032,PISTACHIO,M,696.0,,1.0
E1032,PISTACHIO,M,795.0,,1.0
E1032,PISTACHIO,S,626.0,,3.0
E1032,PISTACHIO,S,796.0,,3.0
E1032,SUNSHINE,L,626.0,,2.0
E1032,SUNSHINE,L,689.0,,1.0
E1032,SUNSHINE,M,626.0,,3.0
E1032,SUNSHINE,M,689.0,,9.0
E1032,SUNSHINE,S,626.0,,2.0
E1032,SUNSHINE,S,689.0,,14.0
E1032,SUNSHINE,S,818.0,,1.0
E1032,SUNSHINE,XL,626.0,,2.0
E1032,SUNSHINE,XL,689.0,,3.0
E1068,BURGUNDY,5,536.0,,3.0
E1068,BURGUNDY,L,499.0,,1.0
E1068,BURGUNDY,L,503.0,,1.0
E1068,BURGUNDY,L,725.0,,2.0
E1068,BURGUNDY,M,499.0,,4.0
E1068,BURGUNDY,M,630.0,,2.0
E1068,BURGUNDY,S,499.0,,8.0
E1068,BURGUNDY,XL,499.0,,2.0
E1068,BURGUNDY,XL,732.0,,3.0
E1068,KIWI,2XL,813.0,,4.0
E1068,KIWI,3XL,813.0,,7.0
E1068,KIWI,L,813.0,,1.0
E1068,KIWI,M,542.0,,1.0
E1068,KIWI,M,813.0,,7.0
E1068,KIWI,S,813.0,,3.0
E1068,KIWI,XL,813.0,,5.0
E1068,VICTORIA LILAC,M,836.0,,4.0
E1068,VICTORIA LILAC,S,836.0,,3.0
E1116,NAVY,8XL,659.0,,1.0
E1116,RED,6XL,615.0,,10.0
E1116,RED,7XL,615.0,,19.0
E1116,RED,8XL,615.0,,3.0
E1116,SKY BLUE,6XL,619.0,,11.0
E1116,SKY BLUE,7XL,619.0,,5.0
E1116,SKY BLUE,8XL,619.0,,6.0
E1119,BURGUNDY,3XL,817.0,,7.0
E1119,BURGUNDY,4,850.0,,1.0
E1119,BURGUNDY,4XL,817.0,,6.0
E1119,BURGUNDY,5XL,817.0,,4.0
E1119,BURGUNDY,8,850.0,,1.0
E1119,BURGUNDY,M,704.0,,1.0
E1119,BURGUNDY,M,817.0,,2.0
E1119,BURGUNDY,S,704.0,,2.0
E1119,BURGUNDY,S,817.0,,7.0
E1119,CHAMPAGNE,4XL,465.0,,4.0
E1119,CHAMPAGNE,4XL,704.0,,1.0
E1119,CHAMPAGNE,4XL,844.0,,1.0
E1119,CHAMPAGNE,5XL,465.0,,5.0
E1119,CHAMPAGNE,M,465.0,,2.0
E1119,CHAMPAGNE,S,465.0,,2.0
E1119,VICTORIA LILAC,12,850.0,,1.0
E1119,VICTORIA LILAC,2XL,624.0,,3.0
E1119,VICTORIA LILAC,2XL,835.0,,2.0
E1119,VICTORIA LILAC,4XL,624.0,,2.0
E1119,VICTORIA LILAC,4XL,836.0,,6.0
E1119,VICTORIA LILAC,5XL,624.0,,7.0
E1119,VICTORIA LILAC,5XL,835.0,,1.0
E1119,VICTORIA LILAC,8,850.0,,2.0
E1119,VICTORIA LILAC,L,624.0,,1.0
E1119,VICTORIA LILAC,L,835.0,,3.0
E1119,VICTORIA LILAC,M,835.0,,6.0
E1119,VICTORIA LILAC,M,855.0,,1.0
E1119,VICTORIA LILAC,S,835.0,,13.0
E1119,VICTORIA LILAC,XL,624.0,,4.0
E1119,VICTORIA LILAC,XL,835.0,,3.0
E1168,BURGUNDY,10,494.0,,2.0
E1168,BURGUNDY,10,722.0,,1.0
E1168,BURGUNDY,6,494.0,,1.0
E1168,BURGUNDY,8,494.0,,4.0
E1168,BURGUNDY,8,802.0,,1.0
E1168,LILAC,20,42.0,,1.0
E1168,LILAC,26,664.0,,3.0
E1168,LILAC,30,439.0,,2.0
E1168,LILAC,30,440.0,,1.0
E1168,LILAC,6,792.0,,1.0
E1168,NAVY,16,802.0,,1.0
E1168,RED,L,713.0,,1.0
E1168,SAGE,10,588.0,,1.0
E1168,SAGE,10,745.0,,2.0
E1168,SAGE,12,522.0,,5.0
E1168,SAGE,12,588.0,,4.0
E1168,SAGE,12,595.0,,1.0
E1168,SAGE,12,711.0,,3.0
E1168,SAGE,16,522.0,,5.0
E1168,SAGE,16,802.0,,2.0
E1168,SAGE,20,522.0,,5.0
E1168,SAGE,24,523.0,,6.0
E1168,SAGE,24,647.0,,1.0
E1168,SAGE,26,522.0,,2.0
E1168,SAGE,26,659.0,,1.0
E1168,SAGE,30,439.0,,1.0
E1168,SAGE,30,522.0,,2.0
E1168,SAGE,4,469.0,,3.0
E1168,SAGE,4,580.0,,2.0
E1168,SAGE,4,623.0,,3.0
E1168,SAGE,4,745.0,,1.0
E1168,SAGE,6,523.0,,4.0
E1168,SAGE,6,792.0,,2.0
E1168,SAGE,6,802.0,,1.0
E1168,SAGE,8,493.0,,3.0
E1168,SAGE,8,523.0,,6.0
E1168,SAGE,8,588.0,,1.0
E1168,SAGE,8,597.0,,1.0
E1168,SAGE,8,745.0,,3.0
E1168,TEAL,10,476.0,,9.0
E1168,TEAL,12,476.0,,3.0
E1168,TEAL,14,476.0,,1.0
E1168,TEAL,16,524.0,,3.0
E1168,TEAL,16,546.0,,4.0
E1168,TEAL,16,802.0,,1.0
E1168,TEAL,20,476.0,,3.0
E1168,TEAL,20,546.0,,2.0
E1168,TEAL,20,763.0,,1.0
E1168,TEAL,24,648.0,,1.0
E1168,TEAL,2XL,546.0,,1.0
E1168,TEAL,4,476.0,,3.0
E1168,TEAL,4,546.0,,8.0
E1168,TEAL,4,627.0,,2.0
E1168,TEAL,6,524.0,,1.0
E1168,TEAL,6,612.0,,1.0
E1168,TEAL,6,787.0,,2.0
E1168,TEAL,8,476.0,,3.0
E1168,TEAL,8,499.0,,2.0
E1168,TEAL,8,524.0,,1.0
E1168,TEAL,8,546.0,,1.0
E1168,TEAL,8,715.0,,1.0
E1168,TEAL,S,524.0,,2.0
E1168,TRUFFLE,12,637.0,,1.0
E1168,TRUFFLE,16,802.0,,1.0
E1168,TRUFFLE,20,763.0,,1.0
E1168,TRUFFLE,2XL,669.0,,2.0
E1168,TRUFFLE,4,555.0,,2.0
E1168,TRUFFLE,5XL,435.0,,1.0
E1168,TRUFFLE,8,786.0,,1.0
E1168,TRUFFLE,L,637.0,,5.0
E1168,TRUFFLE,L,819.0,,1.0
E1168,TRUFFLE,M,494.0,,3.0
E1168,TRUFFLE,M,788.0,,3.0
E1168,TRUFFLE,S,627.0,,2.0
E1168,TRUFFLE,S,653.0,,5.0
E1168,TRUFFLE,S,701.0,,3.0
E1168,TRUFFLE,XL,696.0,,5.0
E1168,TRUFFLE,XL,730.0,,3.0
E1168,VICTORIA LILAC,14,732.0,,1.0
E1168,VICTORIA LILAC,22,675.0,,2.0
E1260,CLARET,30,360.0,,1.0
E1260,JADE,M,23.0,,1.0
E1260,JADE,M,57.0,,6.0
E1260,JADE,M,59.0,,5.0
E1260,JADE,M,154.0,,1.0
E1260,JADE,S,57.0,,12.0
E1260,JADE,S,59.0,,7.0
E1260,JADE,S,154.0,,3.0
E1260,PINK,14,419.0,,1.0
E1260,PINK,M,659.0,,2.0
E1260,PINK,M,716.0,,1.0
E1260,PURPLE,24,648.0,,1.0
E1260,SKY BLUE,38,701.0,,1.0
E1260,SKY BLUE,4,700.0,,1.0
E1260,SKY BLUE,4,701.0,,2.0
E1260,SKY BLUE,4,724.0,,5.0
E1260,SKY BLUE,4XL,769.0,,1.0
E1260,SKY BLUE,5XL,434.0,,3.0
E1260,SKY BLUE,6,792.0,,2.0
E1260,SKY BLUE,7XL,701.0,,1.0
E1260,SKY BLUE,8,665.0,,3.0
E1260,SKY BLUE,8,720.0,,3.0
E1260,SKY BLUE,M,286.0,,1.0
E1260,SKY BLUE,S,177.0,,1.0
E1260,SKY BLUE,S,387.0,,4.0
E1260,SKY BLUE,S,531.0,,1.0
E1260,TRUFFLE,10,503.0,,1.0
E1260,TRUFFLE,12,572.0,,5.0
E1260,TRUFFLE,12,725.0,,2.0
E1260,TRUFFLE,16,765.0,,2.0
E1260,TRUFFLE,16,819.0,,2.0
E1260,TRUFFLE,18,738.0,,1.0
E1260,TRUFFLE,20,763.0,,2.0
E1260,TRUFFLE,4,622.0,,1.0
E1260,TRUFFLE,4,738.0,,1.0
E1260,TRUFFLE,4,752.0,,2.0
E1260,TRUFFLE,4,769.0,,1.0
E1260,TRUFFLE,6,537.0,,2.0
E1260,TRUFFLE,6,622.0,,1.0
E1260,TRUFFLE,6,787.0,,3.0
E1260,TRUFFLE,8,537.0,,5.0
E1260,TRUFFLE,8,572.0,,3.0
E1260,TRUFFLE,8,602.0,,1.0
E1260,TRUFFLE,8,713.0,,1.0
E1260,TRUFFLE,8,725.0,,1.0
E1260,TRUFFLE,S,43.0,,1.0
E1260,TRUFFLE,S,59.0,,3.0
E1260,TRUFFLE,S,531.0,,1.0
E1260,TRUFFLE,S,763.0,,1.0
E1260,TRUFFLE,S,769.0,,1.0
E1264,APPLE RED,2,243.0,,1.0
E1264,APPLE RED,8XL,204.0,,1.0
E1264,APPLE RED,8XL,362.0,,1.0
E1264,BLACK,0,113.0,,1.0
E1264,BLACK,0,242.0,,4.0
E1264,BLACK,2,114.0,,1.0
E1264,BLACK,24,44.0,,1.0
E1264,BLACK,34,44.0,,1.0
E1264,BLACK,4,43.0,,1.0
E1264,BLACK,4,50.0,,3.0
E1264,BLACK,5XL,263.0,,1.0
E1264,BLACK,7XL,44.0,,1.0
E1264,BLACK,8XL,190.0,,1.0
E1264,CLARET,12,312.0,,2.0
E1264,CLARET,12,334.0,,1.0
E1264,CLARET,14,361.0,,1.0
E1264,CLARET,16,64.0,,1.0
E1264,CLARET,16,154.0,,1.0
E1264,CLARET,18,334.0,,2.0
E1264,CLARET,2,243.0,,1.0
E1264,CLARET,30,159.0,,1.0
E1264,CLARET,32,64.0,,1.0
E1264,CLARET,32,154.0,,1.0
E1264,CLARET,36,154.0,,1.0
E1264,CLARET,36,181.0,,1.0
E1264,CLARET,4,779.0,,1.0
E1264,CLARET,40,154.0,,1.0
E1264,CLARET,7XL,64.0,,3.0
E1264,CLARET,8,159.0,,2.0
E1264,CORAL,10,160.0,,1.0
E1264,CORAL,12,160.0,,2.0
E1264,CORAL,16,160.0,,2.0
E1264,CORAL,20,136.0,,1.0
E1264,CORAL,20,160.0,,6.0
E1264,CORAL,24,136.0,,1.0
E1264,CORAL,24,160.0,,5.0
E1264,CORAL,26,136.0,,2.0
E1264,CORAL,2XL,160.0,,1.0
E1264,CORAL,30,136.0,,3.0
E1264,CORAL,32,160.0,,1.0
E1264,CORAL,34,136.0,,3.0
E1264,CORAL,38,136.0,,4.0
E1264,CORAL,4,136.0,,4.0
E1264,CORAL,8,136.0,,4.0
E1264,CORAL,8,160.0,,2.0
E1264,CORAL,8XL,136.0,,4.0
E1264,CORAL,L,674.0,,1.0
E1264,CORAL,XL,674.0,,1.0
E1264,LILAC,12,807.0,,1.0
E1264,LILAC,18,651.0,,1.0
E1264,LILAC,20,651.0,,2.0
E1264,LILAC,24,651.0,,1.0
E1264,LILAC,28,517.0,,1.0
E1264,NAVY,14,400.0,,1.0
E1264,NAVY,L,696.0,,1.0
E1264,NAVY,S,517.0,,1.0
E1264,NAVY,S,847.0,,1.0
E1264,NAVY,S,848.0,,1.0
E1264,ORANGE,S,806.0,,1.0
E1264,SAGE,4,846.0,,1.0
E1264,SILVER,16,524.0,,1.0
E1264,TEAL,20,140.0,,1.0
E1264,TEAL,20,303.0,,3.0
E1264,TEAL,24,331.0,,5.0
E1264,TEAL,26,331.0,,4.0
E1264,TEAL,28,331.0,,0.0
E1264,TEAL,30,302.0,,9.0
E1264,TEAL,32,302.0,,5.0
E1264,TEAL,32,327.0,,1.0
E1264,TEAL,36,303.0,,4.0
E1264,TEAL,4,303.0,,4.0
E1264,TEAL,40,331.0,,4.0
E1264,TEAL,4XL,327.0,,1.0
E1264,TEAL,6XL,139.0,,1.0
E1264,TEAL,8,302.0,,2.0
E1264,VICTORIA LILAC,6XL,850.0,,1.0
E1270,CORAL,10,819.0,,1.0
E1270,CORAL,12,655.0,,2.0
E1270,CORAL,12,819.0,,1.0
E1270,CORAL,20,655.0,,1.0
E1270,CORAL,24,496.0,,1.0
E1270,CORAL,24,655.0,,2.0
E1270,CORAL,24,819.0,,1.0
E1270,CORAL,28,544.0,,1.0
E1270,CORAL,32,496.0,,3.0
E1270,CORAL,32,655.0,,2.0
E1270,CORAL,36,496.0,,2.0
E1270,CORAL,36,655.0,,2.0
E1270,CORAL,4,516.0,,1.0
E1270,CORAL,4,567.0,,4.0
E1270,CORAL,4,572.0,,4.0
E1270,CORAL,4,655.0,,2.0
E1270,CORAL,40,655.0,,1.0
E1270,CORAL,6,496.0,,2.0
E1270,CORAL,6,655.0,,2.0
E1270,CORAL,8,496.0,,1.0
E1270,CORAL,8,655.0,,2.0
E1270,FUCHSIA,10,166.0,,4.0
E1270,FUCHSIA,10,171.0,,4.0
E1270,FUCHSIA,10,469.0,,3.0
E1270,FUCHSIA,4,469.0,,7.0
E1270,FUCHSIA,4,508.0,,3.0
E1270,FUCHSIA,4,509.0,,1.0
E1270,FUCHSIA,4,625.0,,2.0
E1270,FUCHSIA,4,671.0,,3.0
E1270,FUCHSIA,6,35.0,,6.0
E1270,FUCHSIA,6,524.0,,4.0
E1270,FUCHSIA,6,671.0,,3.0
E1270,FUCHSIA,6,752.0,,3.0
E1270,FUCHSIA,6,787.0,,2.0
E1270,FUCHSIA,8,35.0,,5.0
E1270,FUCHSIA,8,171.0,,1.0
E1270,FUCHSIA,8,464.0,,1.0
E1270,FUCHSIA,8,671.0,,3.0
E1270,FUCHSIA,8,713.0,,1.0
E1270,FUCHSIA,8,752.0,,1.0
E1270,LILAC,4,555.0,,2.0
E1270,LILAC,4,698.0,,1.0
E1270,PEACH,16,762.0,,1.0
E1270,POOL,0-40,724.0,,1.0
E1270,POOL,10,427.0,,1.0
E1270,POOL,10,562.0,,2.0
E1270,POOL,12,630.0,,3.0
E1270,POOL,12,711.0,,2.0
E1270,POOL,4,555.0,,1.0
E1270,POOL,4,736.0,,3.0
E1270,POOL,6,579.0,,3.0
E1270,POOL,6,756.0,,1.0
E1270,POOL,8,569.0,,1.0
E1270,POOL,8,575.0,,1.0
E1270,POOL,8,579.0,,2.0
E1270,POOL,8,709.0,,2.0
E1270,POOL,M,562.0,,1.0
E1270,POOL,M,709.0,,2.0
E1270,POOL,M,736.0,,1.0
E1270,POOL,S,731.0,,2.0
E1270,POOL,S,736.0,,1.0
E1270,TEAL,10,175.0,,2.0
E1270,TEAL,10,306.0,,2.0
E1270,TEAL,12,175.0,,6.0
E1270,TEAL,12,306.0,,5.0
E1270,TEAL,14,278.0,,1.0
E1270,TEAL,2,175.0,,1.0
E1270,TEAL,24,175.0,,4.0
E1270,TEAL,2XL,761.0,,1.0
E1270,TEAL,2XL ,175.0,,1.0
E1270,TEAL,4,175.0,,1.0
E1270,TEAL,4,317.0,,3.0
E1270,TEAL,4,336.0,,2.0
E1270,TEAL,4,569.0,,1.0
E1270,TEAL,6,175.0,,1.0
E1270,TEAL,6,317.0,,3.0
E1270,TEAL,6,336.0,,3.0
E1270,TEAL,8,175.0,,1.0
E1270,TEAL,8,306.0,,1.0
E1270,TEAL,8,317.0,,7.0
E1270,TEAL,L,156.0,,2.0
E1270,TEAL,M,317.0,,1.0
E1270,TEAL,S,544.0,,2.0
E1270,TEAL,S,653.0,,1.0
E1285,CAFE,12,159.0,,1.0
E1285,CAFE,16,159.0,,1.0
E1285,CAFE,4,779.0,,1.0
E1285,FUCHSIA,12,53.0,,2.0
E1285,FUCHSIA,12,74.0,,1.0
E1285,FUCHSIA,12,159.0,,1.0
E1285,FUCHSIA,14,74.0,,1.0
E1285,FUCHSIA,18,75.0,,2.0
E1285,FUCHSIA,18,166.0,,1.0
E1285,FUCHSIA,18,177.0,,1.0
E1285,FUCHSIA,20,75.0,,1.0
E1285,FUCHSIA,20,197.0,,1.0
E1285,FUCHSIA,24,74.0,,2.0
E1285,FUCHSIA,24,75.0,,2.0
E1285,FUCHSIA,24,197.0,,3.0
E1285,FUCHSIA,30,74.0,,5.0
E1285,IVORY PRINT,10,197.0,,1.0
E1285,LILAC,12,595.0,,2.0
E1285,LILAC,12,712.0,,2.0
E1285,LILAC,16,595.0,,3.0
E1285,LILAC,16,602.0,,1.0
E1285,LILAC,16,712.0,,2.0
E1285,LILAC,18,42.0,MILANO FORMALS,1.0
E1285,LILAC,20,177.0,,1.0
E1285,LILAC,20,230.0,,1.0
E1285,LILAC,24,177.0,,6.0
E1285,LILAC,L,712.0,,1.0
E1285,LILAC,XL,712.0,,3.0
E1285,PINK,24,729.0,,1.0
E1285,PURPLE,2XL,651.0,,1.0
E1285,PURPLE,L,807.0,,1.0
E1285,PURPLE,M,847.0,,1.0
E1285,PURPLE,S,807.0,,1.0
E1285,SAGE,10,188.0,,1.0
E1285,SAGE,L,148.0,,2.0
E1295,FUCHSIA,4,568.0,,1.0
E1295,FUCHSIA,4,625.0,,2.0
E1295,FUCHSIA,6,590.0,,2.0
E1295,FUCHSIA,6,612.0,,1.0
E1295,FUCHSIA,6,632.0,,1.0
E1295,FUCHSIA,6,700.0,,1.0
E1295,FUCHSIA,8,570.0,,3.0
E1295,FUCHSIA,8,700.0,,2.0
E1295,FUCHSIA,8,715.0,,7.0
E1295,POOL,3XL,769.0,,1.0
E1295,SAGE,L,725.0,,1.0
E1295,SAGE,M,725.0,,1.0
E1295,SAGE,S,653.0,,1.0
E1295,TEAL,12,595.0,,1.0
E1295,TEAL,12,597.0,,1.0
E1295,TEAL,12,725.0,,2.0
E1295,TEAL,14,419.0,,1.0
E1295,TEAL,14,730.0,,2.0
E1295,TEAL,16,761.0,,2.0
E1295,TEAL,16,763.0,,1.0
E1295,TEAL,20,579.0,,5.0
E1295,TEAL,20,597.0,,4.0
E1295,TEAL,20,698.0,,1.0
E1295,TEAL,20,774.0,,2.0
E1295,TEAL,20,783.0,,2.0
E1295,TEAL,4,569.0,,7.0
E1295,TEAL,4,774.0,,2.0
E1295,TEAL,4,781.0,,1.0
E1295,TEAL,8,499.0,,2.0
E1295,TEAL,8,575.0,,2.0
E1295,TEAL,8,720.0,,3.0
E1295,TRUFFLE,10,427.0,,2.0
E1295,TRUFFLE,10,458.0,,4.0
E1295,TRUFFLE,12,459.0,,11.0
E1295,TRUFFLE,12,460.0,,4.0
E1295,TRUFFLE,16,577.0,,2.0
E1295,TRUFFLE,16,582.0,,3.0
E1295,TRUFFLE,16,763.0,,3.0
E1295,TRUFFLE,20,474.0,,1.0
E1295,TRUFFLE,20,582.0,,2.0
E1295,TRUFFLE,20,769.0,,2.0
E1295,TRUFFLE,24,474.0,,1.0
E1295,TRUFFLE,4,453.0,,7.0
E1295,TRUFFLE,4,488.0,,3.0
E1295,TRUFFLE,4,577.0,,1.0
E1295,TRUFFLE,4,757.0,,6.0
E1295,TRUFFLE,4,781.0,,2.0
E1295,TRUFFLE,6,459.0,,3.0
E1295,TRUFFLE,6,772.0,,2.0
E1295,TRUFFLE,8,440.0,,1.0
E1295,TRUFFLE,8,458.0,,11.0
E1295,TRUFFLE,8,709.0,,1.0
E1295,TRUFFLE,L,709.0,,2.0
E1295,WATERMELON,S,720.0,,1.0
E1312,CLARET,10,614.0,,2.0
E1312,CLARET,12,614.0,,2.0
E1312,CLARET,16,614.0,,2.0
E1312,CLARET,18,614.0,,2.0
E1312,CLARET,2XL,429.0,,11.0
E1312,CLARET,3XL,429.0,,5.0
E1312,CLARET,8,440.0,,1.0
E1312,CLARET,8,614.0,,4.0
E1312,CLARET,M,429.0,,1.0
E1312,CLARET,M,850.0,,1.0
E1312,CLARET,XL,429.0,,3.0
E1312,SANGRIA,S,777.0,,2.0
E1312,SILVER,3XL,805.0,,1.0
E1312,SUNSHINE,L,419.0,,6.0
E1312,SUNSHINE,S,419.0,,5.0
E1312,SUNSHINE,XL,419.0,,5.0
E1312,SUNSHINE,XL,430.0,,2.0
E1340,APPLE RED,4,676.0,,2.0
E1340,APPLE RED,S,676.0,,1.0
E1340,APPLE RED,XL,435.0,,1.0
E1340,BLACK,10,526.0,,1.0
E1340,BLACK,12,791.0,,1.0
E1340,BLACK,16,612.0,,1.0
E1340,BLACK,4,526.0,,1.0
E1340,BLACK,6,526.0,,3.0
E1340,BLACK,6,790.0,,2.0
E1340,BLACK,S,612.0,,1.0
E1340,CORAL,18,678.0,,1.0
E1340,CORAL,4,678.0,,1.0
E1340,CORAL,4,856.0,,1.0
E1340,CORAL,S,678.0,,1.0
E1340,CORAL,XL,678.0,,1.0
E1340,POOL,10,435.0,,4.0
E1340,POOL,4,676.0,,2.0
E1340,POOL,8,676.0,,1.0
E1340,POOL,S,676.0,,1.0
E1340,PURPLE,12,434.0,,1.0
E1340,PURPLE,18,526.0,,1.0
E1340,PURPLE,4,434.0,,7.0
E1340,PURPLE,4,461.0,,1.0
E1340,PURPLE,4,526.0,,1.0
E1340,PURPLE,8,434.0,,1.0
E1340,PURPLE,8,566.0,,3.0
E1340,PURPLE,M,434.0,,8.0
E1340,PURPLE,M,526.0,,1.0
E1340,PURPLE,M,602.0,,3.0
E1340,PURPLE,S,434.0,,7.0
E1340,RED,12,678.0,,2.0
E1340,RED,2XL,678.0,,1.0
E1340,RED,4,678.0,,1.0
E1340,RED,4,776.0,,2.0
E1340,WHITE,10,526.0,,3.0
E1340,WHITE,12,451.0,,5.0
E1340,WHITE,12,527.0,,2.0
E1340,WHITE,12,555.0,,2.0
E1340,WHITE,14,527.0,,2.0
E1340,WHITE,14,555.0,,3.0
E1340,WHITE,16,526.0,,1.0
E1340,WHITE,4,498.0,,4.0
E1340,WHITE,4,527.0,,1.0
E1340,WHITE,6,526.0,,1.0
E1340,WHITE,6,590.0,,3.0
E1340,WHITE,8,451.0,,4.0
E1340,WHITE,8,526.0,,2.0
E1340,WHITE,S,527.0,,1.0
E1371,APPLERED WHITE,L,466.0,,10.0
E1371,APPLERED WHITE,M,466.0,,8.0
E1371,APPLERED WHITE,M,810.0,,1.0
E1371,APPLERED WHITE,S,466.0,,10.0
E1371,APPLERED WHITE,S,810.0,,2.0
E1371,SAGE,14,486.0,,1.0
E1371,SAGE,M,854.0,,1.0
E1371,SAGE,S,850.0,,1.0
E1371,TRUFFLE/WHITE,2XL,786.0,,1.0
E1371,TRUFFLE/WHITE,2XL,831.0,,1.0
E1371,TRUFFLE/WHITE,3XL,786.0,,1.0
E1371,TRUFFLE/WHITE,L,786.0,,2.0
E1371,TRUFFLE/WHITE,L,831.0,,6.0
E1371,TRUFFLE/WHITE,M,786.0,,1.0
E1371,TRUFFLE/WHITE,M,831.0,,7.0
E1371,TRUFFLE/WHITE,S,786.0,,1.0
E1371,TRUFFLE/WHITE,S,831.0,,9.0
E1379,CORAL,24,614.0,,4.0
E1379,CORAL,28,614.0,,2.0
E1379,CORAL,4,614.0,,4.0
E1379,CORAL,6,614.0,,1.0
E1379,CORAL,8,614.0,,4.0
E1379,NAVY,22,729.0,,1.0
E1379,NAVY,28,653.0,,1.0
E1379,PEACOCK,10,18.0,,1.0
E1379,PEACOCK,10,23.0,,3.0
E1379,PEACOCK,10,362.0,,1.0
E1379,PEACOCK,18,362.0,,1.0
E1379,PEACOCK,18,561.0,,1.0
E1379,PEACOCK,2,167.0,,1.0
E1379,PEACOCK,2,172.0,,3.0
E1379,PEACOCK,4,18.0,,3.0
E1379,PEACOCK,4,167.0,,1.0
E1379,PEACOCK,4,340.0,,5.0
E1379,PEACOCK,6,18.0,,3.0
E1379,PEACOCK,6,167.0,,1.0
E1379,PEACOCK,6,187.0,,1.0
E1379,PEACOCK,6,340.0,,1.0
E1379,PEACOCK,8,18.0,,2.0
E1379,PEACOCK,8,23.0,,1.0
E1379,PEACOCK,8,340.0,,9.0
E1379,SAGE,4,850.0,,1.0
E1379,TEAL,4,779.0,,1.0
E1379,TRUFFLE,10,15.0,,1.0
E1379,TRUFFLE,10,16.0,,8.0
E1379,TRUFFLE,10,194.0,,1.0
E1379,TRUFFLE,10,334.0,,1.0
E1379,TRUFFLE,3,16.0,,1.0
E1379,TRUFFLE,4,23.0,,2.0
E1379,TRUFFLE,4,167.0,,4.0
E1379,TRUFFLE,4,334.0,,2.0
E1379,TRUFFLE,6,15.0,,1.0
E1379,TRUFFLE,8,16.0,,7.0
E1379,TRUFFLE,8,23.0,,2.0
E1379,TRUFFLE,8,152.0,,3.0
E1379,TRUFFLE,8,167.0,,3.0
E1379,TRUFFLE,8,334.0,,2.0
E1379,TRUFFLE,8,361.0,,1.0
E1379,WATERMELON,10,847.0,,2.0
E1379,WATERMELON,28,675.0,,2.0
E1379,WATERMELON,6,675.0,,2.0
E1379,WATERMELON,6,807.0,,1.0
E1387,GREEN,12,819.0,,1.0
E1387,GREEN,4,769.0,,2.0
E1387,GREEN,4,808.0,,6.0
E1387,GREEN,8,570.0,,1.0
E1387,PINK,10,173.0,,3.0
E1387,PINK,12,336.0,,2.0
E1387,PINK,16,165.0,,2.0
E1387,PINK,18,173.0,,1.0
E1387,PINK,20,165.0,,3.0
E1387,PINK,20,327.0,,1.0
E1387,PINK,22,173.0,,1.0
E1387,PINK,22,178.0,,1.0
E1387,PINK,24,179.0,,2.0
E1387,PINK,24,327.0,,2.0
E1387,PINK,24,621.0,,1.0
E1387,PINK,24,809.0,,3.0
E1387,PINK,26,178.0,,1.0
E1387,PINK,4,621.0,,1.0
E1387,PINK,4,809.0,,1.0
E1387,PINK,8,621.0,,5.0
E1387,PINK,8,809.0,,2.0
E1387,TURQUOISE,2,761.0,,1.0
E1387,TURQUOISE,24,761.0,,4.0
E1387,TURQUOISE,4,487.0,,11.0
E1387,TURQUOISE,4,761.0,,1.0
E1387,TURQUOISE,8,761.0,,7.0
E1391,CLARET,20,372.0,,1.0
E1391,CLARET,20 W,178.0,,2.0
E1391,CLARET,22,372.0,,1.0
E1391,CLARET,24,285.0,,2.0
E1391,CLARET,24,362.0,,1.0
E1391,CLARET,24,364.0,,2.0
E1391,CLARET,24,390.0,,5.0
E1391,CLARET,24 W,178.0,,1.0
E1391,CLARET,28,244.0,,1.0
E1391,CLARET,28,390.0,,1.0
E1391,PURPLE,10,178.0,,1.0
E1391,PURPLE,12,383.0,,2.0
E1391,PURPLE,2,50.0,,1.0
E1391,PURPLE,20,210.0,,2.0
E1391,PURPLE,20,243.0,,1.0
E1391,PURPLE,24,210.0,,9.0
E1391,PURPLE,24,383.0,,2.0
E1391,PURPLE,26,243.0,,1.0
E1391,PURPLE,28,121.0,,2.0
E1391,PURPLE,28,210.0,,1.0
E1391,PURPLE,28,392.0,,1.0
E1391,PURPLE,4,135.0,,2.0
E1391,PURPLE,4,244.0,,7.0
E1391,PURPLE,4,383.0,,1.0
E1391,PURPLE,4,392.0,,2.0
E1391,PURPLE,6,383.0,,1.0
E1391,PURPLE,6,392.0,,4.0
E1391,PURPLE,8,210.0,,2.0
E1391,PURPLE,8,355.0,,11.0
E1391,PURPLE,8,392.0,,3.0
E1391,ROYAL,2,330.0,,1.0
E1391,ROYAL,24,264.0,,4.0
E1391,ROYAL,24,364.0,,1.0
E1391,ROYAL,28,364.0,,1.0
E1391,ROYAL,28,386.0,,1.0
E1391,ROYAL,4,230.0,,1.0
E1391,ROYAL,4,238.0,,1.0
E1391,ROYAL,4,364.0,,1.0
E1391,ROYAL BLUE,4,206.0,,2.0
E1412,BLACK,12,759.0,,1.0
E1412,BLACK,14,402.0,,14.0
E1412,BLACK,4,583.0,,4.0
E1412,BLACK,4,625.0,,3.0
E1412,BLACK,4,759.0,,3.0
E1412,BLACK,8,583.0,,5.0
E1412,BLACK,8,677.0,,5.0
E1412,BLACK,8,708.0,,3.0
E1412,BLACK,8,759.0,,7.0
E1412,BROWN,10,193.0,,1.0
E1412,BROWN,12,76.0,,1.0
E1412,BROWN,12,142.0,,6.0
E1412,BROWN,12,278.0,,1.0
E1412,BROWN,12,558.0,,12.0
E1412,BROWN,14,193.0,,1.0
E1412,BROWN,16,76.0,,6.0
E1412,BROWN,16,278.0,,1.0
E1412,BROWN,20,193.0,,1.0
E1412,BROWN,20,278.0,,3.0
E1412,BROWN,24,278.0,,1.0
E1412,BROWN,4,557.0,,14.0
E1412,BROWN,4,677.0,,2.0
E1412,BROWN,4,769.0,,2.0
E1412,BROWN,4,773.0,,8.0
E1412,BROWN,8,559.0,,19.0
E1412,BROWN,8,713.0,,2.0
E1412,BROWN,8,773.0,,5.0
E1412,ROYAL,12,403.0,,4.0
E1412,ROYAL,2,171.0,,2.0
E1412,ROYAL,2,234.0,,5.0
E1412,ROYAL,4,625.0,,2.0
E1412,ROYAL,4,748.0,,6.0
E1412,ROYAL,4,752.0,,5.0
E1412,ROYAL,6,787.0,,1.0
E1412,ROYAL,8,403.0,,7.0
E1412,ROYAL,8,553.0,,8.0
E1412,ROYAL,8,713.0,,2.0
E1412,ROYAL,8,748.0,,6.0
E1420,CHAMPAGNE,12,194.0,,1.0
E1420,CHAMPAGNE,2,194.0,,2.0
E1420,CHAMPAGNE,4,194.0,,3.0
E1420,PURPLE,10,25.0,,1.0
E1420,PURPLE,12,25.0,,1.0
E1420,PURPLE,12,725.0,,2.0
E1420,PURPLE,2,52.0,,4.0
E1420,PURPLE,24,848.0,,1.0
E1420,PURPLE,4,25.0,,1.0
E1420,PURPLE,4,52.0,,4.0
E1420,PURPLE,6,52.0,,4.0
E1420,PURPLE,8,25.0,,1.0
E1420,PURPLE,8,52.0,,1.0
E1420,PURPLE,8,571.0,,1.0
E1420,ROYAL,10,155.0,,4.0
E1420,ROYAL,10,158.0,,1.0
E1420,ROYAL,2,257.0,,2.0
E1420,ROYAL,20,155.0,,1.0
E1420,ROYAL,22,155.0,,4.0
E1420,ROYAL,4,155.0,,2.0
E1420,ROYAL,4,257.0,,20.0
E1420,ROYAL,6,258.0,,7.0
E1420,ROYAL,6,327.0,,3.0
E1420,ROYAL,8,155.0,,10.0
E1420,ROYAL,8,171.0,,1.0
E1420,ROYAL,8,327.0,,2.0
E1420,SEA BLACK,0-30,503.0,,1.0
E1421,CORAL,10,6.0,,5.0
E1421,CORAL,10,82.0,,3.0
E1421,CORAL,20,6.0,,2.0
E1421,CORAL,20,301.0,,1.0
E1421,CORAL,24,6.0,,2.0
E1421,CORAL,24,165.0,,1.0
E1421,CORAL,4,6.0,,1.0
E1421,CORAL,4,82.0,,4.0
E1421,CORAL,4,319.0,,6.0
E1421,CORAL,6,6.0,,4.0
E1421,CORAL,6,24.0,,2.0
E1421,CORAL,6,82.0,,1.0
E1421,CORAL,8,81.0,,10.0
E1421,CORAL,8,319.0,,3.0
E1421,CORAL,8,850.0,,1.0
E1421,GREY,10,42.0,,2.0
E1421,GREY,12,50.0,,4.0
E1421,GREY,16,50.0,,2.0
E1421,GREY,2,42.0,,1.0
E1421,GREY,24,42.0,,2.0
E1421,GREY,24,50.0,,2.0
E1421,GREY,4,154.0,,2.0
E1421,GREY,8,154.0,,2.0
E1421,GREY,8,319.0,,5.0
E1421,ROYAL,10,336.0,,2.0
E1421,ROYAL,4,57.0,,7.0
E1421,ROYAL,4,171.0,,1.0
E1421,ROYAL,6,336.0,,1.0
E1421,SILVER,14,42.0,,1.0
E1421,SILVER,22,42.0,,1.0
E1421,SILVER,8,42.0,,1.0
E1463,CORAL,10,215.0,,3.0
E1463,CORAL,12,215.0,,4.0
E1463,CORAL,2,61.0,,3.0
E1463,CORAL,20,215.0,,5.0
E1463,CORAL,4,61.0,,1.0
E1463,CORAL,4,115.0,,4.0
E1463,CORAL,6,61.0,,2.0
E1463,CORAL,8,215.0,,4.0
E1463,TEAL,0,158.0,,2.0
E1463,TEAL,0,293.0,,2.0
E1463,TEAL,10,45.0,,2.0
E1463,TEAL,10,117.0,,2.0
E1463,TEAL,12,45.0,,2.0
E1463,TEAL,14,117.0,,2.0
E1463,TEAL,16,117.0,,2.0
E1463,TEAL,16,167.0,,1.0
E1463,TEAL,2,293.0,,3.0
E1463,TEAL,24,117.0,,2.0
E1463,TEAL,28,117.0,,2.0
E1463,TEAL,30,117.0,,1.0
E1463,TEAL,4,117.0,,5.0
E1463,TEAL,4,158.0,,3.0
E1463,TEAL,4,293.0,,1.0
E1463,TEAL,6,158.0,,1.0
E1463,TEAL,6,293.0,,1.0
E1463,TEAL,8,45.0,,2.0
E1463,TEAL,8,117.0,,6.0
E1463,TRUFFLE,12,166.0,,5.0
E1463,TRUFFLE,12,433.0,,3.0
E1463,TRUFFLE,16,157.0,,2.0
E1463,TRUFFLE,16,176.0,,4.0
E1463,TRUFFLE,20,176.0,,2.0
E1463,TRUFFLE,20,215.0,,3.0
E1463,TRUFFLE,24,157.0,,1.0
E1463,TRUFFLE,24,215.0,,1.0
E1463,TRUFFLE,4,433.0,,12.0
E1463,TRUFFLE,8,433.0,,3.0
E1463,TRUFFLE,8,818.0,,1.0
E1502,CLARET,0,141.0,,3.0
E1502,CLARET,10,427.0,,1.0
E1502,CLARET,10,577.0,,4.0
E1502,CLARET,10,753.0,,1.0
E1502,CLARET,2,127.0,,1.0
E1502,CLARET,4,137.0,,6.0
E1502,CLARET,4,151.0,,2.0
E1502,CLARET,4,164.0,,2.0
E1502,CLARET,4,207.0,,2.0
E1502,CLARET,4,569.0,,1.0
E1502,CLARET,8,515.0,,1.0
E1502,CLARET,8,577.0,,1.0
E1502,CLARET,8,590.0,,3.0
E1502,CLARET,8,612.0,,1.0
E1502,IVORY,2,137.0,,1.0
E1502,IVORY,4,265.0,,3.0
E1502,IVORY,4,371.0,,5.0
E1502,IVORY,6,131.0,,4.0
E1502,IVORY,6,265.0,,2.0
E1502,IVORY,8,265.0,,3.0
E1502,NAVY,0,529.0,,1.0
E1502,NAVY,0,536.0,,1.0
E1502,NAVY,10,44.0,,4.0
E1502,NAVY,10,427.0,,1.0
E1502,NAVY,10,762.0,,1.0
E1502,NAVY,12,462.0,,1.0
E1502,NAVY,12,531.0,,1.0
E1502,NAVY,12,635.0,,2.0
E1502,NAVY,12,725.0,,1.0
E1502,NAVY,12,762.0,,2.0
E1502,NAVY,4,44.0,,5.0
E1502,NAVY,4,462.0,,6.0
E1502,NAVY,4,731.0,,2.0
E1502,NAVY,6,462.0,,5.0
E1502,NAVY,6,753.0,,1.0
E1502,NAVY,6,792.0,,1.0
E1502,NAVY,8,659.0,,1.0
E1502,POOL,12,725.0,,1.0
E1502,RED,10,693.0,,2.0
E1520,BURNT ORANGE,0,120.0,,1.0
E1520,BURNT ORANGE,10,212.0,,6.0
E1520,BURNT ORANGE,12,212.0,,8.0
E1520,BURNT ORANGE,14,212.0,,1.0
E1520,BURNT ORANGE,16,212.0,,3.0
E1520,BURNT ORANGE,18,212.0,,1.0
E1520,BURNT ORANGE,2,120.0,,3.0
E1520,BURNT ORANGE,20,152.0,,8.0
E1520,BURNT ORANGE,20,212.0,,1.0
E1520,BURNT ORANGE,24,152.0,,3.0
E1520,BURNT ORANGE,24,212.0,,2.0
E1520,BURNT ORANGE,4,120.0,,5.0
E1520,BURNT ORANGE,4,212.0,,1.0
E1520,BURNT ORANGE,6,158.0,,2.0
E1520,BURNT ORANGE,6,299.0,,1.0
E1520,BURNT ORANGE,6,301.0,,5.0
E1520,BURNT ORANGE,8,198.0,,15.0
E1520,BURNT ORANGE,8,212.0,,2.0
E1520,SANGRIA,14,35.0,,1.0
E1520,SANGRIA,14,312.0,,5.0
E1520,SANGRIA,18,312.0,,3.0
E1520,SANGRIA,22,35.0,,6.0
E1520,SANGRIA,22,312.0,,2.0
E1520,SANGRIA,24,35.0,,1.0
E1531,CORAL,10,509.0,,3.0
E1531,CORAL,10,562.0,,2.0
E1531,CORAL,12,509.0,,1.0
E1531,CORAL,12,602.0,,3.0
E1531,CORAL,12,713.0,,2.0
E1531,CORAL,16,853.0,,1.0
E1531,CORAL,20,602.0,,1.0
E1531,CORAL,20,769.0,,2.0
E1531,CORAL,24,602.0,,1.0
E1531,CORAL,24,789.0,,1.0
E1531,CORAL,4,121.0,,3.0
E1531,CORAL,4,141.0,,1.0
E1531,CORAL,4,241.0,,1.0
E1531,CORAL,4,319.0,,2.0
E1531,CORAL,6,24.0,,2.0
E1531,CORAL,6,121.0,,7.0
E1531,CORAL,6,394.0,,1.0
E1531,CORAL,8,440.0,,1.0
E1531,CORAL,8,509.0,,2.0
E1531,CORAL,8,580.0,,4.0
E1531,CORAL,8,602.0,,1.0
E1531,CORAL,8,713.0,,2.0
E1531,CORAL,L,338.0,,1.0
E1531,POOL,10,371.0,,4.0
E1531,POOL,12,371.0,,3.0
E1531,POOL,12,617.0,,4.0
E1531,POOL,12,824.0,,1.0
E1531,POOL,4,569.0,,4.0
E1531,POOL,4,617.0,,1.0
E1531,POOL,4,752.0,,2.0
E1531,POOL,4,766.0,,1.0
E1531,POOL,6,440.0,,1.0
E1531,POOL,6,766.0,,5.0
E1531,POOL,6,792.0,,2.0
E1531,POOL,8,371.0,,1.0
E1531,POOL,8,720.0,,1.0
E1531,PURPLE,10,562.0,,5.0
E1531,PURPLE,12,713.0,,4.0
E1531,PURPLE,14,725.0,,1.0
E1531,PURPLE,16,617.0,,2.0
E1531,PURPLE,4,570.0,,1.0
E1531,PURPLE,4,617.0,,1.0
E1531,PURPLE,4,698.0,,3.0
E1531,PURPLE,4,731.0,,2.0
E1531,PURPLE,6,617.0,,1.0
E1531,PURPLE,6,627.0,,3.0
E1531,PURPLE,8,509.0,,3.0
E1531,PURPLE,8,570.0,,4.0
E1531,PURPLE,8,597.0,,2.0
E1531,PURPLE,8,617.0,,1.0
E1531,PURPLE,8,691.0,,4.0
E1531,PURPLE,8,696.0,,1.0
E1531,PURPLE,8,698.0,,6.0
E1531,PURPLE,8,824.0,,1.0
E1544,BLACK,12,412.0,,1.0
E1544,BLACK,4,143.0,,1.0
E1544,BLACK,4,404.0,,3.0
E1544,BLACK,4,412.0,,7.0
E1544,BLACK,6,404.0,,3.0
E1544,BLACK,6,412.0,,7.0
E1544,BLACK,8,404.0,,4.0
E1544,BLACK,8,412.0,,8.0
E1544,BLACK,8,515.0,,1.0
E1544,RED,10,407.0,,3.0
E1544,RED,10,428.0,,3.0
E1544,RED,12,407.0,,3.0
E1544,RED,12,428.0,,1.0
E1544,RED,14,428.0,,2.0
E1544,RED,18,428.0,,5.0
E1544,RED,2,292.0,,1.0
E1544,RED,20,407.0,,2.0
E1544,RED,22,428.0,,5.0
E1544,RED,24,407.0,,1.0
E1544,RED,24,428.0,,2.0
E1544,RED,4,407.0,,2.0
E1544,RED,6,407.0,,1.0
E1581,BLACK,10,697.0,,1.0
E1581,BLACK,12,613.0,,1.0
E1581,BLACK,16,613.0,,1.0
E1581,BLACK,2,140.0,,1.0
E1581,BLACK,22,613.0,,1.0
E1581,BLACK,24,613.0,,1.0
E1581,BLACK,4,613.0,,1.0
E1581,BLACK,6,613.0,,1.0
E1581,BLACK,8,613.0,,1.0
E1581,CLARET,18,669.0,,1.0
E1581,PURPLE,14,432.0,,5.0
E1581,PURPLE,16,432.0,,3.0
E1581,PURPLE,18,432.0,,1.0
E1581,PURPLE,2,432.0,,2.0
E1581,PURPLE,22,432.0,,2.0
E1581,PURPLE,24,432.0,,2.0
E1581,PURPLE,4,432.0,,7.0
E1581,PURPLE,6,432.0,,1.0
E1581,PURPLE,6,818.0,,1.0
E1581,RED,0,330.0,,1.0
E1581,RED,10,181.0,,1.0
E1581,RED,12,102.0,,1.0
E1581,RED,14,102.0,,2.0
E1581,RED,16,102.0,,4.0
E1581,RED,18,102.0,,1.0
E1581,RED,2,43.0,,1.0
E1581,RED,2,242.0,,1.0
E1581,RED,22,102.0,,1.0
E1581,RED,24,102.0,,2.0
E1581,RED,4,43.0,,4.0
E1581,RED,6,173.0,,1.0
E1581,RED,8,102.0,,1.0
E1582,BURGUNDY,4,531.0,,1.0
E1582,BURGUNDY,8,485.0,,2.0
E1582,FUCHSIA,10,505.0,,2.0
E1582,FUCHSIA,10,511.0,,1.0
E1582,FUCHSIA,10,577.0,,4.0
E1582,FUCHSIA,12,632.0,,2.0
E1582,FUCHSIA,14,733.0,,1.0
E1582,FUCHSIA,16,760.0,,1.0
E1582,FUCHSIA,2,267.0,,1.0
E1582,FUCHSIA,4,20.0,,1.0
E1582,FUCHSIA,4,53.0,,8.0
E1582,FUCHSIA,4,113.0,,1.0
E1582,FUCHSIA,4,204.0,,5.0
E1582,FUCHSIA,4,511.0,,2.0
E1582,FUCHSIA,4,769.0,,1.0
E1582,FUCHSIA,4,774.0,,1.0
E1582,FUCHSIA,6,151.0,,2.0
E1582,FUCHSIA,6,511.0,,1.0
E1582,FUCHSIA,6,553.0,,4.0
E1582,FUCHSIA,6,632.0,,1.0
E1582,FUCHSIA,8,509.0,,4.0
E1582,FUCHSIA,8,511.0,,5.0
E1582,FUCHSIA,8,575.0,,1.0
E1582,FUCHSIA,8,589.0,,6.0
E1582,FUCHSIA,8,714.0,,3.0
E1582,FUCHSIA,8,744.0,,2.0
E1582,GREEN,4,20.0,,1.0
E1582,PURPLE,12,205.0,,1.0
E1582,PURPLE,2,267.0,,2.0
E1582,PURPLE,2,531.0,,1.0
E1582,PURPLE,4,261.0,,1.0
E1582,PURPLE,4,294.0,,2.0
E1582,PURPLE,6,53.0,,4.0
E1582,TEAL,10,145.0,,1.0
E1582,TEAL,10,147.0,,1.0
E1582,TEAL,10,156.0,,5.0
E1582,TEAL,10,260.0,,1.0
E1582,TEAL,10,427.0,,1.0
E1582,TEAL,10,512.0,,1.0
E1582,TEAL,12,145.0,,2.0
E1582,TEAL,18,669.0,,1.0
E1582,TEAL,22,679.0,,1.0
E1582,TEAL,24,648.0,,1.0
E1582,TEAL,2XL,669.0,,1.0
E1582,TEAL,4,512.0,,7.0
E1582,TEAL,4,553.0,,5.0
E1582,TEAL,4,625.0,,3.0
E1582,TEAL,6,511.0,,11.0
E1582,TEAL,6,568.0,,1.0
E1582,TEAL,6,627.0,,1.0
E1582,TEAL,8,145.0,,4.0
E1582,TEAL,8,147.0,,4.0
E1582,TEAL,8,329.0,,3.0
E1582,TEAL,8,511.0,,12.0
E1582,TEAL,8,720.0,,3.0
E1657,BLACK,0,305.0,,4.0
E1657,BLACK,10,177.0,,4.0
E1657,BLACK,12,182.0,,1.0
E1657,BLACK,12,305.0,,1.0
E1657,BLACK,12,322.0,,2.0
E1657,BLACK,12,690.0,,2.0
E1657,BLACK,14,265.0,,1.0
E1657,BLACK,16,305.0,,2.0
E1657,BLACK,16,690.0,,1.0
E1657,BLACK,2,118.0,,1.0
E1657,BLACK,4,182.0,,1.0
E1657,BLACK,4,190.0,,1.0
E1657,BLACK,4,230.0,,1.0
E1657,BLACK,4,295.0,,1.0
E1657,BLACK,4,305.0,,4.0
E1657,BLACK,4,322.0,,1.0
E1657,BLACK,4,332.0,,1.0
E1657,BLACK,6,361.0,,1.0
E1657,BLACK,8,29.0,,3.0
E1657,BLACK,8,180.0,,2.0
E1657,BLACK,8,305.0,,9.0
E1657,BLACK,8,334.0,,2.0
E1657,BLACK,8,571.0,,1.0
E1657,BLACK,8,690.0,,1.0
E1657,LAVENDER,2,267.0,,1.0
E1657,LAVENDER,4,267.0,,1.0
E1657,LAVENDER,4,361.0,,1.0
E1657,TEAL,10,207.0,,1.0
E1657,TEAL,10,314.0,,1.0
E1657,TEAL,10,692.0,,1.0
E1657,TEAL,12,314.0,,1.0
E1657,TEAL,12,406.0,,2.0
E1657,TEAL,12,692.0,,2.0
E1657,TEAL,2,123.0,,1.0
E1657,TEAL,20,179.0,,5.0
E1657,TEAL,20,314.0,,1.0
E1657,TEAL,20,326.0,,1.0
E1657,TEAL,20,692.0,,3.0
E1657,TEAL,22,326.0,,1.0
E1657,TEAL,24,102.0,,1.0
E1657,TEAL,24,179.0,,4.0
E1657,TEAL,24,463.0,,2.0
E1657,TEAL,24,692.0,,2.0
E1657,TEAL,4,314.0,,2.0
E1657,TEAL,4,406.0,,4.0
E1657,TEAL,6,62.0,,3.0
E1657,TEAL,6,314.0,,2.0
E1657,TEAL,6,406.0,,5.0
E1657,TEAL,8,260.0,,2.0
E1657,TEAL,8,314.0,,4.0
E1657,TEAL,8,406.0,,1.0
E1657,TEAL,8,568.0,,1.0
E1657,TEAL,8,692.0,,2.0
E1663,FUCHSIA,10,45.0,,4.0
E1663,FUCHSIA,14,45.0,,2.0
E1663,FUCHSIA,18,45.0,,1.0
E1663,FUCHSIA,22,45.0,,2.0
E1663,FUCHSIA,4,292.0,,1.0
E1663,FUCHSIA,4,335.0,,6.0
E1663,FUCHSIA,4,338.0,,1.0
E1663,FUCHSIA,4,529.0,,1.0
E1663,FUCHSIA,6,360.0,,1.0
E1663,FUCHSIA,8,45.0,,1.0
E1663,FUCHSIA,8,335.0,,2.0
E1663,NAVY,0,115.0,,1.0
E1663,NAVY,0,300.0,,1.0
E1663,NAVY,10,333.0,,2.0
E1663,NAVY,10,550.0,,1.0
E1663,NAVY,14,333.0,,1.0
E1663,NAVY,14,362.0,,1.0
E1663,NAVY,16,300.0,,2.0
E1663,NAVY,2,115.0,,3.0
E1663,NAVY,24,418.0,,1.0
E1663,NAVY,30,157.0,,2.0
E1663,NAVY,4,300.0,,5.0
E1663,NAVY,6,115.0,,1.0
E1663,NAVY,6,300.0,,2.0
E1663,NAVY,8,300.0,,5.0
E1663,NAVY,XL,172.0,,3.0
E1663,PURPLE,10,125.0,,1.0
E1663,PURPLE,2,125.0,,5.0
E1663,PURPLE,24,125.0,,1.0
E1663,PURPLE,4,125.0,,7.0
E1663,PURPLE,4,301.0,,4.0
E1663,PURPLE,6,125.0,,2.0
E1663,PURPLE,8,125.0,,6.0
E1663,PURPLE,8,301.0,,2.0
E1696,BLACK,10,503.0,,2.0
E1696,BLACK,10,521.0,,11.0
E1696,BLACK,12,414.0,,1.0
E1696,BLACK,12,486.0,,1.0
E1696,BLACK,12,801.0,,3.0
E1696,BLACK,12,823.0,,1.0
E1696,BLACK,20,769.0,,1.0
E1696,BLACK,4,33.0,,4.0
E1696,BLACK,4,77.0,,8.0
E1696,BLACK,4,221.0,,3.0
E1696,BLACK,4,295.0,,3.0
E1696,BLACK,4,322.0,,2.0
E1696,BLACK,4,568.0,,1.0
E1696,BLACK,6,33.0,,1.0
E1696,BLACK,6,383.0,,7.0
E1696,BLACK,6,521.0,,2.0
E1696,BLACK,6,627.0,,1.0
E1696,BLACK,6,632.0,,1.0
E1696,BLACK,8,520.0,,16.0
E1696,BLACK,8,578.0,,1.0
E1696,BLACK,8,665.0,,2.0
E1696,BLUE/PINK,12,785.0,,1.0
E1696,BLUE/PINK,8,785.0,,1.0
E1696,CORAL,10,426.0,,2.0
E1696,CORAL,10,580.0,,3.0
E1696,CORAL,10,747.0,,1.0
E1696,CORAL,12,629.0,,2.0
E1696,CORAL,12,747.0,,1.0
E1696,CORAL,20,769.0,,1.0
E1696,CORAL,24,451.0,,3.0
E1696,CORAL,24,497.0,,2.0
E1696,CORAL,24,638.0,,4.0
E1696,CORAL,4,565.0,,1.0
E1696,CORAL,4,592.0,,1.0
E1696,CORAL,4,597.0,,2.0
E1696,CORAL,4,715.0,,2.0
E1696,CORAL,4,724.0,,2.0
E1696,CORAL,6,592.0,,1.0
E1696,CORAL,6,677.0,,3.0
E1696,CORAL,6,716.0,,1.0
E1696,CORAL,6,729.0,,1.0
E1696,CORAL,8,595.0,,1.0
E1696,CORAL,8,715.0,,3.0
E1696,CORAL,8,720.0,,3.0
E1696,CORAL,8,747.0,,1.0
E1696,RED,10,807.0,,1.0
E1696,RED,8,659.0,,2.0
E1696,ROYAL,10,427.0,,2.0
E1696,ROYAL,10,789.0,,1.0
E1696,ROYAL,4,675.0,,2.0
E1696,ROYAL,4,781.0,,3.0
E1696,ROYAL,6,612.0,,1.0
E1696,ROYAL,6,675.0,,2.0
E1696,ROYAL,6,787.0,,2.0
E1696,ROYAL,6,789.0,,4.0
E1696,ROYAL,8,499.0,,2.0
E1696,ROYAL,8,665.0,,1.0
E1696,ROYAL,8,789.0,,1.0
E1696,TEAL,4,127.0,,1.0
E1729,BANANA,20,806.0,,1.0
E1729,FUCHSIA,10,426.0,,1.0
E1729,FUCHSIA,10,562.0,,1.0
E1729,FUCHSIA,10,583.0,,5.0
E1729,FUCHSIA,12,824.0,,1.0
E1729,FUCHSIA,4,554.0,,2.0
E1729,FUCHSIA,4,581.0,,2.0
E1729,FUCHSIA,4,665.0,,2.0
E1729,FUCHSIA,4,782.0,,2.0
E1729,FUCHSIA,6,581.0,,2.0
E1729,FUCHSIA,6,669.0,,5.0
E1729,FUCHSIA,6,715.0,,6.0
E1729,FUCHSIA,8,554.0,,5.0
E1729,FUCHSIA,8,581.0,,1.0
E1729,FUCHSIA,8,665.0,,4.0
E1729,FUCHSIA,8,713.0,,2.0
E1729,IVORY,2,137.0,,3.0
E1729,IVORY,4,99.0,,1.0
E1729,IVORY,4,100.0,,8.0
E1729,IVORY,4,137.0,,1.0
E1729,IVORY,4,498.0,,4.0
E1729,IVORY,4,847.0,,1.0
E1729,IVORY,6,131.0,,1.0
E1729,IVORY,6,498.0,,2.0
E1729,IVORY,8,131.0,,9.0
E1729,MINT,20,105.0,,2.0
E1729,MINT,4,99.0,,13.0
E1729,MINT,4,105.0,,1.0
E1729,MINT,6,105.0,,11.0
E1729,MINT,8,99.0,,2.0
E1729,MINT,8,105.0,,1.0
E1729,PINK,22,675.0,,2.0
E1729,PRINT,10,463.0,,1.0
E1729,PRINT,12,463.0,,1.0
E1729,PRINT,6,463.0,,1.0
E1730,BLUE,2,106.0,,1.0
E1730,BLUE,4,106.0,,2.0
E1730,BLUE,8,106.0,,2.0
E1730,BURNT ORANGE,0,46.0,,2.0
E1730,BURNT ORANGE,10,333.0,,1.0
E1730,BURNT ORANGE,12,333.0,,1.0
E1730,BURNT ORANGE,14,333.0,,1.0
E1730,BURNT ORANGE,16,333.0,,1.0
E1730,BURNT ORANGE,20,333.0,,2.0
E1730,BURNT ORANGE,22,46.0,,2.0
E1730,BURNT ORANGE,24,333.0,,3.0
E1730,BURNT ORANGE,30,46.0,,1.0
E1730,BURNT ORANGE,4,46.0,,2.0
E1730,BURNT ORANGE,8,333.0,,1.0
E1730,BURNTORE,10,41.0,,3.0
E1730,BURNTORE,12,41.0,,1.0
E1730,BURNTORE,20,41.0,,3.0
E1730,BURNTORE,24,41.0,,1.0
E1730,BURNTORE,6,41.0,,1.0
E1730,CHARCOAL,10,144.0,,1.0
E1730,CHARCOAL,10,333.0,,2.0
E1730,CHARCOAL,12,26.0,,2.0
E1730,CHARCOAL,12,46.0,,5.0
E1730,CHARCOAL,12,144.0,,1.0
E1730,CHARCOAL,14,333.0,,1.0
E1730,CHARCOAL,16,144.0,,1.0
E1730,CHARCOAL,16,199.0,,1.0
E1730,CHARCOAL,18,333.0,,1.0
E1730,CHARCOAL,2,293.0,,1.0
E1730,CHARCOAL,20,26.0,,3.0
E1730,CHARCOAL,20,150.0,,1.0
E1730,CHARCOAL,24,150.0,,1.0
E1730,CHARCOAL,24,199.0,,2.0
E1730,CHARCOAL,24,360.0,,1.0
E1730,CHARCOAL,4,144.0,,1.0
E1730,CHARCOAL,4,293.0,,2.0
E1730,CHARCOAL,6,26.0,,4.0
E1730,CHARCOAL,6,144.0,,1.0
E1730,CHARCOAL,6,293.0,,1.0
E1730,CHARCOAL,8,26.0,,5.0
E1730,CHARCOAL,8,46.0,,1.0
E1730,CHARCOAL,8,144.0,,1.0
E1730,ORANGE,0,144.0,,1.0
E1730,ORANGE,30,199.0,,2.0
E1730,ORANGE,4,144.0,,1.0
E1730,ORANGE,4,199.0,,1.0
E1730,ORANGE,6,144.0,,1.0
E1730,ORANGE,6,199.0,,1.0
E1730,ROYAL,4,149.0,,3.0
E1730,ROYAL,4,418.0,,1.0
E1730,ROYAL,6,144.0,,2.0
E1730,ROYAL,6,149.0,,2.0
E1730,ROYAL,8,531.0,,1.0
E1796,BISCOTTI,20,406.0,,2.0
E1796,BISCOTTI,22,406.0,,1.0
E1796,BISCOTTI,4,121.0,,6.0
E1796,BISCOTTI,4,206.0,,5.0
E1796,BISCOTTI,4,300.0,,4.0
E1796,BISCOTTI,4,406.0,,2.0
E1796,BISCOTTI,4,848.0,,2.0
E1796,BISCOTTI,6,360.0,,1.0
E1796,BISCOTTI,6,406.0,,2.0
E1796,BISCOTTI,8,121.0,,1.0
E1796,BISCOTTI,8,206.0,,2.0
E1796,BISCOTTI,8,244.0,,2.0
E1796,BISCOTTI,8,300.0,,4.0
E1796,BISCOTTI,8,334.0,,2.0
E1796,BISCOTTI,8,336.0,,3.0
E1796,BISCOTTI,8,361.0,,1.0
E1796,BISCOTTI,8,709.0,,1.0
E1796,BLACK,10,503.0,,2.0
E1796,BLACK,10,808.0,,2.0
E1796,BLACK,4,62.0,,1.0
E1796,BLACK,4,294.0,,1.0
E1796,BLACK,6,361.0,,1.0
E1796,BLACK,6,405.0,,2.0
E1796,BLACK,6,808.0,,2.0
E1796,BLACK,6,845.0,,2.0
E1796,IVORY,2,123.0,,1.0
E1796,LAVENDER,12,806.0,,1.0
E1796,LAVENDER,2,849.0,,1.0
E1796,NAVY,12,405.0,,2.0
E1796,NAVY,12,801.0,,1.0
E1796,NAVY,2,267.0,,1.0
E1796,NAVY,4,405.0,,1.0
E1796,NAVY,4,712.0,,2.0
E1796,NAVY,4,801.0,,5.0
E1796,NAVY,4,848.0,,1.0
E1796,NAVY,6,405.0,,2.0
E1796,NAVY,6,712.0,,3.0
E1796,NAVY,6,801.0,,5.0
E1796,NAVY,6,848.0,,1.0
E1796,NAVY,8,405.0,,1.0
E1799,FUCHSIA,6,4.0,,2.0
E1799,FUCHSIA,8,19.0,,6.0
E1799,GREY,2,42.0,,1.0
E1799,LILAC,10,426.0,,1.0
E1799,LILAC,10,554.0,,5.0
E1799,LILAC,10,677.0,,8.0
E1799,LILAC,12,712.0,,2.0
E1799,LILAC,12,720.0,,5.0
E1799,LILAC,12,736.0,,4.0
E1799,LILAC,2,261.0,,6.0
E1799,LILAC,2,267.0,,1.0
E1799,LILAC,20,554.0,,1.0
E1799,LILAC,20,769.0,,2.0
E1799,LILAC,24,554.0,,1.0
E1799,LILAC,24,638.0,,2.0
E1799,LILAC,4,261.0,,5.0
E1799,LILAC,4,267.0,,1.0
E1799,LILAC,4,294.0,,1.0
E1799,LILAC,4,295.0,,7.0
E1799,LILAC,6,440.0,,1.0
E1799,LILAC,6,469.0,,1.0
E1799,LILAC,6,581.0,,3.0
E1799,LILAC,6,632.0,,1.0
E1799,LILAC,8,569.0,,2.0
E1799,LILAC,8,716.0,,3.0
E1799,LILAC,8,732.0,,5.0
E1799,TEAL,10,33.0,,1.0
E1799,TEAL,10,139.0,,5.0
E1799,TEAL,10,241.0,,1.0
E1799,TEAL,12,59.0,,1.0
E1799,TEAL,12,139.0,,2.0
E1799,TEAL,12,306.0,,3.0
E1799,TEAL,12,309.0,,4.0
E1799,TEAL,14,139.0,,1.0
E1799,TEAL,14,265.0,,2.0
E1799,TEAL,16,33.0,,1.0
E1799,TEAL,16,853.0,,1.0
E1799,TEAL,2,123.0,,1.0
E1799,TEAL,22,320.0,,2.0
E1799,TEAL,4,33.0,,2.0
E1799,TEAL,4,139.0,,1.0
E1799,TEAL,4,205.0,,1.0
E1799,TEAL,4,306.0,,1.0
E1799,TEAL,4,724.0,,1.0
E1799,TEAL,6,139.0,,3.0
E1799,TEAL,6,156.0,,2.0
E1799,TEAL,6,329.0,,1.0
E1799,TEAL,6,335.0,,2.0
E1799,TEAL,8,139.0,,5.0
E1799,TEAL,8,164.0,,3.0
E2106,BABY BLUE,0,596.0,,5.0
E2106,BABY BLUE,0,667.0,,3.0
E2106,BABY BLUE,10,259.0,,1.0
E2106,BABY BLUE,12,259.0,,1.0
E2106,BABY BLUE,2,259.0,,3.0
E2106,BABY BLUE,2,596.0,,1.0
E2106,BABY BLUE,2,667.0,,4.0
E2106,BABY BLUE,2,824.0,,1.0
E2106,BABY BLUE,4,259.0,,2.0
E2106,BABY BLUE,4,589.0,,2.0
E2106,BABY BLUE,4,596.0,,1.0
E2106,BABY BLUE,4,667.0,,2.0
E2106,BABY BLUE,6,204.0,,1.0
E2106,BABY BLUE,6,259.0,,6.0
E2106,SKY BLUE,0,696.0,,1.0
E2106,SKY BLUE,14,116.0,,1.0
E2106,SKY BLUE,16,116.0,,1.0
E2106,SKY BLUE,2,488.0,,1.0
E2106,SKY BLUE,2,691.0,,1.0
E2106,SKY BLUE,2,696.0,,3.0
E2106,SKY BLUE,4,595.0,,3.0
E2106,SKY BLUE,6,240.0,,8.0
E2106,SKY BLUE,8,150.0,,3.0
E2107,LAVENDER,0,233.0,,1.0
E2107,LAVENDER,0,242.0,,1.0
E2107,LAVENDER,0,256.0,,2.0
E2107,LAVENDER,10,233.0,,2.0
E2107,LAVENDER,10,256.0,,1.0
E2107,LAVENDER,12,233.0,,2.0
E2107,LAVENDER,12,256.0,,1.0
E2107,LAVENDER,12,603.0,,1.0
E2107,LAVENDER,16,59.0,,1.0
E2107,LAVENDER,16,233.0,,1.0
E2107,LAVENDER,16,256.0,,5.0
E2107,LAVENDER,18,256.0,,2.0
E2107,LAVENDER,2,233.0,,1.0
E2107,LAVENDER,2,256.0,,3.0
E2107,LAVENDER,2,544.0,,1.0
E2107,LAVENDER,2,849.0,,1.0
E2107,LAVENDER,4,233.0,,4.0
E2107,LAVENDER,4,256.0,,2.0
E2107,LAVENDER,6,256.0,,1.0
E2107,LAVENDER,6,404.0,,1.0
E2107,LAVENDER,8,233.0,,4.0
E2107,LAVENDER,8,256.0,,3.0
E2107,LAVENDER,8,787.0,,1.0
E2107,NAVY,0,848.0,,1.0
E2107,NAVY,10,624.0,,1.0
E2107,NAVY,14,544.0,,1.0
E2107,NAVY,14,624.0,,2.0
E2107,NAVY,14,732.0,,1.0
E2107,NAVY,14,847.0,,1.0
E2107,NAVY,18,624.0,,3.0
E2107,NAVY,4,847.0,,1.0
E2107,NAVY,6,791.0,,1.0
E2107,NAVY,6,847.0,,1.0
E2107,NAVY,8,624.0,,1.0
E2107,NAVY,8,791.0,,2.0
F1116,APPLE,7XL,808.0,,1.0
F1116,APPLE,M,808.0,,1.0
F1116,BLACK,10,283.0,,1.0
F1116,BLACK,12,283.0,,2.0
F1116,BLACK,2,283.0,,1.0
F1116,BLACK,4,283.0,,7.0
F1116,BLACK,8,283.0,,8.0
F1116,FUCHSIA,34,280.0,,2.0
F1116,FUCHSIA,38,241.0,,1.0
F1116,FUCHSIA,4,280.0,,8.0
F1116,FUCHSIA,8,280.0,,2.0
F1116,GOLD,12,281.0,,3.0
F1116,GOLD,14,281.0,,1.0
F1116,GOLD,2,281.0,,2.0
F1116,ROYAL,34,281.0,,3.0
F1116,ROYAL,38,281.0,,10.0
F1116,ROYAL,40,281.0,,2.0
F1116,SKY BLUE,6XL,636.0,,21.0
F1116,SKY BLUE,7XL,636.0,,4.0
F1116,SKY BLUE,8XL,636.0,,6.0
F1116,SKY BLUE,S,636.0,,1.0
F1116,TRUFFLE,34,282.0,,10.0
F1116,TRUFFLE,38,282.0,,4.0
F1116,TRUFFLE,40,282.0,,4.0
F1116,WHITE,34,280.0,,2.0
F1116,WHITE,40,280.0,,1.0
F570,BANANA,14,291.0,,1.0
F570,BANANA,34,447.0,,50.0
F570,LAVENDER,40,226.0,,1.0
F570,NAVY,XL,59.0,,1.0
F570,PINK,30,158.0,,1.0
F570,SKY BLUE,20,278.0,,5.0
F570,SKY BLUE,24,278.0,,1.0
G1116,APPLE RED,5XL,629.0,,1.0
G1116,APPLE RED,7XL,544.0,,1.0
G1116,APPLE RED,7XL,629.0,,3.0
G1116,APPLE RED,8XL,629.0,,16.0
G1116,APPLE RED,M,629.0,,3.0
G1116,APPLE RED,S,629.0,,8.0
G1116,BLACK,10,398.0,,5.0
G1116,BLACK,S,398.0,,6.0
G1116,BURGUNDY,24,291.0,,2.0
G1116,BURGUNDY,26,291.0,,3.0
G1116,BURGUNDY,8XL,173.0,,1.0
G1116,BURGUNDY,S,28.0,MILANO FORMALS,7.0
G1116,BURGUNDY,S,57.0,,8.0
G1116,BURGUNDY,S,398.0,,7.0
G1116,CHAMPAGNE,8XL,623.0,,2.0
G1116,FUCHSIA,38,105.0,,3.0
G1116,FUCHSIA,40,105.0,,3.0
G1116,FUCHSIA,7XL,327.0,,1.0
G1116,FUCHSIA,8XL,181.0,,1.0
G1116,FUCHSIA,8XL,327.0,,1.0
G1116,IVORY,16,398.0,,1.0
G1116,IVORY,18,398.0,,1.0
G1116,IVORY,2,42.0,MILANO FORMALS,4.0
G1116,IVORY,4,42.0,MILANO FORMALS,3.0
G1116,LAVENDER,6XL,28.0,MILANO FORMALS,18.0
G1116,LAVENDER,7XL,59.0,,1.0
G1116,LILAC,12,3.0,MILANO FORMALS,2.0
G1116,LILAC,12,58.0,,1.0
G1116,LILAC,12,147.0,,2.0
G1116,LILAC,12,154.0,,1.0
G1116,LILAC,12,171.0,,2.0
G1116,LILAC,18,154.0,,1.0
G1116,LILAC,2,154.0,,1.0
G1116,LILAC,20,3.0,MILANO FORMALS,1.0
G1116,LILAC,22,43.0,MILANO FORMALS,1.0
G1116,LILAC,26,174.0,,4.0
G1116,LILAC,34,362.0,,1.0
G1116,LILAC,4,154.0,,1.0
G1116,LILAC,4,174.0,,1.0
G1116,LILAC,4,320.0,,1.0
G1116,LILAC,4,327.0,,3.0
G1116,LILAC,4XL,174.0,,2.0
G1116,LILAC,6,3.0,MILANO FORMALS,3.0
G1116,LILAC,6,154.0,,1.0
G1116,LILAC,6,174.0,,1.0
G1116,LILAC,6,320.0,,1.0
G1116,LILAC,7XL,3.0,MILANO FORMALS,3.0
G1116,LILAC,7XL,58.0,,1.0
G1116,LILAC,7XL,391.0,,1.0
G1116,LILAC,8,154.0,,2.0
G1116,LILAC,8,171.0,,4.0
G1116,LILAC,8,174.0,,2.0
G1116,LILAC,8,320.0,,1.0
G1116,LILAC,8,362.0,,1.0
G1116,LILAC,8XL,2.0,MILANO FORMALS,12.0
G1116,LILAC,8XL,58.0,,2.0
G1116,LILAC,8XL,154.0,,1.0
G1116,LILAC,8XL,320.0,,1.0
G1116,LILAC,8XL,391.0,,1.0
G1116,LILAC,L,171.0,,1.0
G1116,LILAC,L,320.0,,1.0
G1116,LILAC,XL,147.0,,1.0
G1116,NAVY,38,463.0,,1.0
G1116,NAVY,5XL,299.0,,1.0
G1116,NAVY,6XL,299.0,,2.0
G1116,NAVY,6XL,391.0,,1.0
G1116,NAVY,6XL,463.0,,1.0
G1116,NAVY,7XL,299.0,,1.0
G1116,NAVY,7XL,391.0,,3.0
G1116,NAVY,8XL,391.0,,4.0
G1116,NAVY,M,395.0,,1.0
G1116,NAVY,S,391.0,,9.0
G1116,NAVY,S,653.0,,13.0
G1116,NAVY,XL,736.0,,1.0
G1116,PINK,6XL,770.0,,1.0
G1116,PINK,7XL,770.0,,11.0
G1116,PINK,8XL,770.0,,14.0
G1116,PINK,XL,770.0,,2.0
G1116,POOL,4XL,763.0,,1.0
G1116,POOL,L,503.0,,1.0
G1116,PURPLE,4XL,398.0,,1.0
G1116,PURPLE,8XL,540.0,,3.0
G1116,PURPLE,L,398.0,,1.0
G1116,PURPLE,S,398.0,,1.0
G1116,PURPLE,XL,398.0,,2.0
G1116,RED,40,622.0,,1.0
G1116,RED,6XL,622.0,,16.0
G1116,RED,6XL,635.0,,14.0
G1116,RED,7XL,622.0,,3.0
G1116,RED,7XL,635.0,,10.0
G1116,RED,8XL,622.0,,9.0
G1116,RED,8XL,635.0,,9.0
G1116,RED,L,635.0,,1.0
G1116,ROYAL,6XL,173.0,,1.0
G1116,ROYAL,6XL,180.0,,1.0
G1116,SAGE,20,769.0,,1.0
G1116,SILVER,12,319.0,,1.0
G1116,SILVER,2,42.0,MILANO FORMALS,4.0
G1116,SILVER,8,319.0,,2.0
G1116,SILVER,L,319.0,,3.0
G1116,SKY BLUE,6XL,463.0,,3.0
G1116,SKY BLUE,S,622.0,,4.0
G1116,TRUFFLE,7XL,540.0,,2.0
G1116,TRUFFLE,8XL,540.0,,4.0
G1116,TRUFFLE,M,398.0,,2.0
