STYLE NO.,COLOR,BOX NUMBER,SIZE_US
570,NAVY,2,8.0
570,NAVY,2,10.0
570,LILAC,3,8.0
570,LILAC,3,12.0
G1116,LILAC,3,12.0
G1116,LILAC,3,6.0
E1852,BURGUNDY,4,6.0
E1799,FUCHSIA,4,6.0
E1852,PINK,4,6.0
570,NAVY,5,8.0
570,NAVY,5,10.0
E1421,CORAL,6,10.0
E1421,CORAL,6,6.0
E2770,RED,6,6.0
E2327,RED/BLACK,6,6.0
E1421,CORAL,6,4.0
E2253,RED,7,14.0
E2513,RED,7,14.0
E2253,RED,7,12.0
E2253,RED,7,10.0
E2513,RED,7,10.0
E2253,RED,7,8.0
E2253,RED,7,6.0
E2513,RED,7,6.0
E2513,RED,7,4.0
E2253,RED ,7,4.0
BD2006/66,BLACK,9,8.0
BD2006/502,OFF WHITE,9,8.0
BD2006/344,OLIVE GREEN,9,8.0
BD2006/741,PURPLE,9,8.0
BD2006/66,BLACK,9,14.0
BD2006/344,OLIVE GREEN,9,14.0
BD2006/66,BLACK,9,12.0
BD2006/502,OFF WHITE,9,12.0
BD2006/344,OLIVE GREEN,9,12.0
BD2006/741,PURPLE,9,12.0
BD2006/66,BLACK,9,10.0
BD2006/502,OFF WHITE,9,10.0
BD2006/344,OLIVE GREEN,9,10.0
BD2006/741,PURPLE,9,10.0
BZ570,ROYAL BLUE,10,14.0
570,ROYAL BLUE,11,8.0
E1127,TRUFFLE,11,14.0
E1127,TRUFFLE,11,12.0
E1127,TRUFFLE,11,10.0
E1890,BLACK,11,8.0
E1890,BLACK,11,6.0
BD2006/413,,12,8.0
BD2007/101,,12,14.0
BD2007/417,,12,14.0
BD2006/413,,12,12.0
BD2007/101,,12,12.0
BD2007/417,,12,12.0
BD2006/413,,12,10.0
BD2007/417,,12,10.0
E2560,NAVY,12,10.0
E2560,NAVY,12,6.0
E2255,FUCHSIA,13,14.0
E2255,FUCHSIA,13,12.0
E2255,FUCHSIA,13,10.0
E2255,FUCHSIA,13,8.0
E2531,ROYAL BLUE,14,8.0
E2531,ROYAL BLUE,14,6.0
E2527,BLACK,14,4.0
E2531,ROYAL BLUE,14,4.0
E2253,RED,15,14.0
E2253,RED,15,12.0
E1745,TURQUOISE GREEN,15,12.0
E2524,GREEN,15,10.0
E2253,RED,15,10.0
E1379,TRUFFLE,15,10.0
E2253,RED,15,8.0
E2524,GREEN,15,6.0
E1379,TRUFFLE,15,6.0
E2253,RED ,15,4.0
E1379,TRUFFLE,16,10.0
E1379,TRUFFLE,16,8.0
B8808,IVORY/NAVY,17,8.0
570,PERRI,17,8.0
B8808,IVORY/NAVY,17,14.0
B8808,IVORY/NAVY,17,12.0
570,PERRI,17,12.0
B8808,IVORY/NAVY,17,10.0
E1379,PEACOCK,18,10.0
E1379,PEACOCK,18,8.0
E1379,PEACOCK,18,6.0
E1379,PEACOCK,18,4.0
570,FUCHSIA,19,8.0
BZ570,FUCHSIA,19,10.0
E1799,FUCHSIA,19,8.0
E2526,GREEN,20,8.0
E2602,MINT,20,6.0
1582,TEAL,20,6.0
E1582,FUCHSIA,20,4.0
B1799,GREEN,20,4.0
E1582,GREEN,20,4.0
1582,TEAL,20,4.0
B8808,IVORY/NAVY,21,8.0
B8808,IVORY/NAVY,21,14.0
B8808,IVORY/NAVY,21,12.0
E2560,NAVY,21,14.0
E2101,WINE,21,14.0
E2101,WINE,21,12.0
E2101,WINE,21,10.0
E2101,WINE,21,8.0
E2101,WINE,21,4.0
E1260,JADE,23,10.0
570,PERIWINKLE,23,10.0
E1379,PEACOCK,23,10.0
E2602,BLACK,23,8.0
E1379,PEACOCK,23,8.0
E1379,TRUFFLE,23,8.0
E2602,BLACK,23,6.0
E2602,BLACK,23,4.0
E2544,RED,23,4.0
E1379,TRUFFLE,23,4.0
E2225,BLACK / GREEN,24,8.0
E2225,BLACK / GREEN,24,6.0
E1421,CORAL,24,6.0
E1531,CORAL,24,6.0
E2225,BLACK / GREEN,24,4.0
E1605,PURPLE,24,4.0
BD2006/741,PURPLE,25,8.0
BD2006/741,PURPLE,25,12.0
E1420,PURPLE,25,12.0
E1420,PURPLE,25,10.0
E1420,PURPLE,25,8.0
E1420,PURPLE,25,4.0
B8998,LIGHT GREEN,26,8.0
E1730,CHARCOAL,26,12.0
E1730,CHARCOAL,26,8.0
E1730,CHARCOAL,26,6.0
570,PEACH,27,8.0
570,PEACH,27,10.0
G1116,BURGUNDY,28,8.0
E2560,NAVY,28,14.0
E2560,NAVY,28,10.0
E2560,NAVY,28,6.0
B8808,IVORY/NAVY,29,8.0
BD2001744,BROWN,29,12.0
570,NAVY,29,10.0
E2101,WINE,29,14.0
E1984,,29,14.0
E1984,,29,10.0
E1657,BLACK,29,8.0
E2225,BLACK / GREEN,29,6.0
E1984,,29,6.0
570,PERRI,30,8.0
570,PERRI,30,14.0
570,PERRI,30,12.0
570,PERRI,30,10.0
AA9307,,31,12.0
AA9308,,31,10.0
E1013,SUNSHINE,33,14.0
E1799,TEAL,33,10.0
E1696,BLACK,33,6.0
E1696,BLACK,33,4.0
E1799,TEAL,33,4.0
E1520,SANGRIA,35,14.0
E1745,TURQUOISE GREEN,35,10.0
E1270,FUCHSIA,35,8.0
E1270,FUCHSIA,35,6.0
AA9309,,38,12.0
AA9306,CHAMPAGNE/IVORY,38,6.0
AA9308,,38,4.0
AA9315,,38,4.0
AA9307,,39,12.0
AA9315,,39,6.0
AA9308,,39,4.0
AA9313,,39,4.0
AA9326,,39,4.0
E1730,BURNTORE,41,12.0
E1730,BURNTORE,41,10.0
E1730,BURNTORE,41,6.0
E1421,SILVER,42,14.0
A1054,IVORY,42,12.0
E1421,GREY,42,10.0
E1421,GREY,42,10.0
E1421,SILVER,42,8.0
G1116,IVORY,42,4.0
B8808,IVORY/NAVY,43,8.0
E1260,TRUFFLE,43,8.0
E1264,BLACK,43,4.0
E1890,BLACK,43,4.0
E2543,BLACK,43,4.0
E1581,RED,43,4.0
E1908,SKY BLUE,44,14.0
E1893,BLACK,44,10.0
E1502,NAVY,44,10.0
E1908,SKY BLUE,44,6.0
E1502,NAVY,44,4.0
E1795,NAVY,44,4.0
E1663,FUCHSIA,45,14.0
E1463,TEAL,45,12.0
E1663,FUCHSIA,45,10.0
E1463,TEAL,45,10.0
E1663,FUCHSIA,45,8.0
E1463,TEAL,45,8.0
E1838,TEAL,45,4.0
E1730,CHARCOAL,46,12.0
E1730,CHARCOAL,46,8.0
E1730,BURNT ORANGE,46,4.0
E1431,CORAL,46,4.0
E2171,SKY BLUE,47,6.0
570,PERRI,48,8.0
570,PERRI,48,14.0
570,PERRI,48,12.0
570,PERRI,48,10.0
BZ570,SKY BLUE,48,10.0
1116,SILVER,50,8.0
E1347,,50,8.0
E1421,GREY,50,12.0
E1264,BLACK,50,4.0
E1264,BLACK,50,4.0
E1672,BLUE,50,4.0
B8808,IVORY,51,8.0
B8808,IVORY/BLACK,51,8.0
BD2006/741,,51,8.0
BD2006/741,,51,12.0
BD2006/741,,51,10.0
E1420,PURPLE,52,8.0
E1420,PURPLE,52,6.0
E1420,PURPLE,52,4.0
E1285,FUCHSIA,53,12.0
E1582,PURPLE,53,6.0
E1582,FUCHSIA,53,4.0
AA9306,IVORY,54,14.0
AA9315,IVORY,54,12.0
E2182,NAVY,54,4.0
AA9313,IVORY,55,8.0
AA9313,IVORY,55,6.0
B8749,GREEN,56,8.0
B8749,GREEN,56,14.0
B8749,GREEN,56,12.0
B8749,GREEN,56,10.0
G1116,BURGUNDY,57,8.0
E1260,JADE,57,8.0
E1260,JADE,57,10.0
E1421,ROYAL,57,4.0
G1116,LILAC,58,12.0
E1260,JADE,59,8.0
E1260,TRUFFLE,59,8.0
F570,NAVY,59,14.0
E1260,JADE,59,10.0
E2252,PURPLE,59,14.0
E1910,SKY BLUE,59,14.0
E2252,PURPLE,59,12.0
E1799,TEAL,59,12.0
E1827,BLACK,59,10.0
E1909,SKY BLUE,59,8.0
E1827,BLACK,59,6.0
E1908,SKY BLUE,59,6.0
AA9313,IVORY,60,14.0
AA9314,IVORY,60,8.0
AA9313,IVORY,60,6.0
AA9314,IVORY,60,4.0
E2171,LIGHT BLUE,61,14.0
E2171,LIGHT BLUE,61,12.0
E1463,CORAL,61,6.0
E1463,CORAL,61,4.0
E2080,BLACK,62,6.0
E2126,BLACK,62,6.0
E1583,TEAL,62,6.0
E1657,TEAL,62,6.0
E1796,BLACK,62,4.0
E2080,BLACK,62,4.0
E2126,BLACK,62,4.0
E2136,BLACK,62,4.0
E2171,LIGHT BLUE,63,12.0
BD2007/4117,,64,8.0
Z570,,64,8.0
570,ROYAL,64,14.0
G570,,64,14.0
BD2007/4117,,64,12.0
BD2007/101,,64,10.0
570,NAVY,64,6.0
570,ROYAL,64,6.0
570,NAVY,64,5.0
570,LILAC,65,8.0
1116,SILVER,65,8.0
570,LILAC,65,12.0
570,PEACH,65,10.0
E2590,ROSE,66,8.0
E2590,ROSE,67,12.0
E2590,ROSE,67,8.0
E2590,ROSE,68,10.0
E2601,EMERALD,69,14.0
E2601,EMERALD,69,6.0
E2601,EMERALD,69,4.0
E2601,EMERALD,70,8.0
E2601,EMERALD,71,10.0
E2601,EMERALD,71,6.0
E2601,NAVY,72,8.0
E2601,NAVY,72,4.0
E2126,BLACK,73,14.0
E2126,BLACK,73,12.0
E2126,BLACK,73,10.0
E2126,BLACK,73,8.0
E1285,FUCHSIA,74,14.0
E1285,FUCHSIA,74,12.0
E1412,BROWN,76,12.0
E1696,BLACK,77,4.0
AA9315,WHITE,78,8.0
AA9322,WHITE,78,8.0
AA9332,WHITE,78,8.0
AA9320,WHITE,79,12.0
AA9326,WHITE,79,8.0
AA9327,WHITE,79,8.0
A9254,WHITE,80,10.0
A9312,WHITE,80,6.0
A9301,WHITE,80,4.0
E1421,CORAL,81,8.0
BZ570,CORAL,82,14.0
E1421,CORAL,82,10.0
E1421,CORAL,82,6.0
E1421,CORAL,82,4.0
E2524,CHERRY,83,8.0
E2524,CHERRY,83,4.0
E2524,CHERRY,84,10.0
E2524,CHERRY,84,6.0
E2540,TEAL,84,6.0
E2540,TEAL,85,14.0
E2540,TEAL,85,8.0
E2540,TEAL,85,6.0
E2509,BURGUNDY,86,6.0
E2535,BURGUNDY,86,6.0
E2535,BURGUNDY,86,4.0
E2509,BURGUNDY,87,4.0
AA9312,BURGUNDY,89,6.0
AA932,BURGUNDY,89,4.0
E2540,TEAL,90,4.0
AA9304,WHITE,91,4.0
AA9308,WHITE,92,14.0
AA9308,WHITE,92,6.0
E1672,BLUE,93,12.0
E1672,BLUE,93,8.0
E1672,BLUE,93,4.0
E2229,IVORY,94,14.0
E2241,IVORY,94,14.0
E2241,IVORY,94,12.0
E2241,IVORY,94,4.0
E2171,LIGHT BLUE,97,6.0
BD2006/10,BEIGE,98,8.0
BD2006/24,BLACK,98,8.0
BD2006/24,BLACK,98,14.0
BD2006/183,MIDNIGHT BLUE,98,14.0
BD2006/24,BLACK,98,12.0
BD2006/183,MIDNIGHT BLUE,98,12.0
BD2006/24,BLACK,98,10.0
E1729,MINT,99,8.0
E1729,IVORY,99,4.0
E1729,MINT,99,4.0
E1729,IVORY,100,4.0
E2114,ROYAL BLUE,101,8.0
E2114,ROYAL BLUE,101,6.0
E2114,ROYAL BLUE,101,4.0
E1581,RED,102,14.0
E1581,RED,102,12.0
E1581,RED,102,8.0
E1573,BLACK,102,6.0
E1573,BLACK,102,4.0
E22279,BURGUNDY,103,14.0
AA9257,WHITE,103,12.0
E1573,PURPLE,103,6.0
B8808,IVORY,104,8.0
B7038,WHITE,104,10.0
AA9315,WHITE,104,12.0
AA226,WHITE,104,4.0
AA9336,WHITE,104,4.0
B8808,WHITE,104,4.0
E1729,MINT,105,8.0
E1729,MINT,105,6.0
E1729,MINT,105,4.0
E1730,BLUE,106,8.0
E1334,FUCHSIA,106,6.0
E1344,YELLOW,106,6.0
E1730,BLUE,106,4.0
E1573,BLACK,107,12.0
E1573,BLACK,107,10.0
E1573,BLACK,107,8.0
E1573,BLACK,107,6.0
B8486,BLACK/FUCHSIA,108,12.0
B8486,BLACK/FUCHSIA,108,10.0
E1348,PLATINUM,108,12.0
E1896,POOL/WHITE,109,14.0
E1896,POOL/WHITE,109,12.0
E1896,POOL/WHITE,109,10.0
E1896,POOL/WHITE,109,6.0
E1347,BLUE,110,8.0
E2526,GREEN,110,12.0
E1893,BLACK,110,8.0
E2543,BLACK,110,8.0
E2526,GREEN,110,8.0
E2543,BLACK,110,6.0
E2526,GREEN,110,6.0
E2526,GREEN,110,4.0
B8808,IVORY,111,8.0
E1470,PEACH,111,8.0
E2114,ROYAL,111,8.0
B2279,BURGUNDY,112,10.0
B2279,BURGUNDY,112,6.0
E1852,BURGUNDY,113,4.0
E1582,FUCHSIA,113,4.0
E2087,ROSE/QUARTZ,113,4.0
E1347,BLUE,114,6.0
E2511,BLUE,114,6.0
AA9321,IVORY,114,6.0
E2059,ROYAL,114,6.0
E2531,ROYAL,114,6.0
E1672,SKY BLUE,114,6.0
E1032,BLACK,114,5.0
E2158,GOLD,115,6.0
E1663,NAVY,115,6.0
E1463,CORAL,115,4.0
E2158,GOLD,115,4.0
E1573,PEACH,115,4.0
E2106,SKY BLUE,116,14.0
E1908,SKY BLUE,116,4.0
E1463,TEAL,117,14.0
E1463,TEAL,117,10.0
E1463,TEAL,117,8.0
E1463,TEAL,117,4.0
E2080,BLACK,118,4.0
E2241,BLACK,118,4.0
E1827,,118,4.0
AA9315,IVORY,119,12.0
AA9315,IVORY,119,4.0
E2233,WHITE,120,6.0
E1520,BURNT ORANGE,120,4.0
E1796,BISCOTTI,121,8.0
E1531,CORAL,121,6.0
E1796,BISCOTTI,121,4.0
E1531,CORAL,121,4.0
570,ROYAL BLUE,122,14.0
E2511,BLUE,122,8.0
E2257,WINE,122,8.0
E1386,PLUM,122,6.0
E2053,NAVY,123,4.0
E1334,FUCHSIA,124,10.0
B1452,PURPLE,124,6.0
E1663,PURPLE,125,10.0
E1663,PURPLE,125,8.0
E1663,PURPLE,125,6.0
E1663,PURPLE,125,4.0
E2255,FUCHSIA,127,10.0
E2560,NAVY,127,10.0
E2543,BLACK,127,8.0
E2255,FUCHSIA,127,8.0
E2543,BLACK,127,6.0
E2560,NAVY,127,6.0
E1696,TEAL,127,4.0
570,PEACH,128,8.0
570,PEACH,128,10.0
AA9307,IVORY,129,8.0
AA9315,IVORY,129,8.0
BD2006/200,,130,8.0
BD2007/182,,130,8.0
BD2007/182,,130,14.0
BD2006/200,,130,12.0
BD2007/182,,130,12.0
BD2006/200,,130,10.0
BD2007/182,,130,10.0
E1729,IVORY,131,8.0
E1502,IVORY,131,6.0
E1729,IVORY,131,6.0
E2602,BLACK,132,10.0
E1893,BLACK,132,8.0
E2527,BLACK,132,8.0
E2526,GREEN,132,8.0
E2606,MINT,132,8.0
E2550,RED,132,8.0
B8998,RED,133,12.0
B8998,RED,133,10.0
B8998,RED,133,8.0
B8998,RED,133,6.0
B8998,RED,133,4.0
B8998,CLARET,134,8.0
B8998,CLARET,134,10.0
B8998,CLARET,134,10.0
B8998,CLARET,134,8.0
B8998,CLARET,134,6.0
B8998,CLARET,134,4.0
E5105,BLACK,135,4.0
E1795,BISCOTTI,135,6.0
E2549,BLACK/GREEN,135,6.0
E1391,PURPLE,135,4.0
E2531,ROYAL,135,4.0
E1264,CORAL,136,8.0
E1264,CORAL,136,4.0
AA221,WHITE,137,10.0
AA221,WHITE,137,8.0
E1579,WHITE,137,6.0
E1502,CLARET,137,4.0
E1729,IVORY,137,4.0
B8401,SKY BLUE,138,10.0
E2171,LIGHTBLUE,138,10.0
E2320,MULTI,138,10.0
E1799,TEAL,139,14.0
E1799,TEAL,139,12.0
E1799,TEAL,139,10.0
E1799,TEAL,139,8.0
E1799,TEAL,139,6.0
E1799,TEAL,139,4.0
AA9307,WHITE,140,10.0
E2526,GREEN,140,8.0
E2717,CHAMPAGNE,140,6.0
E2514,EMERALD,140,6.0
E2513,RED,140,6.0
E2019,BLUE,140,4.0
E2717,CHAMPAGNE,140,4.0
E1510,WHITE,140,4.0
E1531,CORAL,141,4.0
E1852,PINK,141,4.0
E2327,RED,141,4.0
E2087,ROSE,141,4.0
E2160,SKY BLUE,142,14.0
AA9270,WHITE/NAVY,142,14.0
E1412,BROWN,142,12.0
E2160,SKY BLUE,142,12.0
AA9270,WHITE/NAVY,142,12.0
E2160,SKY BLUE,142,10.0
E2160,SKY BLUE,142,8.0
AA9270,WHITE/BURGUNDY,142,6.0
AA9270,WHITE/NAVY,142,6.0
E2543,BLACK,143,8.0
E2019,BLUE,143,8.0
E2514,EMERALD,143,8.0
E2076,MIDNIGHT,143,8.0
E2560,NAVY,143,8.0
E1319,PURPLE,143,8.0
E1544,BLACK,143,4.0
E1730,CHARCOAL,144,12.0
E1730,CHARCOAL,144,10.0
E1730,CHARCOAL,144,8.0
E1730,CHARCOAL,144,6.0
E1730,ORANGE,144,6.0
E1730,ROYAL,144,6.0
E1730,CHARCOAL,144,4.0
E1730,ORANGE,144,4.0
E1582,TEAL,145,12.0
E1582,TEAL,145,10.0
E1582,TEAL,145,8.0
E1918,GREEN,145,4.0
E2018,GREEN,145,4.0
G1116,LILAC,147,14.0
E1507,WATERMELON,147,14.0
G1116,LILAC,147,12.0
E1582,TEAL,147,10.0
E1582,TEAL,147,8.0
E2550,RED,147,6.0
E2087,DIRTY ROSE,147,4.0
570,LILAC,148,8.0
E1018,ORANGE,148,8.0
B8865,SANGRIA,148,8.0
E1285,SAGE,148,12.0
E2255,FUCHSIA,149,6.0
E1730,ROYAL,149,6.0
E1730,ROYAL,149,4.0
E2106,SKY BLUE,150,8.0
AA9303,IVORY,151,12.0
E1582,FUCHSIA,151,6.0
E1852,PINK,151,6.0
E1852,BURGUNDY,151,4.0
E1502,CLARET,151,4.0
AA9308,WHITE,152,14.0
E1379,TRUFFLE,152,8.0
AA9270,WHITE,153,12.0
AA9270,WHITE/IVORY,153,12.0
AA9270,WHITE/IVORY,153,8.0
AA9270,WHITE/IVORY,153,6.0
E1260,JADE,154,8.0
E1260,JADE,154,10.0
G1116,LILAC,154,12.0
E2252,PURPLE,154,12.0
E1421,GREY,154,8.0
570,LILAC,154,8.0
G1116,LILAC,154,8.0
E1827,BLACK,154,6.0
AA9300,IVORY,154,6.0
G1116,LILAC,154,6.0
E1421,GREY,154,4.0
G1116,LILAC,154,4.0
E1420,ROYAL,155,10.0
E1420,ROYAL,155,10.0
E1420,ROYAL,155,8.0
E1420,ROYAL,155,8.0
E1420,ROYAL,155,4.0
E1270,TEAL,156,12.0
E1582,TEAL,156,10.0
E1827,BLACK,156,8.0
E2080,BLACK,156,8.0
E2460,BLACK,156,8.0
E1799,TEAL,156,6.0
E2602,BLACK,157,14.0
E2602,BLACK,157,10.0
E2602,BLACK,157,6.0
E2602,MINT,157,6.0
E2602,MINT,157,4.0
E2031,BLACK,158,12.0
E1420,ROYAL,158,10.0
E1462,SKY BLUE,158,8.0
E1520,BURNT ORANGE,158,6.0
E1463,TEAL,158,6.0
E1462,SKY BLUE,158,4.0
E1463,TEAL,158,4.0
E1986,TIFFANY,159,14.0
E1285,CAFE,159,12.0
E1285,FUCHSIA,159,12.0
E2527,BLACK,159,10.0
E2281,PURPLE,159,10.0
E1986,TIFFANY,159,10.0
E2527,BLACK,159,8.0
E1264,CLARET,159,8.0
E2281,PURPLE,159,8.0
E2544,RED,159,4.0
E1264,CORAL,160,12.0
E1264,CORAL,160,10.0
E1264,CORAL,160,8.0
E2322,BLUSH,161,10.0
E2097,MINT,161,10.0
E2322,BLUSH,161,8.0
AA9306,IVORY,162,6.0
AA9308,IVORY,162,6.0
AA9313,IVORY,162,6.0
AA9313,IVORY,163,6.0
AA9315,IVORY,163,6.0
B8865,BROWN,164,10.0
BD2007/10,COFFEE,164,10.0
E1013,SUNSHINE,164,10.0
E1965,SANGRIA,164,8.0
E1799,TEAL,164,8.0
E2082,BLACK,164,6.0
E2241,BLACK,164,6.0
E2449,GREEN,164,6.0
E1502,CLARET,164,4.0
E1013,SUNSHINE,165,12.0
E1334,FUCHSIA,165,6.0
E1463,TRUFFLE,166,12.0
E1270,FUCHSIA,166,10.0
E2615,CLARET,167,8.0
E2410,MUD,167,8.0
E1852,PINK,167,8.0
E1379,TRUFFLE,167,8.0
E1379,PEACOCK,167,6.0
E1379,PEACOCK,167,4.0
E1379,TRUFFLE,167,4.0
AA9322,IVORY,168,12.0
AA9315,IVORY,168,10.0
E1918,GREEN,169,6.0
E2042,WINE,170,14.0
E2551,RED,170,6.0
E2080,BLACK,170,4.0
570,PERRI,171,8.0
G1116,LILAC,171,12.0
G1116,LILAC,171,12.0
E1270,FUCHSIA,171,10.0
E1270,FUCHSIA,171,8.0
G1116,LILAC,171,8.0
E1420,ROYAL,171,8.0
E1421,ROYAL,171,4.0
BZ570,NAVY,172,14.0
E1663,NAVY,172,14.0
BD 2006/741,PURPLE,172,10.0
B2602,MINT,172,14.0
AA9270,WHITE NAVY,172,12.0
AA9270,BURGUNDY,172,6.0
E2514,EMERALD,172,6.0
B2602,BLACK,172,4.0
E2514,EMERALD,172,4.0
BZ570,BLACK,173,8.0
B8808,IVORY,173,8.0
E2252,PURPLE,173,14.0
E1507,WATERMELON,173,14.0
E1387,PINK,173,10.0
E2042,WINE,173,10.0
E1581,RED,173,6.0
E2253,RED,173,6.0
E1672,SKY BLUE,174,12.0
E1672,SKY BLUE,174,10.0
G1116,LILAC,174,8.0
G1116,LILAC,174,6.0
G1116,LILAC,174,4.0
E2786,PURPLE,175,14.0
E1270,TEAL,175,12.0
E1270,TEAL,175,10.0
E1270,TEAL,175,8.0
E1270,TEAL,175,6.0
E1270,TEAL,175,4.0
E2602,BLACK,176,8.0
E2324,PINK,176,4.0
E2544,RED,176,4.0
E1260,SKY BLUE,177,8.0
E1657,BLACK,177,10.0
570,DARK GREEN,178,12.0
E1391,PURPLE,178,10.0
570,MINT,180,14.0
E1347,BLUE,180,10.0
E2786,PURPLE,180,10.0
E1657,BLACK,180,8.0
E2786,PURPLE,180,8.0
E1344,YELLOW,181,8.0
E1344,YELLOW,181,12.0
E1344,YELLOW,181,10.0
570,PINK,181,14.0
AA9308,WHITE,181,14.0
E1893,BLACK,181,10.0
E1581,RED,181,10.0
E2253,RED,181,10.0
E1354,LILAC,182,8.0
E1356,TRUFFLE,182,8.0
E1354,LILAC,182,12.0
E1354,LILAC,182,10.0
E1356,TRUFFLE,182,10.0
E2227,FUCHSIA,182,14.0
E1657,BLACK,182,12.0
E2076,MIDNIGHT,182,10.0
E1657,BLACK,182,4.0
E1422,PURPLE,183,12.0
E1424,TEAL,183,12.0
E1424,TEAL,183,10.0
E2764,ROYAL,184,14.0
E2046,ROSE,184,12.0
E2034,BERRY,184,8.0
E2126,BLACK,185,10.0
E1201,WINE,185,10.0
E2042,WINE,185,10.0
E1354,LAVENDER,185,8.0
E1439,TEAL,185,8.0
E2771,TEAL,186,4.0
E1379,PEACOCK,187,6.0
E1285,SAGE,188,10.0
E2244,BLACK,189,14.0
E2615,CLARET,189,14.0
E2225,BLACK GREEN,190,14.0
E1657,BLACK,190,4.0
E2082,BLACK,190,4.0
AA9254,,191,8.0
AA9301,,191,6.0
AA9315,,191,4.0
AA9307,,192,8.0
AA9254,,192,6.0
E1412,BROWN,193,14.0
570,SAGE,193,14.0
E1672,SKY BLUE,193,12.0
E1412,BROWN,193,10.0
E2225,BLACK GREEN,194,14.0
E1420,CHAMPAGNE,194,12.0
E1379,TRUFFLE,194,10.0
E1420,CHAMPAGNE,194,4.0
AA9254,WHITE,195,10.0
AA9308,WHITE,195,4.0
E2543,BLACK,196,4.0
E1285,IVORY PRINT,197,10.0
E2553,,198,14.0
E2553,,198,10.0
E1520,BURNT ORANGE,198,8.0
,BURNT ORANGE,198,6.0
B2602,MINT,199,14.0
B2602,MINT,199,10.0
B2602,MINT,199,8.0
E1730,ORANGE,199,6.0
B2602,MINT,199,4.0
E1730,ORANGE,199,4.0
E2114,ROYAL BLUE,200,10.0
E2118,FUCHSIA,200,8.0
E2118,FUCHSIA,201,4.0
AA9259,,202,12.0
AA9315,,202,4.0
E1022,PURPLE,203,8.0
E2114,ROYAL BLUE,203,14.0
E2018,GREEN,203,4.0
E2602,MINT,204,12.0
E2126,BLACK,204,8.0
E2106,BABY BLUE,204,6.0
E1582,FUCHSIA,204,4.0
E2511,NAVY,204,4.0
E1605,PURPLE,204,4.0
E2126,BLACK,205,14.0
E2031,BLACK,205,12.0
E2082,BLACK,205,12.0
E2126,BLACK,205,12.0
E2708,BLACK,205,12.0
E1582,PURPLE,205,12.0
E2403,SILVER,205,12.0
E1507,WATERMELON,205,12.0
E1799,TEAL,205,4.0
E1796,BISCOTTI,206,8.0
E2428,NAVY,206,8.0
E2428,NAVY,206,6.0
E1796,BISCOTTI,206,4.0
E1391,ROYAL BLUE,206,4.0
E1013,SANGRIA,207,12.0
E1583,TEAL,207,10.0
E1657,TEAL,207,10.0
E1259,SKY BLUE,207,6.0
E1502,CLARET,207,4.0
E1259,SKY BLUE,207,4.0
AA9315,IVORY,208,6.0
E2233,GOLD,208,4.0
AA9315,WHITE,208,4.0
AA9315,WHITE,209,6.0
AA9315,WHITE,209,4.0
E2574,BLACK,210,8.0
E1391,PURPLE,210,8.0
E1546,BLACK,211,14.0
E2403,SILVER,211,10.0
E1573,BLACK,211,8.0
E2227,FUCHSIA,211,8.0
E2403,SILVER,211,8.0
E1546,BLACK,211,6.0
E2333,NAVY,211,6.0
AA219,WHITE,211,6.0
E1546,BLACK,211,4.0
E1520,BURNT ORANGE,212,14.0
E1520,BURNT ORANGE,212,12.0
E1520,BURNT ORANGE,212,10.0
E1520,BURNT ORANGE,212,8.0
E1520,BURNT ORANGE,212,4.0
E2034,BERRY,213,14.0
E2046,ROSE,213,12.0
E2772,ROYAL,213,12.0
E2046,ROSE,213,8.0
E2781,ROYAL,213,8.0
E2513,RED,213,4.0
E2781,ROYAL,213,4.0
AA9270,WHITE BURGUNDY,214,14.0
AA9270,WHITE NAVY,214,12.0
AA219,WHITE,214,6.0
AA9270,WHITE BURGUNDY,214,6.0
AA219,WHITE,214,4.0
E1463,CORAL,215,12.0
E2034,BERRY,215,10.0
E1463,CORAL,215,10.0
E1463,CORAL,215,8.0
AA9315,WHITE,216,8.0
AA9308,WHITE,216,6.0
AA9315,WHITE,217,10.0
AA9315,WHITE,217,10.0
570,PEACH,218,10.0
E2755,PEACH,218,14.0
E2755,PEACH,218,10.0
E2755,PEACH,218,6.0
570,LAVENDER,219,8.0
570,LAVENDER,219,12.0
570,LAVENDER,219,10.0
E1829,BLACK,219,8.0
E2553,RED,219,8.0
E2553,RED,219,6.0
E1838,TEAL,219,6.0
E2574,BLACK,219,4.0
E2360,PURPLE PRINT,219,4.0
E2509,RED,219,4.0
E1838,TEAL,219,4.0
E2317,NAVY,220,14.0
E1546,BLACK,220,10.0
E1546,BLACK,220,4.0
E2082,BLACK,220,4.0
E2574,BLACK,220,4.0
E2553,RED,221,14.0
E2708,BLACK,221,10.0
E2553,RED,221,6.0
E1696,BLACK,221,4.0
E2574,BLACK,222,12.0
E2574,BLACK,222,10.0
E2574,BLACK,222,8.0
E2574,BLACK,222,6.0
E2614,NAVY,222,6.0
E2574,BLACK,222,4.0
E2081,NAVY,222,4.0
E1868,CHAMPAGNE,223,12.0
E1911,NAVY,223,10.0
E1911,NAVY,223,8.0
E1911,NAVY,223,6.0
E1868,CHAMPAGNE,223,4.0
E1911,NAVY,223,4.0
AA9308,WHITE,224,4.0
AA9315,WHITE,224,4.0
E2227,FUCHSIA,225,6.0
E2227,FUCHSIA,225,4.0
B8808,IVORY,226,8.0
G570,PERIWINKLE,226,8.0
G570,PERIWINKLE,226,14.0
G570,PERIWINKLE,226,12.0
E2291,BLACK/GOLD,226,14.0
BD2007/183,GREY,226,10.0
E2059,ROYAL,226,10.0
E2514,EMERALD,226,8.0
E2255,FUCHSIA,226,8.0
E1827,BLACK,226,6.0
E2613,MAUVE,226,6.0
AA9270,WHITE,226,6.0
E1852,CHARCOAL,226,4.0
E2255,FUCHSIA,226,4.0
E2553,RED,227,14.0
E2097,MINT,227,12.0
E2520,AQUA,227,10.0
E2574,BLACK,227,8.0
E2389,PURPLE,228,14.0
E2081,NAVY,228,12.0
E2081,NAVY,228,10.0
E2030,FUCHSIA,228,8.0
E2389,PURPLE,228,8.0
E2547,ROYAL,228,8.0
E2081,NAVY,228,6.0
E2389,PURPLE,228,6.0
E2553,RED,228,6.0
E1439,ESMERALD,228,4.0
E2553,RED,228,4.0
E1439,EMERALD,229,8.0
E1439,EMERALD,229,4.0
E2599,RED,230,14.0
E2257,WINE,230,12.0
E1657,BLACK,230,4.0
E2574,BLACK,230,4.0
E1391,ROYAL,230,4.0
E2449,GREEN,231,8.0
E2549,BLACK/GREEN,231,6.0
E2549,BLACK/GREEN,231,4.0
E1436,VICTORIA,231,4.0
E2449,IVORY,232,12.0
E2754,NAVY,232,12.0
E2544,RED,232,8.0
E2547,ROYAL BLUE,232,8.0
B8808,IVORY,233,8.0
E2107,LAVENDER,233,12.0
E2107,LAVENDER,233,10.0
E2107,LAVENDER,233,8.0
E2107,LAVENDER,233,4.0
E2426,NAVY,233,4.0
E2114,ROYAL,234,4.0
E2061,BLACK,236,10.0
E2067,BLACK/BURGUNDY,236,10.0
E2067,BLACK/BURGUNDY,236,8.0
E2067,BLACK/BURGUNDY,236,6.0
E2067,BLACK/BURGUNDY,236,4.0
E2708,BLACK,237,10.0
E2366,BLACK/GOLD,237,10.0
E2035,BLACK/GUNMETAL,237,10.0
E2423,WHITE/BLUE,237,10.0
E2781,RED,237,8.0
E2448,APRICOT,237,4.0
E2574,BLACK,237,4.0
E2225,BLACK/GREEN,238,12.0
E2436,BLACK/PRINT,238,12.0
E1422,PURPLE,238,12.0
E2227,FUCHSIA,238,6.0
E1391,ROYAL,238,4.0
E1422,PURPLE,239,12.0
E1422,PURPLE,239,8.0
E2241,BLACK,239,4.0
E2142,PURPLE,239,4.0
AA9308,WHITE,240,14.0
E1918,GREEN,240,8.0
E2106,SKY BLUE,240,6.0
E1799,TEAL,241,10.0
AA9332,OFF WHITE,241,6.0
AA9304,WHITE,241,6.0
E1531,CORAL,241,4.0
AA219,WHITE,242,6.0
BD2007/09,,243,8.0
E1356,TRUFFLE,244,12.0
E1796,BISCOTTI,244,8.0
E2080,BLACK,244,4.0
E1391,PURPLE,244,4.0
E1356,TRUFFLE,244,4.0
E2269,NUDE,245,14.0
E2259,WINE,245,14.0
E2269,NUDE,245,12.0
E2259,WINE,245,12.0
E1369,PURPLE,245,4.0
E1422,PURPLE,245,4.0
E2281,PURPLE,246,14.0
E2281,PURPLE,246,12.0
E2281,PURPLE,246,10.0
E2329,BLACK,247,6.0
E2589,BLACK,247,4.0
E1546,CORAL,248,14.0
E2227,FUCHSIA,248,14.0
E1546,CORAL,248,12.0
E2227,FUCHSIA,248,10.0
E2034,BERRY,248,8.0
E2227,FUCHSIA,248,8.0
E2227,FUCHSIA,248,6.0
E2781,RED,249,12.0
E2781,RED,249,8.0
E2081,NAVY,249,6.0
E2081,NAVY,249,4.0
E2463,BLACK/PRINT,250,10.0
E2708,BLACK/PRINT,250,10.0
E2449,IVORY,250,10.0
E2463,BLACK/PRINT,250,8.0
E2430,WHITE,250,8.0
E2513,RED,251,14.0
AA219,WHITE,251,9.0
E1538,SAGE,251,8.0
B8998,CORAL,251,4.0
E2514,EMERALD,251,4.0
E2526,GREEN,251,4.0
E2549,GREEN,251,4.0
E2253,RED,251,4.0
E2550,RED,251,4.0
E1022,PURPLE,252,10.0
E1022,SUNSHINE,252,10.0
E1918,GREEN,252,6.0
E1809,ORANGE,252,6.0
E2324,PINK,252,4.0
E2395,RED,252,4.0
E2087,DIRTY ROSE,253,4.0
E2589,BLACK,254,8.0
E2770,RED,254,8.0
E2589,BLACK,254,6.0
E2770,RED,254,4.0
E1822,PEACH,255,8.0
E1822,PEACH,255,6.0
E1822,PEACH,255,6.0
E1822,PEACH,255,4.0
E2107,LAVENDER,256,12.0
E2107,LAVENDER,256,10.0
E2107,LAVENDER,256,8.0
E2107,LAVENDER,256,6.0
E2107,LAVENDER,256,4.0
E1420,ROYAL,257,4.0
E1420,ROYAL,258,6.0
E1022,PURPLE,259,14.0
E2106,BABY BLUE,259,12.0
E2106,BABY BLUE,259,10.0
E2106,BABY BLUE,259,6.0
E2106,BABY BLUE,259,4.0
E1582,TEAL,260,10.0
E1852,CHARCOAL,260,8.0
E2085,CHARCOAL,260,8.0
E1852,PINK,260,8.0
E2775,ROYAL,260,8.0
E1657,TEAL,260,8.0
E2753,TURQUOISE,260,8.0
E2430,WHITE/BLACK,260,8.0
E2101,WINE,260,8.0
E1799,LILAC,261,4.0
E1582,PURPLE,261,4.0
E2708,BLACK,262,14.0
E2787,NAVY,262,12.0
E2443,GREEN,262,10.0
E2034,BERRY,263,8.0
AA9308,WHITE,263,8.0
E1552,BLACK,263,6.0
E2560,NAVY,263,6.0
E2324,PINK,263,6.0
E2233,WHITE,263,4.0
E2227,FUCHSIA,264,14.0
E2227,FUCHSIA,264,10.0
E2574,BLACK,264,8.0
E2227,FUCHSIA,264,8.0
E1657,BLACK,265,14.0
E2126,BLACK,265,14.0
BD2007/183,GREY,265,14.0
E1013,SUNSHINE,265,14.0
E1799,TEAL,265,14.0
BD2006/972,WINE,265,14.0
E2101,WINE,265,14.0
E1502,IVORY,265,8.0
E1502,IVORY,265,6.0
E1502,IVORY,265,4.0
BD2007/10,GOLD,266,14.0
E2317,NAVY,266,12.0
AA9270,WHITE/NAVY,266,9.0
E2394,IVORY/PRINT,266,8.0
AA229,WHITE/NUDE,266,6.0
E1907,CHARCOAL,266,4.0
B8896,NAVY,267,8.0
E1657,LAVENDER,267,4.0
E1799,LILAC,267,4.0
E1605,PURPLE,267,4.0
B8808,IVORY,268,8.0
B8808,NAVY/IVORY,268,8.0
B8401,SKY BLUE,268,8.0
B8808,NAVY/IVORY,268,10.0
AA9270,WHITE/BURGUNDY,268,14.0
AA221,WHITE,268,6.0
AA9304,WHITE,268,6.0
E1697,TEAL,269,9.0
E2003,BLUE,269,4.0
E2449,GREEN,269,4.0
E2335,ROYAL,269,4.0
E1546,BLACK,270,8.0
E2578,BLACK,270,8.0
E1546,BLACK,270,4.0
E2335,ROYAL,270,4.0
E2430,WHITE/BLUE,271,14.0
E1778,NAVY,271,12.0
E2767,WINE,271,12.0
E2775,ROYAL,271,10.0
E7715,BLACK,271,9.0
E2074,NAVY,271,8.0
E7715,BLACK,271,6.0
E2786,PURPLE,271,6.0
B8808,IVORY,272,8.0
B8581,PINK,272,8.0
E2752,GREEN,272,14.0
E2752,GREEN,272,12.0
E2753,TURQUOISE,272,8.0
E2360,PURPLE PRINT,272,4.0
B8088,IVORY,273,8.0
E2557,NAVY,273,14.0
E2088,WINE,273,14.0
E2088,BLACK,273,10.0
E2088,WINE,273,10.0
E2088,BLACK,273,6.0
E2088,BURGUNDY,274,12.0
E2084,BLACK,274,8.0
E2084,BLACK,274,6.0
E2088,BURGUNDY,274,6.0
E2084,BLACK,274,4.0
E2088,BURGUNDY,274,4.0
E2225,BLACK/GREEN,275,12.0
E2225,BLACK/GREEN,275,10.0
E2225,BLACK/GREEN,275,8.0
E2225,BLACK/GREEN,275,6.0
E2787,NAVY,276,8.0
E2787,NAVY,276,4.0
E1334,FUCHSIA,277,8.0
E1334,FUCHSIA,277,4.0
E1270,TEAL,278,14.0
E1412,BROWN,278,12.0
AA9301,WHITE,279,4.0
AA9312,WHITE,279,4.0
AA9319,WHITE,279,4.0
F1116,FUCHSIA,280,8.0
F1116,FUCHSIA,280,4.0
F1116,GOLD,281,14.0
F1116,GOLD,281,12.0
F1116,BLACK,283,12.0
F1116,BLACK,283,10.0
F1116,BLACK,283,8.0
F1116,BLACK,283,4.0
E2317,NAVY,284,14.0
E2335,ROYAL,284,12.0
E2331,RED,284,10.0
E2786,PURPLE,285,14.0
E2786,PURPLE,285,12.0
E2034,BERRY,285,8.0
E1546,BLACK,285,4.0
E1260,SKY BLUE,286,10.0
E2578,BLACK,286,14.0
E2778,BLUSH,286,12.0
E2578,BLACK,286,8.0
E1573,PURPLE,286,8.0
AA9301,WHITE,286,4.0
570,CHAMPAGNE,287,14.0
570,LAVENDER,287,14.0
570,LAVENDER,287,12.0
570,NAVY,288,8.0
570,NAVY,288,14.0
570,NAVY,288,12.0
570,NAVY,288,10.0
E2395,RED,288,8.0
E1918,GREEN,288,6.0
B1022,PURPLE,288,6.0
E1918,GREEN,288,4.0
E2027,WINE,290,14.0
E2027,WINE,290,10.0
E2158,GOLD,290,4.0
E1436,POOL,290,4.0
E1428,PURPLE,290,4.0
E2158,SILVER,290,4.0
E2027,WINE,290,4.0
F570,BANANA,291,14.0
B570,BANANA,291,12.0
B8998,APPLE RED,291,10.0
B8998,RED,291,10.0
BZ570,RED,291,10.0
E2755,PEACH,291,8.0
E2755,PEACH,291,4.0
E1448,PURPLE/BLACK,292,8.0
E2241,BLACK,292,4.0
E1663,FUCHSIA,292,4.0
2088,BURGUNDY,293,6.0
E1730,CHARCOAL,293,6.0
E1463,TEAL,293,6.0
E1730,CHARCOAL,293,4.0
E1463,TEAL,293,4.0
E2027,WINE,293,4.0
B8808,IVORY/NAVY,294,8.0
B8808,IVORY/NAVY,294,12.0
E1852,CHARCOAL,294,6.0
E1796,BLACK,294,4.0
E1852,CHARCOAL,294,4.0
E1799,LILAC,294,4.0
B8865,PURPLE,294,4.0
E1582,PURPLE,294,4.0
E1657,BLACK,295,4.0
E1696,BLACK,295,4.0
E1799,LILAC,295,4.0
E2426,NAVY,296,12.0
E2059,ROYAL,296,12.0
E2059,ROYAL,296,10.0
E2059,ROYAL,296,8.0
E2059,ROYAL,296,6.0
E2059,ROYAL,296,4.0
570,PINK,297,12.0
570,PINK,297,12.0
1116,IVORY,298,8.0
E2061,BLACK,298,14.0
E2061,BLACK,298,10.0
E2061,BLACK,298,8.0
E2061,BLACK,298,6.0
E1013,SUNSHINE,299,12.0
E1672,SKY BLUE,299,8.0
E1520,BURNT ORANGE,299,6.0
E1796,BISCOTTI,300,8.0
E1663,NAVY,300,8.0
E1663,NAVY,300,6.0
E1796,BISCOTTI,300,4.0
E1663,NAVY,300,4.0
B8808,IVORY/NAVY,301,14.0
E1663,PURPLE,301,8.0
E1520,BURNT ORANGE,301,6.0
E1663,PURPLE,301,4.0
E1264,TEAL,302,8.0
E1264,TEAL,303,4.0
E1911,,304,10.0
E1911,,304,8.0
E1911,,304,6.0
E1911,,304,4.0
E1657,BLACK,305,12.0
E1657,BLACK,305,8.0
E1657,BLACK,305,4.0
E2088,WHITE,306,14.0
E1270,TEAL,306,12.0
E1799,TEAL,306,12.0
E1270,TEAL,306,10.0
E1809,ORANGE,306,8.0
E1270,TEAL,306,8.0
E1799,TEAL,306,4.0
E1809,ORANGE,307,12.0
E2322,BLUSH,307,10.0
E1439,ESMERALD,308,12.0
E1439,ESMERALD,308,8.0
E1439,TEAL,308,8.0
E1439,TEAL,308,4.0
E1436,VICTORIA,308,4.0
E2059,ROYAL,309,14.0
E1799,TEAL,309,12.0
E2018,GREEN,309,4.0
E1439,GREY,309,4.0
E2553,RED,310,14.0
E2553,RED,310,10.0
E2574,BLACK,310,8.0
E2553,RED,310,6.0
E2553,RED,310,4.0
E2494,PINK,311,14.0
E1520,SANGRIA,312,14.0
E1264,CLARET,312,12.0
E2255,FUCHSIA,312,12.0
E2560,NAVY,312,12.0
E2253,RED,312,12.0
E2513,RED,312,12.0
E2551,RED,312,12.0
E1657,TEAL,314,12.0
E1657,TEAL,314,10.0
E1657,TEAL,314,8.0
E1657,TEAL,314,8.0
E1657,TEAL,314,6.0
E1657,TEAL,314,4.0
E2335,ROYAL,315,12.0
E2335,ROYAL,315,8.0
E2333,NAVY,315,6.0
E2333,NAVY,315,4.0
AA9270,WHITE/NAVY,316,10.0
AA9270,WHITE/BURGUNDY,316,8.0
AA9270,WHITE/NAVY,316,8.0
AA9270,WHITE/RED,316,6.0
E1270,TEAL,317,10.0
E1270,TEAL,317,8.0
E1270,TEAL,317,6.0
E1270,TEAL,317,6.0
E1270,TEAL,317,4.0
570,NAVY,318,8.0
570,NAVY,318,10.0
E1809,ORANGE,318,8.0
E1809,ORANGE,318,6.0
G1116,SILVER,319,12.0
G1116,SILVER,319,12.0
E1421,CORAL,319,8.0
E1421,GREY,319,8.0
G1116,SILVER,319,8.0
E1421,CORAL,319,4.0
E1531,CORAL,319,4.0
G1116,LILAC,320,12.0
G1116,LILAC,320,8.0
G1116,LILAC,320,6.0
G1116,LILAC,320,4.0
E2545,GREEN,321,14.0
E2545,GREEN,321,14.0
E2545,GREEN,321,10.0
E2545,GREEN,321,8.0
E2545,GREEN,321,6.0
E2545,GREEN,321,4.0
E2545,GREEN,321,4.0
E1657,BLACK,322,12.0
AA9270,WHITE/BURGUNDY,322,12.0
AA9270,WHITE/NAVY,322,12.0
E2080,BLACK,322,8.0
E1657,BLACK,322,4.0
E1696,BLACK,322,4.0
E2080,BLACK,322,4.0
AA9309,WHITE,323,14.0
AA9302,WHITE,323,10.0
AA9302,WHITE,323,6.0
AA9309,WHITE,324,8.0
570,ROYAL,325,14.0
E2517,CHAMPAGNE,326,4.0
E1510,WHITE/BLUE,326,4.0
E1420,ROYAL,327,8.0
E1420,ROYAL,327,6.0
G1116,LILAC,327,4.0
B8808,NAVY/IVORY,328,8.0
B8808,NAVY/IVORY,328,12.0
B8808,NAVY/IVORY,328,10.0
E2322,BLUSH,329,10.0
E1809,ORANGE,329,10.0
E1809,ORANGE,329,8.0
E1582,TEAL,329,8.0
E1022,PURPLE,329,6.0
E1799,TEAL,329,6.0
E2602,BLACK,330,12.0
E1983,MINT,330,12.0
E2514,EMERALD,330,8.0
E1890,BLACK,330,6.0
E2602,BLACK,330,6.0
E2551,RED,330,6.0
E2550,RED,330,4.0
E1657,BLACK,332,4.0
E1354,LILAC,333,12.0
E1344,YELLOW,333,12.0
E1354,LILAC,333,10.0
E1344,YELLOW,333,10.0
E1730,BURNT ORANGE,333,14.0
E1730,CHARCOAL,333,14.0
E1663,NAVY,333,14.0
E1730,BURNT ORANGE,333,12.0
E1730,BURNT ORANGE,333,10.0
E1730,CHARCOAL,333,10.0
E1663,NAVY,333,10.0
E1730,BURNT ORANGE,333,8.0
E1348,PLATINUM,333,8.0
E1348,PLATINUM,333,6.0
E1344,YELLOW,334,12.0
E1344,YELLOW,334,10.0
E1264,CLARET,334,12.0
E1379,TRUFFLE,334,10.0
E1796,BISCOTTI,334,8.0
E1657,BLACK,334,8.0
E1379,TRUFFLE,334,8.0
E1334,FUCHSIA,334,4.0
E1379,TRUFFLE,334,4.0
BD2006/24,BLACK,335,14.0
BD2006/24,BLACK,335,10.0
E1983,MINT,335,14.0
E1672,ROYAL,335,14.0
E1983,MINT,335,12.0
E1672,SKY BLUE,335,12.0
E2027,WINE,335,10.0
E1663,FUCHSIA,335,8.0
E1986,POOL,335,8.0
E1672,SKY BLUE,335,8.0
E1799,TEAL,335,6.0
E1663,FUCHSIA,335,4.0
E2027,WINE,335,4.0
BD2006/741,,336,8.0
BD2006/741,,336,12.0
E2252,PURPLE,336,14.0
E1387,PINK,336,12.0
E2252,PURPLE,336,12.0
E1421,ROYAL,336,10.0
E1796,BISCOTTI,336,8.0
E2410,NUDE IVY,336,6.0
E1421,ROYAL,336,6.0
E1270,TEAL,336,6.0
E1270,TEAL,336,4.0
E1022,PURPLE,337,12.0
E1334,FUCHSIA,338,8.0
E1531,CORAL,338,12.0
E1022,SUNRISE,338,12.0
E1983,MINT,338,14.0
E2560,NAVY,338,14.0
E2126,BLACK,338,8.0
E2527,BLACK,338,4.0
E1663,FUCHSIA,338,4.0
E2275,ROYAL,339,10.0
E1672,SKY BLUE,340,12.0
E1379,PEACOCK,340,8.0
E1379,PEACOCK,340,6.0
E1379,PEACOCK,340,4.0
E2589,BLACK,341,6.0
E2770,RED,341,4.0
E2573,TURQUOISE,342,10.0
E2081,NAVY,343,12.0
E2081,NAVY,343,10.0
E2081,NAVY,343,8.0
E2574,BLACK,343,6.0
E2081,NAVY,343,6.0
E2574,BLACK,343,4.0
E2081,NAVY,343,4.0
E2395,RED,344,6.0
E2449,IVORY,345,12.0
E2027,WINE,345,10.0
E2584,BLACK,345,8.0
E2027,WINE,345,4.0
E1424,TEAL,346,12.0
E2291,BLACK GOLD,346,10.0
E2281,PURPLE,346,10.0
E2291,BLACK GOLD,346,8.0
E2281,PURPLE,346,8.0
E2281,PURPLE,346,6.0
E2281,PURPLE,346,4.0
E1422,PURPLE,347,8.0
E2545,GREEN,347,6.0
E2545,GREEN,347,4.0
E2059,ROYAL,348,10.0
E2547,ROYAL,348,8.0
E2547,ROYAL,348,4.0
E1436,VICTORIA,348,4.0
E2550,RED,349,10.0
E2426,NAVY,349,8.0
E2553,RED,349,8.0
E2426,NAVY,349,4.0
E2587,BLACK,350,14.0
E2599,RED,350,14.0
E2599,RED,350,10.0
E2599,RED,350,8.0
E2282,YELLOW,350,8.0
E2599,RED,350,6.0
E2547,ROYAL,351,8.0
E2547,ROYAL,351,6.0
E2547,ROYAL,351,4.0
E2204,BLACK,352,14.0
E2050,BLUE/BLACK,352,14.0
E2041,IVORY,352,14.0
E2213,NAVY,352,14.0
E2257,WINE,352,14.0
E2257,WINE,352,12.0
E2088,BLACK,352,4.0
E2041,IVORY,352,4.0
E2040,MIDNIGHT,352,4.0
E2280,PINK,353,14.0
E2291,BLACK GOLD,353,12.0
E2291,BLACK GOLD,353,10.0
E1396,PURPLE,355,10.0
E1422,PURPLE,355,10.0
E1391,PURPLE,355,8.0
E1422,PURPLE,355,8.0
E1396,PURPLE,355,4.0
E2590,ROSE,356,14.0
E2590,ROSE,356,12.0
E1552,BLACK,357,10.0
E1552,BLACK,357,8.0
E2282,YELLOW,357,8.0
E1552,BLACK,357,6.0
E2282,YELLOW,357,6.0
E1552,BLACK,357,4.0
E2282,YELLOW,357,4.0
E1685,FUCHSIA,358,12.0
E2550,RED,359,8.0
E2550,RED,359,6.0
E2550,RED,359,4.0
BD2006/66,BLACK,360,14.0
BD2006/200,BLACK,360,10.0
E1355,YELLOW,360,10.0
E1809,ORANGE,360,10.0
AA9308,WHITE,360,10.0
E1796,BISCOTTI,360,6.0
E1663,FUCHSIA,360,6.0
E2553,RED,360,6.0
BD2006/200,BLACK,361,8.0
E1264,CLARET,361,14.0
E1947,ROYAL,361,12.0
E1796,BISCOTTI,361,8.0
E2752,GREEN,361,8.0
E1379,TRUFFLE,361,8.0
AA9315,WHITE,361,8.0
E1657,BLACK,361,6.0
E1796,BLACK,361,6.0
E1657,LAVENDER,361,4.0
B8749,GREEN,362,8.0
B8749,GREEN,362,12.0
B8749,GREEN,362,10.0
BD2006/502,,362,10.0
E1663,NAVY,362,14.0
E1379,PEACOCK,362,10.0
G1116,LILAC,362,8.0
E2027,WINE,362,4.0
E2460,BLACK,363,14.0
E2773,LIGHT GOLD,363,12.0
E2773,LIGHT GOLD,363,10.0
E2366,BLACK/GOLD,363,8.0
E2430,WHITE/BLUE,363,8.0
E2773,LIGHT GOLD,363,6.0
E2251,CHARCOAL,364,14.0
E2256,ROYAL,364,14.0
E2245,BLACK/GREEN,364,12.0
E2553,RED,364,10.0
E2553,RED,364,6.0
E2245,BLACK/GREEN,364,4.0
E2553,RED,364,4.0
E1391,ROYAL,364,4.0
AA9315,IVORY,365,14.0
E1546,CORAL,366,8.0
E1546,CORAL,366,6.0
E1546,CORAL,366,4.0
E2291,BLACK GOLD,367,14.0
E2292,RED,367,14.0
E2291,BLACK GOLD,367,8.0
E2291,BLACK GOLD,367,6.0
E1546,BLACK,368,14.0
E2773,LIGHT GOLD,368,12.0
E2773,LIGHT GOLD,368,10.0
E2773,LIGHT GOLD,368,6.0
E1546,BLACK,368,4.0
E2773,LIGHT GOLD,368,4.0
E2613,MAUVE,368,4.0
AA3257,IVORY,369,14.0
AA219,IVORY,369,12.0
AA9315,,369,4.0
E2244,BLACK,370,14.0
E2035,JET,370,14.0
E2244,BLACK,370,12.0
E2035,JET,370,8.0
E2036,GREEN,370,4.0
E1531,POOL,371,12.0
E1531,POOL,371,10.0
E2027,WINE,371,10.0
E1531,POOL,371,8.0
E1436,VICTORIA,371,8.0
E1502,IVORY,371,4.0
E1436,VICTORIA,371,4.0
E2027,WINE,371,4.0
E2366,BLACK/GOLD,372,12.0
E2158,IVORY,372,8.0
E2075,MIDNIGHT,372,4.0
E1428,PURPLE,372,4.0
E2158,SILVER,372,4.0
E2331,RED,373,14.0
E1538,SAGE,373,8.0
E2346,GOLD,373,4.0
E2340,ROSE,373,4.0
E2460,BLACK,374,14.0
E2366,BLACK/GOLD,374,14.0
E2787,NAVY,374,8.0
E2775,ROYAL,375,14.0
E2775,ROYAL,375,12.0
E2158,IVORY,376,8.0
E2158,IVORY,376,4.0
AA9257,IVORY,377,12.0
E2545,GREEN,378,14.0
E2545,GREEN,378,8.0
E2600,RED,378,8.0
E2545,GREEN,378,6.0
E2544,RED,378,6.0
E2600,RED,378,6.0
E2600,RED,378,4.0
E2599,RED,379,14.0
E2599,RED,379,10.0
E2599,RED,379,6.0
E2599,RED,379,4.0
E2227,FUCHSIA,380,14.0
E2600,ROYAL,380,10.0
E2600,ROYAL,380,8.0
E2600,ROYAL,380,6.0
E2600,ROYAL,380,4.0
E2034,BERRY,381,8.0
E2553,RED,381,8.0
E2600,RED,381,6.0
E2030,FUCHSIA,381,4.0
E2600,RED,381,4.0
E2245,BLACK/GREEN,382,12.0
E2245,BLACK/GREEN,382,10.0
E2245,BLACK/GREEN,382,8.0
E2245,BLACK/GREEN,382,4.0
AA9270,APPLE RED,383,12.0
E1391,PURPLE,383,12.0
E2076,NAVY,383,8.0
E1696,BLACK,383,6.0
E2075,MIDNIGHT,383,6.0
E1391,PURPLE,383,6.0
E1391,PURPLE,383,4.0
E2388,BLACK/GREEN,384,6.0
E2326,BLACK/RED,384,6.0
E2327,BLACK/RED,384,6.0
E2289,PURPLE,384,4.0
E2578,BLACK,385,14.0
E2231,BLUE,385,14.0
E2034,BERRY,385,10.0
E2786,PURPLE,386,12.0
E2786,PURPLE,386,10.0
E2366,BLACK/GOLD,386,8.0
E2786,PURPLE,386,8.0
BZ570,SKY BLUE,386,8.0
E2708,BLACK,386,6.0
E2081,NAVY,386,6.0
E2786,PURPLE,386,6.0
E1436,POOL,386,4.0
E1260,SKY BLUE,387,8.0
E1986,POOL,387,14.0
E2557,NAVY,387,10.0
E1986,POOL,387,10.0
E1986,POOL,387,8.0
E2509,RED,387,6.0
E1546,BLACK,387,4.0
E1986,POOL,387,4.0
E2509,RED,387,4.0
E2324,PINK,388,12.0
E1524,TEAL,388,12.0
E2786,PURPLE,389,14.0
E2590,ROSE,389,14.0
E2244,BLACK,389,12.0
E2041,IVORY,389,12.0
E2768,ROYAL,389,10.0
E2030,FUCHSIA,390,8.0
E2553,RED,390,8.0
E2553,RED,390,6.0
E2557,NAVY,390,4.0
E2327,RED/BLACK,390,4.0
G1116,NAVY,391,8.0
E2160,SKY BLUE,391,8.0
E2160,SKY BLUE,391,10.0
E2557,NAVY,391,14.0
E1391,PURPLE,392,8.0
E2327,RED/BLACK,392,8.0
E1391,PURPLE,392,6.0
E2324,PINK,392,4.0
E1436,POOL,392,4.0
E1391,PURPLE,392,4.0
E1436,VICTORIA,392,4.0
E1573,PURPLE,393,8.0
E2578,BLACK,393,6.0
E2578,BLACK,393,4.0
E1347,BLUE,394,10.0
E1672,ROYAL,394,14.0
E2527,BLACK,394,6.0
E1531,CORAL,394,6.0
E1947,ROYAL,394,4.0
G1116,NAVY,395,10.0
E1452,PURPLE,395,12.0
E1452,PURPLE,395,8.0
E1452,PURPLE,395,8.0
E2553,RED,395,8.0
E2553,RED,395,8.0
E1452,PURPLE,395,4.0
E2781,RED,396,12.0
E2034,BERRY,396,8.0
E2034,BERRY,396,8.0
E2081,NAVY,396,4.0
E2708,BLACK,397,6.0
E2360,PURPLE/PRINT,397,6.0
E1672,SKY BLUE,397,6.0
G1116,BLACK,398,8.0
G1116,BURGUNDY,398,8.0
G1116,PURPLE,398,8.0
G1116,PURPLE,398,14.0
G1116,PURPLE,398,12.0
G1116,TRUFFLE,398,10.0
570,GREEN,398,14.0
G1116,BLACK,398,10.0
E2324,PINK,398,6.0
E1118,LILAC,399,10.0
E1118,LILAC,399,14.0
E1118,LILAC,399,12.0
E1118,LILAC,399,8.0
E1326,NAVY,400,8.0
E1264,NAVY,400,14.0
E1326,NAVY,400,4.0
E1342,FUCHSIA,401,12.0
E2336,ROSE,401,6.0
E2336,ROSE,401,4.0
E1412,BLACK,402,14.0
E2770,RED,403,12.0
E1412,ROYAL,403,12.0
E1412,ROYAL,403,8.0
E2496,PEACH,404,12.0
E1544,BLACK,404,8.0
E2496,PEACH,404,8.0
E1544,BLACK,404,6.0
E2107,LAVENDER,404,6.0
E1544,BLACK,404,4.0
E1827,BLACK,404,4.0
E1796,NAVY,405,12.0
E1386,PLUM,405,12.0
E1796,NAVY,405,8.0
E1796,BLACK,405,6.0
E1796,NAVY,405,6.0
E1796,NAVY,405,4.0
E1657,TEAL,406,12.0
E1657,TEAL,406,8.0
E1796,BISCOTTI,406,6.0
E1657,TEAL,406,6.0
E1796,BISCOTTI,406,4.0
E1657,TEAL,406,4.0
E2498,BLUSH,407,12.0
E1544,RED,407,12.0
E1544,RED,407,10.0
E1544,RED,407,6.0
E1544,RED,407,4.0
E1381,PURPLE,408,12.0
E1381,PURPLE,408,8.0
E1381,PURPLE,408,4.0
E1322,PURPLE,409,8.0
E1322,PURPLE,409,12.0
E1322,PURPLE,409,10.0
E1118,LILAC,410,14.0
E1303,GREY,410,4.0
E2568,AQUA,411,14.0
E2568,AQUA,411,12.0
E2568,AQUA,411,4.0
E1544,BLACK,412,12.0
E1544,BLACK,412,8.0
E1544,BLACK,412,6.0
E1544,BLACK,412,4.0
E1336,PURPLE,413,8.0
E2322,TEAL,413,12.0
E2322,TEAL,413,10.0
E2322,TEAL,413,8.0
E2322,TEAL,413,6.0
E1336,LILAC,414,8.0
E1336,LILAC,414,10.0
E1908,SKY BLUE,414,14.0
E1696,BLACK,414,12.0
E1908,SKY BLUE,414,6.0
E2128,CHAMPAGNE,414,4.0
E1908,SKY BLUE,414,4.0
E1467,GOLD,415,12.0
E2568,AQUA,415,8.0
B8661,ORANGE,416,8.0
B8608,SKY BLUE,416,8.0
B8661,ORANGE,416,14.0
B8608,SKY BLUE,416,14.0
B8661,ORANGE,416,12.0
B8608,SKY BLUE,416,12.0
B8661,ORANGE,416,10.0
B8608,SKY BLUE,416,10.0
E2496,SKY BLUE,417,12.0
E2496,SKY BLUE,417,8.0
E2496,SKY BLUE,417,4.0
E2027,WINE,418,8.0
E2027,WINE,418,6.0
E1730,ROYAL,418,4.0
E1312,SUNSHINE,419,8.0
E1194,FUCHSIA,419,14.0
E1312,SUNSHINE,419,14.0
B8667,YELLOW,419,14.0
E1312,SUNSHINE,419,12.0
E1260,PINK,419,14.0
E1852,RED,419,14.0
BZ570,SKY BLUE,419,14.0
E1295,TEAL,419,14.0
E2253,RED,419,4.0
E2599,RED,419,4.0
B8865,IVORY,420,10.0
B8865,WHITE,420,12.0
E2495,PINK,421,12.0
E2495,PINK,421,8.0
E1591,PURPLE,422,14.0
E1381,PURPLE,422,12.0
E1591,PURPLE,422,12.0
E1381,PURPLE,422,4.0
E1591,PURPLE,422,4.0
E1334,FUCHSIA,423,12.0
E1334,FUCHSIA,423,10.0
E2493,LAVENDER,424,12.0
E2493,LAVENDER,424,6.0
E2493,LAVENDER,424,4.0
E2329,BLACK,425,8.0
E2329,BLACK,425,6.0
E2329,BLACK,425,4.0
B9000,BURGUNDY,426,8.0
E2331,RED,426,14.0
E1696,CORAL,426,10.0
E1729,FUCHSIA,426,10.0
E1799,LILAC,426,10.0
B8588,PINK,427,8.0
B8588,PINK,427,14.0
E1502,CLARET,427,10.0
E1502,NAVY,427,10.0
E1270,POOL,427,10.0
E2039,POWDER BLUE,427,10.0
E1696,ROYAL,427,10.0
E1582,TEAL,427,10.0
E1295,TRUFFLE,427,10.0
E2019,BLUE,427,8.0
E1774,POWDER BLUE,427,8.0
E24,,427,4.0
E1544,RED,428,14.0
E1544,RED,428,12.0
E1544,RED,428,10.0
E1312,CLARET,429,14.0
E1312,CLARET,429,10.0
E1312,SUNSHINE,430,14.0
E1344,YELLOW,430,14.0
E1891,PURPLE,430,10.0
E2060,MIDNIGHT,430,8.0
E1891,PURPLE,430,8.0
E2060,MIDNIGHT,430,6.0
E1497,PURPLE,430,6.0
E1891,PURPLE,430,6.0
E1891,PURPLE,430,4.0
E1918,GREEN,431,8.0
E1918,GREEN,431,4.0
E1581,PURPLE,432,14.0
E1581,PURPLE,432,6.0
E1581,PURPLE,432,4.0
E1333,TEAL,433,8.0
E1333,TEAL,433,10.0
E1463,TRUFFLE,433,12.0
E1463,TRUFFLE,433,8.0
E1463,TRUFFLE,433,4.0
E1340,PURPLE,434,8.0
E1340,PURPLE,434,10.0
E1340,PURPLE,434,12.0
E1340,PURPLE,434,8.0
E1340,PURPLE,434,4.0
E1340,APPLE RED,435,14.0
E1510,WHITE,435,12.0
E1340,POOL,435,10.0
E1510,WHITE,435,10.0
E1510,WHITE,435,8.0
AA9256,WHITE,436,14.0
E1470,GOLD,437,12.0
E2708,NAVY,438,6.0
E2708,NAVY,439,10.0
E1312,CLARET,440,8.0
E1531,CORAL,440,8.0
E1295,TRUFFLE,440,8.0
E1799,LILAC,440,6.0
E1531,POOL,440,6.0
AA9317,WHITE,440,4.0
AA9271,WHITE,441,10.0
AA9357,WHITE,441,6.0
AA9256,IVORY,441,4.0
B8865,PURPLE,442,8.0
B8865,PURPLE,442,10.0
AA9309,IVORY,443,10.0
AA9309,IVORY,443,4.0
AA9318,IVORY,443,4.0
AA9331,IVORY,443,4.0
B1259,WHITE,443,4.0
AA9313,IVORY,444,10.0
AA9346,IVORY,444,10.0
AA9290,IVORY,444,4.0
AA9316,IVORY,444,4.0
AA9316,WHITE,445,10.0
AA9320,WHITE,445,10.0
AA9335,WHITE,445,4.0
B8865,PURPLE,446,8.0
AA9313,IVORY,446,10.0
AA9257,WHITE,446,10.0
AA9331,WHITE,446,4.0
E1340,WHITE,451,12.0
E1340,WHITE,451,8.0
E1265,GREEN,452,12.0
E1336,LILAC,452,12.0
E1350,WHITE,452,14.0
E1013,TRUFFLE,452,6.0
AA9310,IVORY,453,4.0
E1194,TEAL,453,4.0
E1295,TRUFFLE,453,4.0
B8865,,454,10.0
B8865,,454,6.0
AA9271,IVORY,455,6.0
AA9316,IVORY,455,6.0
AA9319,IVORY,455,6.0
AA9319,WHITE,455,6.0
AA9256,IVORY,456,12.0
AA9271,IVORY,456,12.0
E1593,POOL,456,10.0
E1593,POOL,456,6.0
AA9256,WHITE,457,12.0
AA9316,IVORY,457,6.0
E1295,TRUFFLE,458,10.0
E1295,TRUFFLE,458,8.0
E1295,TRUFFLE,459,12.0
E1295,TRUFFLE,459,6.0
E2495,PINK,460,12.0
E1295,TRUFFLE,460,12.0
B9000,TRUFFLE,461,12.0
E1875,BLACK,461,10.0
E1875,BLACK,461,8.0
B9000,TRUFFLE,461,8.0
E1875,BLACK,461,4.0
B9000,PURPLE,461,4.0
E1340,PURPLE,461,4.0
E1502,NAVY,462,12.0
E1502,NAVY,462,6.0
E1502,NAVY,462,4.0
E2039,POWDER BLUE,463,14.0
E1729,PRINT,463,12.0
E1729,PRINT,463,10.0
E1729,PRINT,463,6.0
B8486,BLACK/FUCHSIA,464,8.0
E2701,ROSE,464,12.0
B8898,CORAL,464,8.0
E1270,FUCHSIA,464,8.0
E2752,GREEN,464,6.0
E2101,WINE,464,4.0
E1119,CHAMPAGNE,465,8.0
E1119,CHAMPAGNE,465,10.0
E2495,SKY BLUE,465,12.0
E2494,PINK,465,4.0
E1371,APPLERED WHITE,466,8.0
E1371,APPLERED WHITE,466,12.0
E1371,APPLERED WHITE,466,10.0
E2437,NAVY PRINT,467,8.0
E2437,NAVY PRINT,467,6.0
E2437,NAVY PRINT,467,6.0
E2160,FUCHSIA,468,4.0
E1270,FUCHSIA,469,10.0
E1799,LILAC,469,6.0
B8865,TRUFFLE,469,6.0
E1270,FUCHSIA,469,4.0
E1168,SAGE,469,4.0
AA9271,WHITE,470,8.0
AA9310,IVORY,470,6.0
AA9310,IVORY,470,4.0
E2498,BLUSH,471,12.0
E2496,PEACH,471,12.0
E2774,BLACK,471,6.0
B8865,TRUFFLE,472,8.0
B8865,TRUFFLE,472,8.0
B8865,TRUFFLE,472,4.0
B8486,BLACK/LILAC,473,8.0
B8486,BLACK/LILAC,473,10.0
B8865,TRUFFLE,473,8.0
B9000,DUSTY PINK,474,8.0
B9000,PURPLE,474,8.0
B9000,DUSTY PINK,474,12.0
B9000,DUSTY PINK,474,10.0
B8998,CORAL,474,14.0
B8998,CORAL,474,10.0
B8998,CORAL,474,6.0
B8998,CORAL,474,4.0
B8486,BLACK/FUCHSIA,475,8.0
B8486,BLACK/LILAC,475,14.0
B8486,BLACK/LILAC,475,12.0
E1168,TEAL,476,14.0
E2495,SKY BLUE,476,12.0
E1168,TEAL,476,12.0
E1168,TEAL,476,10.0
E1168,TEAL,476,8.0
E1168,TEAL,476,4.0
AA9301,WHITE,477,14.0
AA9301,WHITE,477,12.0
AA9301,WHITE,477,6.0
E1676,BLUE/PINK,478,12.0
E2322,BLUSH,478,8.0
E2322,BLUSH,478,4.0
E2495,SKY BLUE,478,4.0
E1259,PINK,479,4.0
AA9256,IVORY,479,10.0
AA9318,,479,10.0
AA9318,,479,6.0
B8486,BLACK/FUCHSIA,480,14.0
B8998,CORAL,480,4.0
E2495,SKY BLUE,480,4.0
E2322,TEAL,481,12.0
E2494,SANGRIA,481,8.0
E2503,SKY BLUE,481,4.0
E2701,ROSE,482,14.0
B8998,RED,482,12.0
AA222,WHITE,482,10.0
AA9310,WHITE,482,10.0
AA9256,IVORY,482,6.0
AA9256,IVORY,483,8.0
AA9256,IVORY,483,6.0
E1044,DARK CELADON,484,8.0
B8921,LIGHT GREEN,484,8.0
B8608,LILAC,484,8.0
B8896,LILAC/WHITE,484,8.0
B8865,SANGRIA,484,8.0
E1386,LILAC,484,8.0
E1954,PLUM,484,4.0
E1762,PURPLE,485,12.0
E1762,PURPLE,485,10.0
E1582,BURGUNDY,485,8.0
E1762,PURPLE,485,8.0
E1762,PURPLE,485,6.0
E1762,PURPLE,485,4.0
B8865,SILVER,486,8.0
B8896,SILVER,486,8.0
B8921,VIOLET,486,8.0
B8921,VIOLET,486,10.0
E1371,SAGE,486,14.0
E1696,BLACK,486,12.0
E1930,BLACK,486,8.0
E1937,BLACK,486,4.0
B8896,TRUFFLE,487,8.0
B8921,TRUFFLE,487,8.0
B8940,TRUFFLE,487,8.0
E1386,LILAC,487,4.0
E1387,TURQUOISE,487,4.0
B8486,BLACK/LILAC,488,12.0
E1676,BLUE/PINK,488,4.0
E1194,TEAL,488,4.0
E1295,TRUFFLE,488,4.0
B2498,BLUSH,489,12.0
B2493,PEACH,489,12.0
B1259,SKY BLUE,490,10.0
B2322,BLUSH,490,8.0
B2501,BLUSH,490,4.0
B2496,PEACH,490,4.0
E2437,NAVY PRINT,491,12.0
E2437,NAVY PRINT,491,8.0
E2437,NAVY PRINT,492,12.0
E2437,NAVY PRINT,492,10.0
E1194,TEAL,493,8.0
E2322,TEAL,493,10.0
E2322,BLUSH,493,8.0
E1168,SAGE,493,8.0
AA9329,,493,8.0
E1168,TRUFFLE,494,10.0
E2241,IVORY,494,14.0
E1168,BURGUNDY,494,10.0
E2241,IVORY,494,10.0
E1168,BURGUNDY,494,8.0
E1168,BURGUNDY,494,6.0
E2241,IVORY,494,6.0
E2494,SANGRIA,495,8.0
AA222,IVORY,495,6.0
AA222,IVORY,495,4.0
E1270,CORAL,496,8.0
E1270,CORAL,496,6.0
B8998,CORAL,496,4.0
E2078,BURGUNDY,497,14.0
E2551,RED,497,12.0
E2551,RED,497,10.0
E2551,RED,497,8.0
E2551,RED,497,6.0
E2551,RED,497,4.0
E2510,IVORY,498,14.0
E1729,IVORY,498,6.0
E2510,IVORY,498,6.0
E1729,IVORY,498,4.0
E1822,IVORY,498,4.0
E2537,IVORY,498,4.0
E1340,WHITE,498,4.0
E1068,BURGUNDY,499,8.0
E1068,BURGUNDY,499,14.0
E1068,BURGUNDY,499,12.0
E1068,BURGUNDY,499,10.0
E1696,ROYAL,499,8.0
E1168,TEAL,499,8.0
E1295,TEAL,499,8.0
E2136,NAVY,499,6.0
E2493,PEACH,500,12.0
E2774,BLACK,500,6.0
E1676,BLUE/FUCHSIA,500,4.0
AA9254,IVORY,501,6.0
AA9312,IVORY,501,6.0
AA9317,IVORY,501,6.0
E2049,PLATINUM,502,14.0
AA9316,IVORY,502,8.0
E2545,GREEN,502,4.0
E1068,BURGUNDY,503,12.0
G1116,POOL,503,12.0
E1637,BLACK,503,10.0
E1696,BLACK,503,10.0
E1796,BLACK,503,10.0
B8998,CORAL,503,10.0
B8998,POOL,503,10.0
E1013,TRUFFLE,503,10.0
E1260,TRUFFLE,503,10.0
E1827,BLACK,503,4.0
E2554,,504,14.0
E2554,,504,10.0
E2554,,504,8.0
E2554,,504,6.0
E2554,,504,4.0
E1582,FUCHSIA,505,10.0
AA9256,IVORY,505,6.0
AA9319,IVORY,505,6.0
E9314,WHITE,505,6.0
E2554,GOLD,505,4.0
570,LILAC,508,8.0
570,LILAC,508,14.0
570,SKY BLUE,508,14.0
E2494,PINK,508,12.0
B8998,CORAL,508,4.0
E1270,FUCHSIA,508,4.0
E1531,CORAL,509,12.0
E1531,CORAL,509,10.0
B8998,CORAL,509,8.0
E1531,CORAL,509,8.0
E1582,FUCHSIA,509,8.0
E1531,PURPLE,509,8.0
E1270,FUCHSIA,509,4.0
E2781,ROYAL,510,12.0
E2578,BLACK,510,10.0
E2780,ROYAL,510,8.0
E2781,ROYAL,510,8.0
E1552,BLACK,510,4.0
E2233,WHITE,510,4.0
E1582,FUCHSIA,511,10.0
E1582,FUCHSIA,511,8.0
E1582,TEAL,511,8.0
E1582,FUCHSIA,511,6.0
E1582,TEAL,511,6.0
E1582,FUCHSIA,511,4.0
E2075,MIDNIGHT,512,10.0
E1582,TEAL,512,10.0
E1891,PURPLE,512,6.0
E1582,TEAL,512,4.0
E1064,MINT,515,10.0
E1544,BLACK,515,8.0
E1502,CLARET,515,8.0
E2503,SKY BLUE,515,8.0
E2498,BLUSH,516,12.0
E2554,GOLD,516,6.0
E1270,CORAL,516,4.0
E1264,NAVY,517,8.0
E1573,CORAL,517,14.0
B8998,CORAL,517,12.0
B8998,CORAL,517,8.0
E2557,NAVY,517,6.0
E1696,BLACK,520,8.0
E1696,BLACK,521,10.0
E1696,BLACK,521,6.0
E1168,SAGE,522,12.0
E1168,SAGE,523,8.0
E1168,SAGE,523,6.0
E1168,TEAL,524,8.0
E1168,TEAL,524,8.0
E1270,FUCHSIA,524,6.0
E1168,TEAL,524,6.0
E1942,ROYAL,525,14.0
E1942,ROYAL,525,10.0
E1942,ROYAL,525,8.0
E1942,ROYAL,525,6.0
E1942,ROYAL,525,4.0
E1340,PURPLE,526,10.0
E1340,BLACK,526,10.0
E1340,WHITE,526,10.0
E1340,WHITE,526,8.0
E1340,BLACK,526,6.0
E1340,WHITE,526,6.0
E1340,BLACK,526,4.0
E1340,PURPLE,526,4.0
E1340,WHITE,527,8.0
E1340,WHITE,527,14.0
E1340,WHITE,527,12.0
AA9315,IVORY,527,10.0
E1340,WHITE,527,4.0
AA9315,WHITE,528,12.0
AA9315,WHITE,528,10.0
E9000,BURNT ORANGE,529,8.0
B9000,DUSTY PINK,529,8.0
B9000,PURPLE,529,8.0
E2227,FUCHSIA,529,14.0
E2753,TURQUOISE,529,14.0
E2081,NAVY,529,10.0
E2366,BLACK/GOLD,529,6.0
E1663,FUCHSIA,529,4.0
E1918,GREEN,530,12.0
E1918,GREEN,530,4.0
B8486,BLACK/LILAC,531,8.0
E1260,SKY BLUE,531,8.0
E1260,TRUFFLE,531,8.0
B8486,BLACK/LILAC,531,14.0
E1502,NAVY,531,12.0
E2574,BLACK,531,8.0
E2081,NAVY,531,8.0
E1730,ROYAL,531,8.0
BD2006/502,,531,8.0
E1844,MINT,531,6.0
E2786,PURPLE,531,6.0
E1582,BURGUNDY,531,4.0
E2262,BLACK,533,14.0
E1348,PLATINUM,533,8.0
E1596,PURPLE,533,8.0
AA9317,WHITE,534,4.0
AA9317,WHITE,535,6.0
BZ570,SKY BLUE,536,14.0
AA9317,WHITE,536,10.0
E1068,BURGUNDY,536,5.0
E1013,TRUFFLE,537,10.0
E1013,TRUFFLE,537,12.0
E1013,TRUFFLE,537,8.0
E1260,TRUFFLE,537,8.0
E1260,TRUFFLE,537,6.0
B8998,CORAL,538,8.0
B8998,CORAL,538,4.0
AA9309,IVORY,538,4.0
AA9317,IVORY,538,4.0
AA9329,IVORY,538,4.0
AA9310,WHITE,541,4.0
AA9314,WHITE,541,4.0
AA9319,WHITE,541,4.0
AA9331,WHITE,541,4.0
E1068,KIWI,542,10.0
AA9256,IVORY,542,8.0
AA9271,WHITE,542,8.0
AA9316,WHITE,542,8.0
AA9318,WHITE,542,8.0
AA9271,IVORY,543,8.0
AA9309,WHITE,543,8.0
AA9314,WHITE,543,8.0
AA9316,WHITE,543,8.0
B9000,BURGUNDY,544,8.0
B9000,DUSTY PINK,544,8.0
B9000,LILAC,544,8.0
B9000,PURPLE,544,8.0
E1270,TEAL,544,8.0
B8667,YELLOW,544,14.0
E2107,NAVY,544,14.0
E1194,FUCHSIA,545,8.0
E1194,FUCHSIA,545,14.0
E1194,FUCHSIA,545,8.0
E1168,TEAL,546,8.0
E1168,TEAL,546,4.0
AA9309,IVORY,547,4.0
AA9309,WHITE,548,6.0
AA9309,IVORY,548,4.0
AA9309,WHITE,548,4.0
88468,BLACK,549,8.0
88468,BLACK,549,10.0
B8486,BLACK/LILAC,550,8.0
AA9322,WHITE,550,14.0
AA9332,WHITE,550,12.0
E1663,NAVY,550,10.0
E2086,BURGUNDY,550,4.0
AA9332,WHITE,551,10.0
AA9349,WHITE,551,10.0
E2774,BLACK,551,6.0
E1028,WHITE,551,4.0
AA9322,WHITE,552,8.0
E2753,TURQUOISE,552,6.0
E1412,ROYAL,553,8.0
E1582,FUCHSIA,553,6.0
E1582,TEAL,553,4.0
E1799,LILAC,554,10.0
E1729,FUCHSIA,554,8.0
E1729,FUCHSIA,554,4.0
E1340,WHITE,555,14.0
E1340,WHITE,555,12.0
E2708,NAVY,555,6.0
E1270,LILAC,555,4.0
E1270,POOL,555,4.0
E1168,TRUFFLE,555,4.0
B8808,IVORY,556,8.0
E2708,BLACK,556,14.0
E2701,ROSE,556,10.0
E1013,LILAC,556,8.0
E1412,BROWN,557,4.0
E1412,BROWN,558,12.0
E1412,BROWN,559,8.0
E1013,LILAC,560,8.0
BD2006/66,BLACK,561,10.0
E1795,IVORY,561,14.0
B8486,BLACK/FUCHSIA,562,10.0
E1270,POOL,562,10.0
E1531,CORAL,562,10.0
E1729,FUCHSIA,562,10.0
E1270,POOL,562,10.0
E1531,PURPLE,562,10.0
AA9254,IVORY,563,6.0
AA9257,WHITE,563,6.0
AA9309,WHITE,563,6.0
AA9319,WHITE,563,6.0
AA9309,IVORY,564,6.0
AA9316,WHITE,564,6.0
AA9317,WHITE,564,6.0
E1275,DARK LILAC,565,8.0
B8998,CORAL,565,12.0
B8998,CORAL,565,12.0
B8998,CORAL,565,8.0
E1696,CORAL,565,4.0
B8998,POOL,566,12.0
E2322,PEAL,566,10.0
B8998,POOL,566,10.0
E1340,PURPLE,566,8.0
E2496,PEACH,566,4.0
AA219,IVORY,567,8.0
E1270,CORAL,567,4.0
B8486,BLACK/FUCHSIA,568,8.0
B8486,BLACK/LILAC,568,8.0
B8486,BLACK/FUCHSIA,568,14.0
B8486,BLACK/LILAC,568,14.0
B8486,BLACK/LILAC,568,12.0
B8486,BLACK/LILAC,568,10.0
B8998,CORAL,568,8.0
E1657,TEAL,568,8.0
E1582,TEAL,568,6.0
E1696,BLACK,568,4.0
E1295,FUCHSIA,568,4.0
B8865,TRUFFLE,569,12.0
E1799,LILAC,569,8.0
E1270,POOL,569,8.0
E1502,CLARET,569,4.0
E1531,POOL,569,4.0
E1270,TEAL,569,4.0
E1295,TEAL,569,4.0
B8486,BLACK/LILAC,570,12.0
E1013,TRUFFLE,570,10.0
E1295,FUCHSIA,570,8.0
E1387,GREEN,570,8.0
E1531,PURPLE,570,8.0
E1013,TRUFFLE,570,8.0
AA222,WHITE,570,8.0
E1531,PURPLE,570,4.0
E1657,BLACK,571,8.0
E1420,PURPLE,571,8.0
E2503,SKY BLUE,571,8.0
E2318,BLUE,571,6.0
E1260,TRUFFLE,572,12.0
E1260,TRUFFLE,572,8.0
E1270,CORAL,572,4.0
E1676,BLUE/PINK,573,8.0
E2322,TEAL,573,8.0
E2322,TEAL,573,6.0
E1676,BLUE/PINK,573,4.0
E2322,TEAL,574,8.0
E2501,LAVENDER,574,4.0
E1259,SKY BLUE,575,10.0
E1582,FUCHSIA,575,8.0
E1270,POOL,575,8.0
E1295,TEAL,575,8.0
E2165,FUCHSIA,575,4.0
E1676,BLUE/PINK,576,12.0
E1502,CLARET,577,10.0
E1582,FUCHSIA,577,10.0
E1502,CLARET,577,8.0
E2322,BLUSH,577,4.0
B8865,CLARET,577,4.0
E1295,TRUFFLE,577,4.0
AA9309,IVORY,578,12.0
AA9316,WHITE,578,12.0
AA9257,,578,12.0
AA9331,,578,12.0
E1696,BLACK,578,8.0
E1333,TEAL,579,8.0
E1685,FUCHSIA,579,12.0
AA9270,IVORY,579,12.0
E1270,POOL,579,8.0
E1270,POOL,579,6.0
AA9313,WHITE,580,12.0
AA9317,WHITE,580,12.0
E1696,CORAL,580,10.0
E1531,CORAL,580,8.0
E1168,SAGE,580,4.0
E1729,FUCHSIA,581,8.0
E1729,FUCHSIA,581,6.0
E1799,LILAC,581,6.0
E2262,BLACK,581,4.0
E1729,FUCHSIA,581,4.0
E2602,BLACK,582,12.0
E2526,GREEN,582,4.0
E2494,PINK,582,4.0
E1729,FUCHSIA,583,10.0
E1412,BLACK,583,8.0
E1412,BLACK,583,4.0
E2318,BLUE,584,14.0
E2318,BLUE,584,8.0
B8486,BLACK/FUCHSIA,585,14.0
B8608,PINK,585,14.0
B8486,BLACK/LILAC,585,12.0
E2494,SANGRIA,585,8.0
B8998,WHITE,586,8.0
B8998,WHITE,586,4.0
BZ570,TRUFFLE,587,12.0
BZ570,TRUFFLE,587,10.0
E2501,BLUSH,588,12.0
E1168,SAGE,588,12.0
E1168,SAGE,588,10.0
E1168,SAGE,588,8.0
E1582,FUCHSIA,589,8.0
E2318,BLUE,589,6.0
E2106,BABY BLUE,589,4.0
BZ570,SKY BLUE,590,14.0
E1502,CLARET,590,8.0
E2267,ROYAL BLUE,590,8.0
BZ570,SKY BLUE,590,8.0
E1295,FUCHSIA,590,6.0
E1340,WHITE,590,6.0
E2498,BLUE,590,4.0
E1013,TRUFFLE,591,10.0
E1676,BLUE/PINK,591,12.0
E1676,BLUE/PINK,591,8.0
E1013,TRUFFLE,591,8.0
AA222,,591,8.0
E1676,BLUE/PINK,591,4.0
E1676,BLUE/PINK,592,8.0
E1696,CORAL,592,6.0
E1696,CORAL,592,4.0
E1931,NAVY,593,8.0
AA9271,WHITE,593,8.0
E1931,NAVY,593,4.0
E2570,BURGUNDY,594,10.0
E1694,TEAL,594,8.0
E2753,SKY BLUE,594,6.0
E1285,LILAC,595,12.0
E1168,SAGE,595,12.0
E1295,TEAL,595,12.0
E1696,CORAL,595,8.0
E2106,SKY BLUE,595,4.0
E2493,LAVENDER,596,12.0
E2106,BABY BLUE,596,4.0
E1295,TEAL,597,12.0
E1531,PURPLE,597,8.0
E1168,SAGE,597,8.0
E1954,PLUM,597,6.0
E1696,CORAL,597,4.0
E2165,FUCHSIA,598,8.0
E2165,FUCHSIA,598,4.0
E1931,NAVY,599,14.0
B8865,CLARET,599,10.0
E1931,NAVY,599,10.0
B8865,CLARET,599,8.0
B8865,CLARET,599,6.0
E1931,NAVY,599,6.0
B8865,CLARET,599,4.0
AA9318,WHITE,600,10.0
AA9257,WHITE,600,8.0
AA9312,WHITE,600,8.0
AA9314,WHITE,600,8.0
AA9319,WHITE,600,8.0
AA9331,WHITE,600,8.0
E1265,COFFEE,601,12.0
E1265,BLUE,601,10.0
E1442,BLACK,601,8.0
E1838,TEAL,601,8.0
E2366,BLACK/GOLD,601,4.0
B8896,PURPLE/WHITE,601,4.0
E1340,PURPLE,602,10.0
E1531,CORAL,602,12.0
E1531,CORAL,602,8.0
E1260,TRUFFLE,602,8.0
E2568,AQUA,602,4.0
B8608,LILAC,603,8.0
B8608,PINK,603,8.0
B8608,LILAC,603,14.0
B8608,PINK,603,14.0
B8608,LILAC,603,12.0
B8608,PINK,603,12.0
B8608,LILAC,603,10.0
E1827,BLACK,603,12.0
E2107,LAVENDER,603,12.0
E1827,BLACK,603,6.0
E1875,BLACK,603,6.0
E1950,BLACK,603,4.0
E1762,PURPLE,603,4.0
E2496,SKY BLUE,604,12.0
B8968,GREEN,605,8.0
E2705,GOLD,605,14.0
B8865,WHITE,605,10.0
AA9257,WHITE,605,8.0
B8865,WHITE,605,8.0
B1857,NAVY,605,6.0
B8865,WHITE,605,6.0
E2101,WINE,605,6.0
E2158,GOLD,605,4.0
E2136,NAVY,605,4.0
B8865,WHITE,605,4.0
B8865,WHITE,606,12.0
E2496,SKY BLUE,606,4.0
E1024,BANANA,607,8.0
E1024,MINT,607,8.0
E1024,BANANA,607,14.0
E1024,MINT,607,14.0
E1024,BANANA,607,10.0
E1024,MINT,607,10.0
E2060,MIDNIGHT,608,14.0
E2060,MIDNIGHT,608,12.0
E2060,MIDNIGHT,608,10.0
E2060,MIDNIGHT,608,8.0
E2060,MIDNIGHT,608,6.0
E2096,WHITE/BLACK,608,6.0
E2060,MIDNIGHT,608,4.0
42113,APRICOT,609,14.0
42113,APRICOT,609,12.0
E1378,RED,609,12.0
E1378,RED,609,4.0
E2557,NAVY,610,14.0
E2557,NAVY,610,10.0
E2557,NAVY,610,6.0
E1278,GREY,611,8.0
E2251,RED,611,10.0
E2251,RED,611,8.0
E2251,RED,611,6.0
E2560,NAVY,611,4.0
E1340,BLACK,612,8.0
E2251,RED,612,12.0
E1510,WHITE/BLUE,612,12.0
E1502,CLARET,612,8.0
E1510,WHITE,612,8.0
E1295,FUCHSIA,612,6.0
E1696,ROYAL,612,6.0
E1168,TEAL,612,6.0
E1581,BLACK,613,12.0
E1510,WHITE,613,12.0
E1510,WHITE/BLUE,613,12.0
E1537,BLACK,613,10.0
E1581,BLACK,613,8.0
E1581,BLACK,613,6.0
E1581,BLACK,613,4.0
E1312,CLARET,614,12.0
E1312,CLARET,614,10.0
E1312,CLARET,614,8.0
E1379,CORAL,614,8.0
E1379,CORAL,614,6.0
E1379,CORAL,614,4.0
E8865,TRUFFLE,616,8.0
E8865,TRUFFLE,616,10.0
E1531,POOL,617,12.0
E1531,PURPLE,617,8.0
E1531,PURPLE,617,6.0
E1531,POOL,617,4.0
E1531,PURPLE,617,4.0
B8865,TRUFFLE,618,8.0
B8865,TRUFFLE,618,12.0
B8865,TRUFFLE,618,12.0
B8865,TRUFFLE,618,8.0
B8865,WHITE,618,8.0
B8865,TRUFFLE,618,6.0
B8865,TRUFFLE,618,4.0
B8865,WHITE,618,4.0
E1250,CORAL,619,10.0
B8998,SANGRIA,620,14.0
B8998,ROYAL,620,12.0
B8998,SANGRIA,620,12.0
B8998,SANGRIA,620,8.0
B8998,SANGRIA,620,6.0
B8998,SANGRIA,620,4.0
AA9270,LAVENDER,621,14.0
AA9270,LAVENDER,621,12.0
AA9270,LAVENDER,621,8.0
E1387,PINK,621,8.0
AA9270,LAVENDER,621,6.0
E1387,PINK,621,4.0
G1116,SKY BLUE,622,8.0
E1260,TRUFFLE,622,6.0
E1260,TRUFFLE,622,4.0
42213,PINK,623,10.0
E2241,BLACK,623,12.0
E1470,GOLD,623,12.0
E1942,ROYAL,623,10.0
E2043,ROSE/QUARTZ,623,6.0
AA222,WHITE,623,6.0
E1168,SAGE,623,4.0
E1119,VICTORIA LILAC,624,14.0
E1119,VICTORIA LILAC,624,12.0
E2107,NAVY,624,14.0
E2107,NAVY,624,10.0
E2107,NAVY,624,8.0
E1412,BLACK,625,4.0
E1270,FUCHSIA,625,4.0
E1295,FUCHSIA,625,4.0
E1412,ROYAL,625,4.0
E1582,TEAL,625,4.0
E1582,TEAL,625,4.0
AA222,WHITE,625,4.0
E1032,PISTACHIO,626,8.0
E1032,SUNSHINE,626,8.0
E1032,SUNSHINE,626,14.0
E1032,SUNSHINE,626,12.0
E1032,PISTACHIO,626,10.0
E1032,SUNSHINE,626,10.0
B8486,BLACK/FUCHSIA,627,8.0
E1194,SKY BLUE,627,8.0
E1168,TRUFFLE,627,8.0
E1696,BLACK,627,6.0
E1531,PURPLE,627,6.0
E1582,TEAL,627,6.0
AA222,WHITE,627,6.0
E1168,TEAL,627,4.0
570,SAGE,628,8.0
G1116,APPLE RED,629,8.0
G1116,APPLE RED,629,10.0
E1696,CORAL,629,12.0
E1068,BURGUNDY,630,10.0
E1270,POOL,630,12.0
AA9270,WHITE/NAVY,630,10.0
AA9270,WHITE/NAVY,630,8.0
AA9270,WHITE/NAVY,630,6.0
AA9310,WHITE,631,10.0
E1582,FUCHSIA,632,12.0
E2042,WINE,632,8.0
E1696,BLACK,632,6.0
E2042,BURGUNDY,632,6.0
E1295,FUCHSIA,632,6.0
E1582,FUCHSIA,632,6.0
E1799,LILAC,632,6.0
E1861,RED,632,4.0
AA9301,,633,12.0
AA9257,,633,10.0
AA9331,,633,10.0
AA9256,,634,12.0
AA9314,,634,12.0
AA9256,,634,10.0
AA9257,,634,10.0
E1265,BLUE,635,12.0
G1116,RED,635,12.0
E1502,NAVY,635,12.0
E0021,CORAL,635,6.0
F1116,SKY BLUE,636,8.0
E2301,GREY,636,6.0
B8967,GREEN,637,14.0
B9000,PURPLE,637,12.0
E1168,TRUFFLE,637,12.0
E1168,TRUFFLE,637,12.0
AA9257,WHITE,637,10.0
E2501,MINT,638,4.0
E2501,BLUSH,639,12.0
E2501,BLUSH,639,10.0
E2501,BLUSH,639,4.0
AA9256,WHITE,640,10.0
AA9257,WHITE,640,10.0
E2503,SKY BLUE,641,12.0
E2503,SKY BLUE,641,8.0
E2503,SKY BLUE,641,4.0
E2403,BLACK,642,12.0
E2403,BLACK,642,10.0
E2403,BLACK,642,8.0
E2403,BLACK,642,6.0
E2403,BLACK,642,4.0
,SAGE,642,4.0
E1918,GREEN,643,8.0
E2042,WINE,643,8.0
E2042,WINE,643,4.0
B8486,BLACK/FUCHSIA,644,8.0
B8486,BLACK/FUCHSIA,644,14.0
B8486,BLACK/LIME,644,14.0
B8486,BLACK/LIME,644,10.0
B1260,TRUFFLE,644,4.0
B8998,WHITE,645,8.0
B8998,WHITE,645,6.0
B8998,APPLE RED,646,14.0
B8998,APPLE RED,646,12.0
B8998,RED,646,12.0
B8998,APPLE RED,646,4.0
E2590,ROSE,647,6.0
B9000,DUSTY PINK,649,8.0
E1127,TRUFFLE,649,8.0
B9000,DUSTY PINK,649,14.0
E1127,TRUFFLE,649,12.0
E1127,TRUFFLE,649,10.0
AA9256,IVORY,650,10.0
AA9271,WHITE,650,10.0
AA9301,WHITE,650,10.0
AA9310,WHITE,650,10.0
AA9317,WHITE,650,10.0
AA9319,WHITE,650,10.0
AA9257,WHITE,651,8.0
AA9316,WHITE,651,8.0
AA9317,IVORY,652,8.0
AA9318,IVORY,652,8.0
AA9319,IVORY,652,8.0
AA9271,WHITE,652,8.0
AA9310,WHITE,652,8.0
AA9331,WHITE,652,8.0
B9000,BURGUNDY,653,8.0
E1194,FUCHSIA,653,8.0
G1116,NAVY,653,8.0
BZ570,POOL,653,8.0
E1295,SAGE,653,8.0
E1194,TEAL,653,8.0
E1270,TEAL,653,8.0
E1168,TRUFFLE,653,8.0
B8998,POOL,654,8.0
B8998,POOL,654,14.0
B8998,POOL,654,10.0
B8998,POOL,654,12.0
B8998,POOL,654,8.0
E1908,SKY BLUE,654,6.0
B8998,POOL,654,4.0
E1908,SKY BLUE,654,4.0
E1270,CORAL,655,12.0
E1270,CORAL,655,8.0
E1270,CORAL,655,6.0
E1270,CORAL,655,4.0
B8865,TRUFFLE,656,14.0
B8865,TRUFFLE,656,10.0
B9000,LILAC,657,8.0
B9000,LILAC,657,10.0
E2431,RED,657,10.0
E2431,RED,657,8.0
E2431,RED,657,6.0
E2431,RED,657,4.0
E2785,GOLD,658,14.0
E2785,GOLD,658,12.0
E2785,GOLD,658,8.0
E2785,GOLD,658,6.0
E2785,GOLD,658,4.0
E1260,PINK,659,10.0
E1502,NAVY,659,8.0
E1696,RED,659,8.0
B8588,SKYBLUE/BLACK,660,8.0
B8506,PINK,660,14.0
B8588,SKYBLUE/BLACK,660,14.0
B8506,PINK,660,12.0
B8588,SKYBLUE/BLACK,660,10.0
B8865,CLARET,661,8.0
B8865,CLARET,661,10.0
B8865,CLARET,661,14.0
B8865,CLARET,661,12.0
B8865,CLARET,661,10.0
B8865,CLARET,661,10.0
E2431,RED,661,10.0
B8865,CLARET,661,8.0
E2431,RED,661,4.0
E1089,PEACH,662,8.0
E1089,PEACH,662,14.0
E1089,PEACH,662,12.0
E1089,PEACH,662,10.0
B8865,CLARET,663,6.0
B8865,CLARET,663,4.0
B8667,YELLOW,664,12.0
B8894,BROWN/CHAMPAGNE,664,10.0
570,NAVY,664,10.0
B8667,YELLOW,664,10.0
E1696,BLACK,665,8.0
E1729,FUCHSIA,665,8.0
E1696,ROYAL,665,8.0
E1260,SKY BLUE,665,8.0
E1729,FUCHSIA,665,4.0
E2111,MINT,665,4.0
E2171,LIGHT BLUE,666,12.0
E2171,LIGHT BLUE,666,6.0
E1605,PURPLE,667,12.0
E1605,PURPLE,667,8.0
E2106,BABY BLUE,667,4.0
E1605,PURPLE,667,4.0
E2144,MINT,668,14.0
E2144,MINT,668,10.0
E1729,FUCHSIA,669,6.0
E2601,EMERALD,669,4.0
E1013,TRUFFLE,670,12.0
E1013,TRUFFLE,670,12.0
E1013,TRUFFLE,670,6.0
E1013,TRUFFLE,670,4.0
E1270,FUCHSIA,671,8.0
E1270,FUCHSIA,671,6.0
E1270,FUCHSIA,671,4.0
B8859,BLACK,672,8.0
E2160,WHITE PRINT,672,10.0
E1676,BLUE/PINK,672,8.0
E2570,BURGUNDY,673,12.0
E2501,LAVENDER,673,12.0
E2501,LAVENDER,673,4.0
E1264,CORAL,674,14.0
E1264,CORAL,674,12.0
E1327,BLACK,674,14.0
E1605,PURPLE,674,4.0
E1696,ROYAL,675,6.0
E1379,WATERMELON,675,6.0
E1696,ROYAL,675,4.0
E1340,APPLE RED,676,8.0
42113,PINK,676,8.0
E1340,POOL,676,8.0
E1013,SANGRIA,676,8.0
B8865,ROYAL,676,12.0
42113,PINK,676,10.0
E1013,SANGRIA,676,10.0
E1340,POOL,676,8.0
E1340,APPLE RED,676,4.0
E1340,POOL,676,4.0
E1327,BLACK,677,12.0
E1799,LILAC,677,10.0
E1412,BLACK,677,8.0
E1696,CORAL,677,6.0
E1412,BROWN,677,4.0
E1340,CORAL,678,8.0
E1340,CORAL,678,14.0
E1340,RED,678,12.0
E2136,BLACK,678,6.0
E2136,BLACK,678,4.0
E1340,CORAL,678,4.0
E1340,RED,678,4.0
570,WHITE,681,12.0
E2495,SKY BLUE,682,12.0
E2495,SKY BLUE,682,4.0
E1259,SKY BLUE,683,8.0
E1259,SKY BLUE,683,6.0
E1259,SKY BLUE,684,10.0
E1909,GREY,684,4.0
E1259,SKY BLUE,684,4.0
E2494,PINK,685,12.0
E2494,PINK,685,8.0
E2494,PINK,685,4.0
E2497,MINT,686,12.0
E2497,MINT,686,8.0
E2497,MINT,686,4.0
E2498,BLUE,687,8.0
E2501,LAVENDER,687,8.0
E2498,BLUE,687,4.0
E1118,CORAL,688,8.0
E1118,PURPLE,688,8.0
E1118,CORAL,688,14.0
E1118,CORAL,688,12.0
E1118,CORAL,688,10.0
E1032,SUNSHINE,689,8.0
E1032,SUNSHINE,689,14.0
E1032,SUNSHINE,689,12.0
E1032,SUNSHINE,689,10.0
E2501,BLUSH,690,14.0
E2494,PINK,690,14.0
E1657,BLACK,690,12.0
E1657,BLACK,690,8.0
E1259,SKY BLUE,691,12.0
B8998,CORAL,691,8.0
E1531,PURPLE,691,8.0
B8998,CORAL,691,4.0
E1657,TEAL,692,12.0
E1657,TEAL,692,10.0
E1657,TEAL,692,8.0
E2496,SKY BLUE,692,4.0
E2752,GREEN,693,14.0
E2752,GREEN,693,12.0
E2752,GREEN,693,10.0
E1502,RED,693,10.0
E1849,BLACK,693,6.0
E2078,BURGUNDY,694,14.0
E1940,GUNMETAL,694,8.0
E1954,PLUM,694,6.0
E1767,BLACK,694,4.0
E1918,BOTTLE GREEN,694,4.0
E1275,DARK LILAC,694,4.0
E2496,SKY BLUE,695,12.0
E2496,SKY BLUE,695,8.0
E2570,BURGUNDY,695,4.0
E1168,TRUFFLE,696,14.0
E1264,NAVY,696,12.0
E1334,FUCHSIA,696,10.0
E1032,PISTACHIO,696,10.0
E1531,PURPLE,696,8.0
E2075,MIDNIGHT,697,14.0
E1342,FUCHSIA,697,12.0
E2075,MIDNIGHT,697,12.0
E1581,BLACK,697,10.0
E1890,BLACK,697,8.0
E2027,WINE,697,8.0
E2075,MIDNIGHT,697,4.0
AA219,IVORY,698,8.0
E1531,PURPLE,698,8.0
AA219,IVORY,698,6.0
E1270,LILAC,698,4.0
E1531,PURPLE,698,4.0
E2241,BLACK,699,12.0
E2241,BLACK,699,4.0
E1767,BLACK/SILVER,699,4.0
E1295,FUCHSIA,700,8.0
E2385,GOLD/BLACK,700,8.0
E1295,FUCHSIA,700,6.0
E2385,GOLD/BLACK,700,6.0
E2385,GOLD/BLACK,700,4.0
E1194,SKY BLUE,700,4.0
E1260,SKY BLUE,700,4.0
E1168,TRUFFLE,701,8.0
E2494,SANGRIA,701,4.0
E1260,SKY BLUE,701,4.0
E2136,NAVY,702,6.0
E2553,RED,702,4.0
E2322,BLUSH,703,8.0
E2322,BLUSH,703,4.0
E1119,BURGUNDY,704,8.0
B8660,MELON,704,14.0
E1119,BURGUNDY,704,10.0
AA9312,IVORY,705,12.0
AA9257,IVORY,705,6.0
1116,NAVY,706,8.0
E1127,TRUFFLE,706,8.0
AA9256,WHITE,706,12.0
AA9257,WHITE,706,12.0
AA9312,WHITE,706,6.0
AA9318,WHITE,706,6.0
E2493,PEACH,707,12.0
E2493,PEACH,707,8.0
AA219,WHITE,707,8.0
E2574,BLACK,708,12.0
E1412,BLACK,708,8.0
E2344,BLACK/NUDE,708,8.0
E1824,POOL,708,8.0
E1904,BLACK,708,4.0
E2031,BLACK,708,4.0
E2072,BLACK,708,4.0
E2344,BLACK/NUDE,708,4.0
E1295,TRUFFLE,709,12.0
E1194,FUCHSIA,709,10.0
E1270,POOL,709,10.0
AA9256,IVORY,709,12.0
E1796,BISCOTTI,709,8.0
E1270,POOL,709,8.0
E1295,TRUFFLE,709,8.0
AA9305,IVORY,710,12.0
AA9271,IVORY/CHAMPAGNE,710,12.0
AA9310,IVORY,710,6.0
AA9256,IVORY,711,12.0
AA9271,IVORY,711,12.0
E1270,POOL,711,12.0
E1168,SAGE,711,12.0
E1285,LILAC,712,14.0
E1285,LILAC,712,12.0
E1285,LILAC,712,12.0
E1799,LILAC,712,12.0
E1796,NAVY,712,6.0
E1796,NAVY,712,4.0
E1168,RED,713,12.0
B1194,SKY BLUE,713,10.0
E2574,BLACK,713,12.0
E1531,CORAL,713,12.0
E1531,PURPLE,713,12.0
E1412,BROWN,713,8.0
B1502,CLARET,713,8.0
E1531,CORAL,713,8.0
E1270,FUCHSIA,713,8.0
E1729,FUCHSIA,713,8.0
E1412,ROYAL,713,8.0
BZ570,SKY BLUE,713,8.0
E1260,TRUFFLE,713,8.0
E1319,WHITE/BLACK,714,8.0
E1294,TEAL,714,12.0
E1582,FUCHSIA,714,8.0
E1696,CORAL,715,8.0
E1295,FUCHSIA,715,8.0
E1168,TEAL,715,8.0
E1729,FUCHSIA,715,6.0
E1696,CORAL,715,4.0
E1260,PINK,716,10.0
BZ570,POOL,716,10.0
E2774,BLACK,716,10.0
E1799,LILAC,716,8.0
E2774,BLACK,716,6.0
E1696,CORAL,716,6.0
E2774,BLACK,717,8.0
E2165,FUCHSIA,718,4.0
AA9314,WHITE,719,6.0
E2495,PINK,719,4.0
E1295,WATERMELON,720,8.0
E1799,LILAC,720,12.0
E2589,BLACK,720,8.0
E1696,CORAL,720,8.0
E1531,POOL,720,8.0
E1260,SKY BLUE,720,8.0
E1295,TEAL,720,8.0
E1582,TEAL,720,8.0
E1582,TEAL,720,8.0
B8667,YELLOW,722,14.0
E1168,BURGUNDY,722,10.0
E2385,GOLD/BLACK,722,10.0
E2701,ROSE,723,14.0
E2701,ROSE,723,12.0
BZ570,POOL,724,8.0
AA9332,WHITE,724,6.0
E1696,CORAL,724,4.0
E1852,PINK,724,4.0
E1260,SKY BLUE,724,4.0
E1799,TEAL,724,4.0
E1068,BURGUNDY,725,12.0
BZ570,POOL,725,12.0
BZ570,POOL,725,12.0
E1295,SAGE,725,12.0
E1295,SAGE,725,10.0
E1531,PURPLE,725,14.0
E1502,NAVY,725,12.0
E1502,POOL,725,12.0
E1420,PURPLE,725,12.0
E1295,TEAL,725,12.0
E1260,TRUFFLE,725,12.0
AA219,,725,12.0
E1502,,725,12.0
E1260,TRUFFLE,725,8.0
E2046,ROSE,726,12.0
E2046,ROSE,726,8.0
E2356,BLACK PRINT,726,6.0
E2160,ROYAL,726,4.0
5134,,726,4.0
AA9254,IVORY,727,6.0
AA9317,IVORY,727,6.0
AA9257,WHITE,727,6.0
AA9316,WHITE,727,6.0
E2527,BLACK,728,4.0
E2543,BLACK,728,4.0
E2162,RAINBOW,728,4.0
E2436,BLACK PRINT,729,12.0
E1696,CORAL,729,6.0
AA9312,,729,6.0
E2436,BLACK PRINT,729,4.0
E2554,GOLD,729,4.0
B9000,TRUFFLE,730,14.0
E1168,TRUFFLE,730,14.0
E1295,TEAL,730,14.0
E1013,TRUFFLE,730,12.0
E1698,CORAL,730,8.0
E1698,CORAL,730,4.0
E1270,POOL,731,8.0
B8896,TRUFFLE/WHITE,731,8.0
E1502,NAVY,731,4.0
E1531,PURPLE,731,4.0
B8486,BLACK/FUCHSIA,732,14.0
E1068,BURGUNDY,732,14.0
B9000,DUSTY PINK,732,14.0
E2107,NAVY,732,14.0
E1168,VICTORIA LILAC,732,14.0
E1799,LILAC,732,8.0
E2072,BLACK,732,4.0
E1879,PURPLE,732,4.0
B8998,WHITE,733,8.0
E1582,FUCHSIA,733,14.0
B8998,WHITE,733,4.0
E2498,BLUSH,734,12.0
E2500,BLUSH,734,6.0
E2701,ROSE,735,10.0
E2701,ROSE,735,8.0
E1270,POOL,736,8.0
B8486,BLACK/FUCHSIA,736,14.0
G1116,NAVY,736,14.0
E1270,POOL,736,10.0
E1799,LILAC,736,12.0
E2046,NAVY,736,10.0
E1270,POOL,736,4.0
AA9271,IVORY,737,6.0
AA9309,IVORY,737,6.0
AA9319,IVORY,737,6.0
AA9301,WHITE,737,6.0
B9000,DUSTY PINK,738,8.0
E1513,CORAL,738,12.0
E2437,NAVY PRINT,738,10.0
E1513,CORAL,738,6.0
E1954,PLUM,738,4.0
E1260,TRUFFLE,738,4.0
E1064,MINT,739,8.0
B8998,ROYAL,739,8.0
E1064,MINT,739,14.0
E1064,MINT,739,10.0
B8998,ROYAL,739,12.0
B8998,ROYAL,739,8.0
B8998,ROYAL,739,6.0
B8998,ROYAL,739,4.0
E1676,BLUE/PINK,740,8.0
E1676,BLUE/PINK,741,12.0
E2501,LAVENDER,742,12.0
E2493,LAVENDER,743,12.0
E2501,LAVENDER,743,8.0
E2501,LAVENDER,743,4.0
B8865,TRUFFLE,744,12.0
B8865,TRUFFLE,744,12.0
B8865,TRUFFLE,744,12.0
E1582,FUCHSIA,744,8.0
E1064,CHARCOAL,745,8.0
E1064,CHARCOAL,745,14.0
E1064,CHARCOAL,745,12.0
E1168,SAGE,745,10.0
E1168,SAGE,745,8.0
E1168,SAGE,745,4.0
E1013,SANGRIA,746,6.0
E2018,PEACOCK/GREEN,746,4.0
E1593,POOL,746,4.0
E1013,SANGRIA,746,4.0
E1696,CORAL,747,12.0
E1696,CORAL,747,10.0
E1593,POOL,747,10.0
E1696,CORAL,747,8.0
E1593,POOL,747,6.0
E2329,BLACK,747,4.0
E1412,ROYAL,748,8.0
E1412,ROYAL,748,4.0
E2496,SKY BLUE,749,12.0
E2568,AQUA,749,10.0
E2318,BLUE,749,8.0
E2570,BURGUNDY,750,10.0
E2570,BURGUNDY,751,12.0
E2570,BURGUNDY,751,4.0
E2180,WINE,751,4.0
B8998,TRUFFLE,752,10.0
E1270,FUCHSIA,752,8.0
E1270,FUCHSIA,752,6.0
E1531,POOL,752,4.0
E1412,ROYAL,752,4.0
E1260,TRUFFLE,752,4.0
B8998,TRUFFLE,753,8.0
B8998,TRUFFLE,753,12.0
E1502,CLARET,753,10.0
B8998,POOL,753,8.0
E1502,NAVY,753,6.0
E2053,PEACOCK,754,8.0
E2136,NAVY,754,6.0
AA9316,WHITE,754,4.0
AA9330,,754,4.0
AA9309,IVORY,755,4.0
AA9317,IVORY,755,4.0
AA9331,IVORY,755,4.0
AA9331,WHITE,755,4.0
AA9319,,755,4.0
E1270,POOL,756,6.0
E1822,PEACH,757,12.0
E1822,PEACH,757,8.0
E1822,PEACH,757,6.0
E1822,PEACH,757,4.0
E1295,TRUFFLE,757,4.0
AA9254,IVORY,758,8.0
AA9319,IVORY,758,8.0
E9312,IVORY,758,8.0
E1412,BLACK,759,12.0
E1412,BLACK,759,8.0
E1412,BLACK,759,4.0
E1387,TURQUOISE,761,8.0
E2087,ROSE/QUARTZ,761,4.0
E1387,TURQUOISE,761,4.0
E2210,SILVER,762,14.0
E2243,BLACK/RED,762,12.0
E1502,NAVY,762,12.0
E2210,SILVER,762,12.0
E1502,NAVY,762,10.0
E2243,BLACK/RED,762,4.0
E1260,TRUFFLE,763,8.0
B8486,BLACK/LILAC,763,14.0
AA9254,IVORY,764,8.0
E1891,PURPLE,765,10.0
E1891,PURPLE,765,8.0
E1891,PURPLE,765,6.0
E1891,PURPLE,765,4.0
E2322,BLUSH,766,8.0
E1531,POOL,766,6.0
E1918,GREEN,766,4.0
E1954,PLUM,766,4.0
E1531,POOL,766,4.0
AA9256,IVORY,767,14.0
E1024,PERSIMMON,768,8.0
E1024,PERSIMMON,768,10.0
E1260,TRUFFLE,769,8.0
E1412,BROWN,769,4.0
E1582,FUCHSIA,769,4.0
E1387,GREEN,769,4.0
E1260,TRUFFLE,769,4.0
G1116,PINK,770,14.0
B8998,SANGRIA,770,8.0
B8998,SANGRIA,770,4.0
E2771,TEAL,771,8.0
E1295,TRUFFLE,772,6.0
E1412,BROWN,773,8.0
E1412,BROWN,773,4.0
AA9271,IVORY,774,8.0
E1582,FUCHSIA,774,4.0
AA9257,IVORY,774,4.0
E1295,TEAL,774,4.0
AA222,WHITE,774,4.0
E2774,BLACK,775,10.0
E2774,BLACK,775,6.0
E1127,TRUFFLE,776,8.0
E1127,TRUFFLE,776,12.0
E1127,TRUFFLE,776,10.0
AA9256,IVORY,776,14.0
E1340,RED,776,4.0
E1312,SANGRIA,777,8.0
E1127,DARK PINK,777,12.0
E2027,WINE,777,12.0
E2053,TEAL,777,4.0
B9000,LILAC,778,8.0
B9000,TRUFFLE,778,8.0
B9000,TRUFFLE,778,10.0
E1931,NAVY,779,14.0
E2540,TEAL,779,14.0
E2540,TEAL,779,10.0
E1931,NAVY,779,8.0
E1573,BLACK,779,4.0
E2511,BLUE,779,4.0
E1285,CAFE,779,4.0
E1264,CLARET,779,4.0
E2088,DUSTY ROSE,779,4.0
E2076,MIDNIGHT,779,4.0
E2121,MIDNIGHT,779,4.0
E2602,MINT,779,4.0
E1379,TEAL,779,4.0
E2076,WINE,779,4.0
AA9301,WHITE,780,14.0
AA9317,WHITE,780,14.0
AA9320,WHITE,780,14.0
AA9309,IVORY,781,14.0
AA9316,IVORY,781,14.0
E1696,ROYAL,781,4.0
E1295,TEAL,781,4.0
E1295,TRUFFLE,781,4.0
AA9346,IVORY,782,10.0
AA9254,IVORY,782,8.0
AA9257,IVORY,782,8.0
E1729,FUCHSIA,782,4.0
E2498,BLUSH,783,12.0
E1676,BLUE/PINK,783,8.0
E1676,BLUE/PINK,783,4.0
B8486,BLACK/FUCHSIA,784,8.0
B8486,BLACK/FUCHSIA,784,14.0
E2496,SKY BLUE,784,12.0
E2498,TEAL,784,8.0
E1013,FUCHSIA,785,10.0
E1696,BLUE/PINK,785,12.0
E2496,SKY BLUE,785,12.0
E1696,BLUE/PINK,785,8.0
E1013,FUCHSIA,785,4.0
E1371,TRUFFLE/WHITE,786,8.0
E1371,TRUFFLE/WHITE,786,12.0
E1371,TRUFFLE/WHITE,786,10.0
B8865,TRUFFLE,786,12.0
E2331,RED,786,8.0
E1168,TRUFFLE,786,8.0
E1954,PLUM,786,6.0
E2053,PEACOCK,787,14.0
E2107,LAVENDER,787,8.0
E1270,FUCHSIA,787,6.0
E1412,ROYAL,787,6.0
E1696,ROYAL,787,6.0
E1168,TEAL,787,6.0
E1260,TRUFFLE,787,6.0
E1168,TRUFFLE,788,10.0
E2243,BLACK/RED,788,12.0
E2243,BLACK/RED,788,8.0
E2243,BLACK/RED,788,4.0
E2210,SILVER,789,14.0
E2210,SILVER,789,12.0
E2296,GREEN/PURPLE,789,10.0
E1696,ROYAL,789,10.0
E1696,ROYAL,789,8.0
E1696,ROYAL,789,6.0
E2075,MIDNIGHT,790,12.0
E1340,BLACK,790,6.0
E2075,MIDNIGHT,790,4.0
B8486,BLACK/LILAC,791,8.0
E1340,BLACK,791,12.0
E2344,BLACK/NUDE,791,8.0
E2107,NAVY,791,8.0
E2107,NAVY,791,6.0
E2344,BLACK/NUDE,791,4.0
E1265,BLUE,792,10.0
E1838,BLACK,792,8.0
E1168,LILAC,792,6.0
E1502,NAVY,792,6.0
E1531,POOL,792,6.0
E1168,SAGE,792,6.0
E1260,SKY BLUE,792,6.0
AA222,WHITE,792,6.0
E2053,NAVY,792,4.0
B8588,SKY BLUE,793,14.0
B8608,SKY BLUE,793,14.0
B8608,SKY BLUE,793,10.0
E2317,NAVY,793,10.0
E1838,BLACK,793,8.0
E2494,SANGRIA,793,4.0
E1954,PLUM,794,8.0
E1954,PLUM,794,6.0
E1954,PLUM,794,4.0
B8998,WHITE,795,8.0
B8998,WHITE,795,12.0
E1032,PISTACHIO,795,10.0
B8998,WHITE,795,10.0
E2497,BLUSH,795,8.0
E1032,PISTACHIO,795,8.0
E2497,BLUSH,795,4.0
E1032,PISTACHIO,796,8.0
E2493,AQUA,796,8.0
E2493,AQUA,796,6.0
B8998,WHITE,797,8.0
E2433,BLACK/PRINT,797,12.0
B8998,WHITE,797,4.0
E1024,PERSIMMON,798,8.0
E1024,PERSIMMON,798,10.0
E1013,LILAC,799,8.0
E1013,LILAC,799,12.0
E1013,LILAC,799,8.0
B8998,CORAL,800,12.0
B8998,CORAL,800,8.0
B8998,CORAL,800,6.0
B8998,CORAL,800,4.0
E1696,BLACK,801,12.0
E1796,NAVY,801,12.0
E1796,NAVY,801,6.0
E1796,NAVY,801,4.0
E1326,NAVY,802,10.0
E1168,BURGUNDY,802,8.0
E1381,PURPLE,802,8.0
E1303,GREY,802,6.0
E1168,SAGE,802,6.0
E1918,GREEN,802,4.0
4386,BLACK,803,12.0
E2118,FUCHSIA,803,14.0
E2110,BLACK,803,4.0
2260,BLACK/RED,803,4.0
E1683,WHITE,803,4.0
E2258,CHARCOAL,804,14.0
E2366,BLACK/GOLD,804,12.0
E2318,BLUE,804,10.0
E1904,BLACK,804,4.0
E2561,NAVY,804,4.0
4386,BLACK,805,12.0
E2701,ROSE,805,14.0
E2366,BLACK/GOLD,805,10.0
E1950,BLACK,805,6.0
E2514,EMERALD,805,6.0
E1930,BLACK,805,4.0
E1264,ORANGE,806,8.0
E2031,BLACK,806,14.0
E1573,CORAL,806,12.0
E1796,LAVENDER,806,12.0
E1548,PINK,806,10.0
E1593,POOL,806,10.0
E1762,PURPLE,806,10.0
E1285,PURPLE,807,8.0
E1285,PURPLE,807,12.0
E1573,SKY BLUE,807,14.0
E1573,CORAL,807,12.0
E1264,LILAC,807,12.0
E1013,CLARET,807,10.0
E1696,RED,807,10.0
E1379,WATERMELON,807,6.0
E2256,BLACK,807,4.0
F1116,APPLE,808,10.0
E1796,BLACK,808,10.0
E2328,BLACK,808,8.0
E1796,BLACK,808,6.0
E1950,BLACK,808,4.0
E1387,GREEN,808,4.0
E2701,ROSE,809,14.0
E1387,PINK,809,8.0
E1387,PINK,809,4.0
E1371,APPLERED WHITE,810,8.0
E1371,APPLERED WHITE,810,10.0
E2060,MIDNIGHT,810,14.0
E2060,MIDNIGHT,810,12.0
E2366,BLACK/GOLD,810,10.0
E2060,MIDNIGHT,810,10.0
E2060,MIDNIGHT,810,6.0
E2072,BLACK,810,4.0
E2436,BLACK PRINT,811,12.0
E1465,PURPLE,812,8.0
E1465,PURPLE,812,4.0
E1089,CORAL,813,8.0
E1068,KIWI,813,8.0
E1068,KIWI,813,14.0
E1089,CORAL,813,12.0
E1068,KIWI,813,12.0
E1089,CORAL,813,10.0
E1068,KIWI,813,10.0
570,LILAC,814,8.0
570,LILAC,814,8.0
570,LILAC,814,10.0
E1089,SUNSHINE,816,8.0
E1071,TRUFFLE,816,8.0
E1089,SUNSHINE,816,14.0
E1071,TRUFFLE,816,14.0
E1089,SUNSHINE,816,12.0
E1071,TRUFFLE,816,12.0
E1089,SUNSHINE,816,10.0
E1071,TRUFFLE,816,10.0
E2102,BLACK,816,12.0
E1119,BURGUNDY,817,8.0
E1025,NAVY,817,8.0
B8486,BLACK/LILAC,817,12.0
E1119,BURGUNDY,817,10.0
E1118,LILAC,818,8.0
E1032,SUNSHINE,818,8.0
E1319,WHITE/BLACK,818,8.0
E1194,FUCHSIA,818,12.0
B8895,CORAL,818,12.0
1386,PLUM,818,12.0
B8895,CORAL,818,8.0
E1463,TRUFFLE,818,8.0
E1875,BLACK,818,6.0
E1581,PURPLE,818,6.0
E1954,PLUM,818,4.0
E2551,RED,818,4.0
2436,BLACK,819,12.0
E1168,TRUFFLE,819,12.0
E2031,BLACK,819,14.0
E1270,CORAL,819,12.0
E1387,GREEN,819,12.0
E1270,CORAL,819,10.0
E2775,ROYAL,819,8.0
E1636,BLACK,819,6.0
E2082,BLACK,819,4.0
E1013,PINK,819,4.0
E1259,SKY BLUE,820,8.0
E2496,PEACH,820,4.0
570,SAGE,821,8.0
B8865,IVORY,822,8.0
B8865,WHITE,822,8.0
E1838,TEAL,822,4.0
AA222,WHITE,822,4.0
B8865,WHITE,822,4.0
E1265,BLUE,823,12.0
E1265,GREEN,823,12.0
B8865,IVORY,823,10.0
E1696,BLACK,823,12.0
E1981,BLACK,823,10.0
B8486,BLACK/FUCHSIA,824,12.0
B8894,CHAMPAGNE/NAVY,824,12.0
B9000,DUSTY PINK,824,12.0
E1729,FUCHSIA,824,12.0
E2501,LAVENDER,824,12.0
E1531,POOL,824,12.0
B8865,CLARET,824,10.0
E1531,PURPLE,824,8.0
E2774,BLACK,825,6.0
AA9271,WHITE,825,6.0
AA9331,WHITE,825,6.0
AA9312,WHITE,825,4.0
AA9298,WHITE,826,6.0
AA9319,IVORY,826,4.0
AA9319,WHITE,826,4.0
AA9310,WHITE,827,14.0
AA9318,WHITE,827,4.0
AA9315,WHITE,828,14.0
AA9317,WHITE,828,14.0
AA9254,WHITE,829,8.0
AA9257,WHITE,830,8.0
AA9271,WHITE,830,8.0
AA9316,WHITE,830,8.0
E1371,TRUFFLE/WHITE,831,8.0
E8665,FUCHSIA,831,14.0
E1371,TRUFFLE/WHITE,831,12.0
E1371,TRUFFLE/WHITE,831,10.0
AA233,WHITE/IVORY,833,14.0
AA9329,WHITE,833,4.0
B8865,WHITE,833,4.0
E1024,TRUFFLE,834,8.0
570,VICTORIA LILAC,834,8.0
E1024,TRUFFLE,834,10.0
E1119,VICTORIA LILAC,835,8.0
E1119,VICTORIA LILAC,835,14.0
E1119,VICTORIA LILAC,835,12.0
E1119,VICTORIA LILAC,835,10.0
E1071,PEACH FIZZ,836,8.0
E1068,VICTORIA LILAC,836,8.0
E1071,PEACH FIZZ,836,10.0
E1068,VICTORIA LILAC,836,10.0
E2752,GREEN,836,12.0
E2752,GREEN,836,6.0
B8691,MELON,837,14.0
B8691,MELON,837,12.0
AA9316,WHITE,838,14.0
AA9314,WHITE,838,8.0
AA9256,WHITE,839,14.0
AA9313,WHITE,839,14.0
AA9314,WHITE,839,14.0
E1579,WHITE,840,12.0
AA9349,IVORY,840,6.0
E1579,WHITE,840,4.0
E2410,NUDE/IVORY,841,14.0
E2701,ROSE,841,10.0
E2080,BLACK,841,8.0
E2436,BLACK PRINT,841,8.0
E2701,ROSE,841,6.0
E2613,MAUVE,842,14.0
E1538,SAGE,842,8.0
E1538,SAGE,842,4.0
AA9346,IVORY,843,14.0
AA9309,WHITE,843,14.0
AA9254,IVORY,843,8.0
AA9309,IVORY,843,6.0
E1540,BLUE/PINK,844,4.0
E1942,ROYAL,845,14.0
E1942,ROYAL,845,10.0
E1942,ROYAL,845,8.0
E1796,BLACK,845,6.0
E1942,ROYAL,845,6.0
E1194,WHITE,846,8.0
E1895,BLACK,846,14.0
AA9349,IVORY,846,8.0
AA9313,IVORY,846,6.0
E1831,RED,846,6.0
E1264,SAGE,846,4.0
E1264,NAVY,847,8.0
E1285,PURPLE,847,10.0
E2366,BLACK/GOLD,847,14.0
E2107,NAVY,847,14.0
E1573,ROYAL,847,14.0
E1573,TEAL,847,14.0
E1852,FUCHSIA,847,10.0
E1379,WATERMELON,847,10.0
E1909,GREEN,847,6.0
AA9254,IVORY,847,6.0
AA9309,IVORY,847,6.0
E2107,NAVY,847,6.0
E1729,IVORY,847,4.0
E2107,NAVY,847,4.0
E1264,NAVY,848,8.0
E2543,BLACK,848,14.0
E1796,NAVY,848,6.0
E1796,BISCOTTI,848,4.0
E1676,BLUE/PINK,848,4.0
E1795,NAVY,848,4.0
E1796,NAVY,848,4.0
4386,BLACK,849,4.0
5105,BLACK,849,4.0
E1371,SAGE,850,8.0
E8588,SKYBLUE/BLACK,850,14.0
B8608,PINK,850,12.0
E1312,CLARET,850,10.0
B8608,LILAC,850,10.0
B8667,YELLOW,850,10.0
E2019,BLUE,850,14.0
B8320,ORANGE,850,14.0
E1119,VICTORIA LILAC,850,12.0
E1939,TEAL,850,10.0
E1119,BURGUNDY,850,8.0
E1421,CORAL,850,8.0
E2039,POWDER BLUE,850,8.0
E1119,VICTORIA LILAC,850,8.0
E1119,BURGUNDY,850,4.0
E2524,MAUVE,850,4.0
E1472,ROYAL,850,4.0
E1379,SAGE,850,4.0
E2027,WINE,850,4.0
E2449,GREEN,851,10.0
E2496,SKY BLUE,851,8.0
AA9270,WHITE,852,6.0
AA9301,WHITE/IVORY,852,6.0
B8486,BLACK/FUCHSIA,853,14.0
B8486,BLACK/LILAC,853,14.0
B8486,BLACK/FUCHSIA,853,12.0
B8486,BLACK/LILAC,853,12.0
B8486,BLACK/FUCHSIA,853,10.0
B8486,BLACK/LILAC,853,10.0
B8661,ORANGE,853,10.0
E1940,GUNMETAL,853,8.0
E2366,BLACK/GOLD,853,4.0
E1371,SAGE,854,10.0
E2498,BLUE,854,4.0
E2493,PEACH,854,4.0
E1119,VICTORIA LILAC,855,10.0
E252,GREEN,855,14.0
E2136,BLACK,855,4.0
E2043,CORAL,855,4.0
E1716,PURPLE,855,4.0
E1761,RED,855,4.0
E2196,RED,855,4.0
E2570,BURGUNDY,856,14.0
E1939,TEAL,856,14.0
E2126,BLACK,856,10.0
E2366,BLACK/GOLD,856,10.0
E1340,CORAL,856,4.0
E2296,GREEN/PURPLE,856,4.0
E2060,MIDNIGHT,856,4.0
E2031,BLACK,857,14.0
AA9309,WHITE,857,14.0
E1637,BLACK/NUDE,857,12.0
E1931,NAVY,857,12.0
E2241,BLACK,857,8.0
E2514,EMERALD,857,8.0
E2514,EMERALD,857,6.0
E1637,BLACK,857,4.0
E2073,BLUE,857,4.0
