code,original_price,discount_price,discount_percent,title
E1344,178,115.7,35,Milano Formals E1344 Dress
E1618,258,167.7,35,Milano Formals E1618 Dress
E1637,258,167.7,35,Milano Formals E1637 Dress
E1778,218,141.7,35,Milano Formals E1778 CL Dress
E1823,220,143,35,Milano Formals E1823 Dress
E1883 ,298,193.7,35,Milano Formals E1883 CL Dress
E1887,318,206.7,35,Milano Formals E1887 CL Dress
E1977,388,252.2,35,Milano Formals E1977 Dress
E1978,388,252.2,35,Milano Formals E1978 Dress
E1980,148,96.2,35,Milano Formals E1980 Dress
E1986,248,161.2,35,Milano Formals E1986 Dress
E1989,298,193.7,35,Milano Formals E1989 Dress
E1991,448,291.2,35,Milano Formals E1991 Dress
E2008,298,193.7,35,Milano Formals E2008 Dress
E2010,348,226.2,35,Milano Formals E2010 Dress
E2016,298,193.7,35,Milano Formals E2016 Dress
E2017,298,193.7,35,Milano Formals E2017 Dress
E2018,248,161.2,35,Milano Formals E2018 Dress
E2019,388,252.2,35,Milano Formals E2019 Dress
E2025,248,161.2,35,Milano Formals E2025 Dress
E2025,248,161.2,35,Milano Formals E2025 CL Dress
E2028,148,96.2,35,Milano Formals E2028 Dress
E2031,298,193.7,35,Milano Formals E2031 Dress
E2037,248,161.2,35,Milano Formals E2037 Dress
E2040,148,96.2,35,Milano Formals E2040 Dress
E2043,248,161.2,35,Milano Formals E2043 Dress
E2045,298,193.7,35,Milano Formals E2045 Dress
E2046,420,273,35,Milano Formals E2046 Dress
E2047,398,258.7,35,Milano Formals E2047 Dress
E2048,248,161.2,35,Milano Formals E2048 Dress
E2049,298,193.7,35,Milano Formals E2049 Dress
E2050,248,161.2,35,Milano Formals E2050 Dress
E2057,298,193.7,35,Milano Formals E2057 Dress
E2059,198,128.7,35,Milano Formals E2059 Dress
E2061,198,128.7,35,Milano Formals E2061 Dress
E2063,148,96.2,35,Milano Formals E2063 Dress
E2065,198,128.7,35,Milano Formals E2065 Dress
E2069,328,213.2,35,Milano Formals E2069 Dress
E2070,348,226.2,35,Milano Formals E2070 Dress
E2074,348,226.2,35,Milano Formals E2074 Dress
E2078,248,161.2,35,Milano Formals E2078 Dress
E2081,128,83.2,35,Milano Formals E2081 Dress
E2082,178,115.7,35,Milano Formals E2082 Dress
E2083,178,115.7,35,Milano Formals E2083 Dress
E2084,148,96.2,35,Milano Formals E2084 Dress
E2086,193,125.45,35,Milano Formals E2086 Dress
E2087,178,115.7,35,Milano Formals E2087 Dress
E2088,298,193.7,35,Milano Formals E2088 Dress
E2089,248,161.2,35,Milano Formals E2089 Dress
E2092,298,193.7,35,Milano Formals E2092 Dress
E2094,298,193.7,35,Milano Formals E2094 Dress
E2096,248,161.2,35,Milano Formals E2096 Dress
E2100,248,161.2,35,Milano Formals E2100 Dress
E2103,298,193.7,35,Milano Formals E2103 Dress
E2104,298,193.7,35,Milano Formals E2104 Dress
E2110,298,193.7,35,Milano Formals E2110 Dress
E2116,298,193.7,35,Milano Formals E2116 Dress
E2118,298,193.7,35,Milano Formals E2118 Dress
E2119,298,193.7,35,Milano Formals E2119 Dress
E2134,248,161.2,35,Milano Formals E2134 Dress
E2150,338,219.7,35,Milano Formals E2150 Dress
E2150,338,219.7,35,Milano Formals E2150 CL Dress
E2158,413,268.45,35,Milano Formals E2158 Dress
E2163,338,219.7,35,Milano Formals E2163 Dress
E2174,298,193.7,35,Milano Formals E2174 Dress
E2178,298,193.7,35,Milano Formals E2178 Dress
E2204,198,128.7,35,Milano Formals E2204
E2204,198,128.7,35,Milano Formals E2204 CL Dress
E2210,248,161.2,35,Milano Formals E2210 Dress
E2213,248,161.2,35,Milano Formals E2213 Dress
E2220,148,96.2,35,Milano Formals E2220 Dress
E2223,148,96.2,35,Milano Formals E2223 Dress
E2225,148,96.2,35,Milano Formals E2225 Dress
E2227,148,96.2,35,Milano Formals E2227 Dress
E2229,248,161.2,35,Milano Formals E2229 Dress
E2230,148,96.2,35,Milano Formals E2230 Dress
E2231,148,96.2,35,Milano Formals E2231 Dress
E2233,298,193.7,35,Milano Formals E2233 Dress
E2241,198,128.7,35,Milano Formals E2241 Dress
E2241,213,138.45,35,Milano Formals E2241 CL Dress
E2244,198,128.7,35,Milano Formals E2244 Dress
E2245,248,161.2,35,Milano Formals E2245 Dress
E2247,248,161.2,35,Milano Formals E2247 Dress
E2252,248,161.2,35,Milano Formals E2252 Dress
E2253,198,128.7,35,Milano Formals E2253 Dress
E2254,248,161.2,35,Milano Formals E2254 Dress
E2255,248,161.2,35,Milano Formals E2255 Dress
E2256,248,161.2,35,Milano Formals E2256 Dress
E2257,248,161.2,35,Milano Formals E2257 Dress
E2258,248,161.2,35,Milano Formals E2258 Dress
E2259,248,161.2,35,Milano Formals E2259 Dress
E2267,248,161.2,35,Milano Formals E2267 Dress
E2269,248,161.2,35,Milano Formals E2269 Dress
E2272,248,161.2,35,Milano Formals E2272 Dress
E2274,198,128.7,35,Milano Formals E2274 Dress
E2276,248,161.2,35,Milano Formals E2276 Dress
E2281,248,161.2,35,Milano Formals E2281 Dress
E2282,148,96.2,35,Milano Formals E2282 Dress
E2285,298,193.7,35,Milano Formals E2285 Dress
E2287,298,193.7,35,Milano Formals E2287 Dress
E2289,298,193.7,35,Milano Formals E2289 Dress
E2291,198,128.7,35,Milano Formals E2291 Dress
E2292,198,128.7,35,Milano Formals E2292 Dress
E2296,248,161.2,35,Milano Formals E2296 Dress
E2303,248,161.2,35,Milano Formals E2303 Dress
E2303,263,170.95,35,Milano Formals E2303 CL Dress
E2317,248,161.2,35,Milano Formals E2317 Dress
E2318,298,193.7,35,Milano Formals E2318 Dress
E2320,298,193.7,35,Milano Formals E2320 Dress
E2322,298,193.7,35,Milano Formals E2322 Dress
E2324,298,193.7,35,Milano Formals E2324 Dress
E2326,298,193.7,35,Milano Formals E2326 Dress
E2327,198,128.7,35,Milano Formals E2327 Dress
E2327,198,128.7,35,Milano Formals E2327 CL Dress
E2327,198,128.7,35,Milano Formals E2327 Dress
E2328,198,128.7,35,Milano Formals E2328 Jumpsuit
E2329,298,193.7,35,Milano Formals E2329 Dress
E2330,198,128.7,35,Milano Formals E2330 Dress
E2331,298,193.7,35,Milano Formals E2331 Dress
E2333,248,161.2,35,Milano Formals E2333 Dress
E2334,198,128.7,35,Milano Formals E2334 Dress
E2335,248,161.2,35,Milano Formals E2335 Dress
E2336,198,128.7,35,Milano Formals E2336 Dress
E2350,248,161.2,35,Milano Formals E2350 Dress
E2356,198,128.7,35,Milano Formals E2356 Dress
E2357,198,128.7,35,Milano Formals E2357 Dress
E2360,198,128.7,35,Milano Formals E2360 Dress
E2361,198,128.7,35,Milano Formals E2361 Dress
E2366,198,128.7,35,Milano Formals E2366 Dress
E2376,248,161.2,35,Milano Formals E2376 Dress
E2378,298,193.7,35,Milano Formals E2378 Dress
E2379,298,193.7,35,Milano Formals E2379 Dress
E2385,198,128.7,35,Milano Formals E2385 Dress
E2388,298,193.7,35,Milano Formals E2388 Dress
E2395,298,193.7,35,Milano Formals E2395 Dress
E2398,248,161.2,35,Milano Formals E2398 Dress
E2403,248,161.2,35,Milano Formals E2403 Dress
E2410,248,161.2,35,Milano Formals E2410 Dress
E2427,248,161.2,35,Milano Formals E2427 Dress
E2428,248,161.2,35,Milano Formals E2428 Dress
E2431,248,161.2,35,Milano Formals E2431 Dress
E2432,248,161.2,35,Milano Formals E2432 Dress
E2433,198,128.7,35,Milano Formals E2433 Dress
E2434,198,128.7,35,Milano Formals E2434 Dress
E2442,198,128.7,35,Milano Formals E2442 Dress
E2460,263,170.95,35,Milano Formals E2460 Dress
