Source Page,Product URL,Product Code,Product Name,Product Price
bellasposabridalandprom.com,https://www.bellasposabridalandprom.com/p12024505/milano-formals-e1502.html,E1502,E1502 Milano Bridesmaid Dresses,$227
bellasposabridalandprom.com,https://www.bellasposabridalandprom.com/p14544385/milano-formals-e2481.html,E2481,E2481 Milano Formals,$375
bellasposabridalandprom.com,https://www.bellasposabridalandprom.com/p12827138/milano-formals-e1988.html,E1988,E1988 Milano Formals,$732
bellasposabridalandprom.com,https://www.bellasposabridalandprom.com/p14544642/milano-formals-e2276.html,E2276,E2276 Milano Formals Cocktail Dresses,$707
bellasposabridalandprom.com,https://www.bellasposabridalandprom.com/p12024579/milano-formals-e1922.html,E1922,E1922 Milano Formals,$760
bellasposabridalandprom.com,https://www.bellasposabridalandprom.com/p14544389/milano-formals-e2303.html,E2303,E2303 Milano Formals,$732
bellasposabridalandprom.com,https://www.bellasposabridalandprom.com/p14544646/milano-formals-e2257.html,E2257,E2257 Milano Formals Cocktail Dresses,$707
bellasposabridalandprom.com,https://www.bellasposabridalandprom.com/p12037384/milano-formals-e2077.html,E2077,E2077 Milano Formals Cocktail Dresses,$707
bellasposabridalandprom.com,https://www.bellasposabridalandprom.com/p14544393/milano-formals-e2350.html,E2350,E2350 Milano Formals,$732
bellasposabridalandprom.com,https://www.bellasposabridalandprom.com/p12827402/milano-formals-e2173.html,E2173,E2173 Milano Formals,$732
bellasposabridalandprom.com,https://www.bellasposabridalandprom.com/p14544650/milano-formals-e2258.html,E2258,E2258 Milano Formals Cocktail Dresses,$707
bellasposabridalandprom.com,https://www.bellasposabridalandprom.com/p12037387/milano-formals-e2078.html,E2078,E2078 Milano Formals Cocktail Dresses,$707
bellasposabridalandprom.com,https://www.bellasposabridalandprom.com/p14544397/milano-formals-e2376.html,E2376,E2376 Milano Formals,$732
bellasposabridalandprom.com,https://www.bellasposabridalandprom.com/p14544654/milano-formals-e2340.html,E2340,E2340 Milano Formals Cocktail Dresses,$707
bellasposabridalandprom.com,https://www.bellasposabridalandprom.com/p14544401/milano-formals-e2403.html,E2403,E2403 Milano Formals,$732
bellasposabridalandprom.com,https://www.bellasposabridalandprom.com/p14544658/milano-formals-e2267.html,E2267,E2267 Milano Formals Cocktail Dresses,$707
bellasposabridalandprom.com,https://www.bellasposabridalandprom.com/p12037396/milano-formals-e1986.html,E1986,E1986 Milano Formals Cocktail Dresses,$570
bellasposabridalandprom.com,https://www.bellasposabridalandprom.com/p14544405/milano-formals-e2394.html,E2394,E2394 Milano Formals,$732
bellasposabridalandprom.com,https://www.bellasposabridalandprom.com/p14544662/milano-formals-e2269.html,E2269,E2269 Milano Formals Cocktail Dresses,$707
bellasposabridalandprom.com,https://www.bellasposabridalandprom.com/p14544409/milano-formals-e2427.html,E2427,E2427 Milano Formals,$732
bellasposabridalandprom.com,https://www.bellasposabridalandprom.com/p12037402/milano-formals-e2028.html,E2028,E2028 Milano Formals Cocktail Dresses,$432
bellasposabridalandprom.com,https://www.bellasposabridalandprom.com/p12827420/milano-formals-e2158.html,E2158,E2158 Milano Formals,$870
bellasposabridalandprom.com,https://www.bellasposabridalandprom.com/p14544668/milano-formals-e2213.html,E2213,E2213 Milano Formals Cocktail Dresses,$707
bellasposabridalandprom.com,https://www.bellasposabridalandprom.com/p14544413/milano-formals-e2428.html,E2428,E2428 Milano Formals,$732
bellasposabridalandprom.com,https://www.bellasposabridalandprom.com/p14544417/milano-formals-e2434.html,E2434,E2434 Milano Formals,$595
bellasposabridalandprom.com,https://www.bellasposabridalandprom.com/p14544421/milano-formals-e2436.html,E2436,E2436 Milano Formals,$595
bellasposabridalandprom.com,https://www.bellasposabridalandprom.com/p12827432/milano-formals-e2160.html,E2160,E2160 Milano Formals,$595
bellasposabridalandprom.com,https://www.bellasposabridalandprom.com/p14544425/milano-formals-e2279.html,E2279,E2279 Milano Formals,$595
bellasposabridalandprom.com,https://www.bellasposabridalandprom.com/p12827180/milano-formals-e2031.html,E2031,E2031 Milano Formals,$732
bellasposabridalandprom.com,https://www.bellasposabridalandprom.com/p14544429/milano-formals-e2233.html,E2233,E2233 Milano Formals,$870
bellasposabridalandprom.com,https://www.bellasposabridalandprom.com/p12827438/milano-formals-e2161.html,E2161,E2161 Milano Formals,$595
bellasposabridalandprom.com,https://www.bellasposabridalandprom.com/p14544433/milano-formals-e2327.html,E2327,E2327 Milano Formals,$595
bellasposabridalandprom.com,https://www.bellasposabridalandprom.com/p14544689/milano-formals-e2272.html,E2272,E2272 Milano Formals Cocktail Dresses,$570
bellasposabridalandprom.com,https://www.bellasposabridalandprom.com/p14544437/milano-formals-e2328.html,E2328,E2328 Milano Formals,$595
bellasposabridalandprom.com,https://www.bellasposabridalandprom.com/p14544693/milano-formals-e2274.html,E2274,E2274 Milano Formals Cocktail Dresses,$570
bellasposabridalandprom.com,https://www.bellasposabridalandprom.com/p12037432/milano-formals-e2041.html,E2041,E2041 Milano Formals Cocktail Dresses,$570
bellasposabridalandprom.com,https://www.bellasposabridalandprom.com/p12827192/milano-formals-e2046.html,E2046,E2046 Milano Formals,$732
bellasposabridalandprom.com,https://www.bellasposabridalandprom.com/p14544441/milano-formals-e2330.html,E2330,E2330 Milano Formals,$595
bellasposabridalandprom.com,https://www.bellasposabridalandprom.com/p12037435/milano-formals-e2049.html,E2049,E2049 Milano Formals Cocktail Dresses,$707
bellasposabridalandprom.com,https://www.bellasposabridalandprom.com/p14544445/milano-formals-e2336.html,E2336,E2336 Milano Formals,$595
bellasposabridalandprom.com,https://www.bellasposabridalandprom.com/p12037438/milano-formals-e2050.html,E2050,E2050 Milano Formals Cocktail Dresses,$570
bellasposabridalandprom.com,https://www.bellasposabridalandprom.com/p12827198/milano-formals-e2060.html,E2060,E2060 Milano Formals,$732
bellasposabridalandprom.com,https://www.bellasposabridalandprom.com/p12827456/milano-formals-e2064.html,E2064,E2064 Milano Formals,$595
bellasposabridalandprom.com,https://www.bellasposabridalandprom.com/p12037441/milano-formals-e2081.html,E2081,E2081 Milano Formals Cocktail Dresses,$350
bellasposabridalandprom.com,https://www.bellasposabridalandprom.com/p14544449/milano-formals-e2483.html,E2483,E2483 Milano Formals,$375
bellasposabridalandprom.com,https://www.bellasposabridalandprom.com/p14544453/milano-formals-e2345.html,E2345,E2345 Milano Formals,$732
bellasposabridalandprom.com,https://www.bellasposabridalandprom.com/p14544709/milano-formals-e2282.html,E2282,E2282 Milano Formals Cocktail Dresses,$432
bellasposabridalandprom.com,https://www.bellasposabridalandprom.com/p14544457/milano-formals-e2360.html,E2360,E2360 Milano Formals,$595
bellasposabridalandprom.com,https://www.bellasposabridalandprom.com/p14544461/milano-formals-e2344.html,E2344,E2344 Milano Formals,$732
bellasposabridalandprom.com,https://www.bellasposabridalandprom.com/p14544465/milano-formals-e2405.html,E2405,E2405 Milano Formals,$732
bellasposabridalandprom.com,https://www.bellasposabridalandprom.com/p14544469/milano-formals-e2410.html,E2410,E2410 Milano Formals,$732
bellasposabridalandprom.com,https://www.bellasposabridalandprom.com/p14544728/milano-formals-e2220.html,E2220,E2220 Milano Formals Cocktail Dresses,$432
bellasposabridalandprom.com,https://www.bellasposabridalandprom.com/p14544473/milano-formals-e2346.html,E2346,E2346 Milano Formals,$595
bellasposabridalandprom.com,https://www.bellasposabridalandprom.com/p14544477/milano-formals-e2366.html,E2366,E2366 Milano Formals,$595
bellasposabridalandprom.com,https://www.bellasposabridalandprom.com/p14544481/milano-formals-e2389.html,E2389,E2389 Milano Formals,$595
bellasposabridalandprom.com,https://www.bellasposabridalandprom.com/p14544485/milano-formals-e2229.html,E2229,E2229 Milano Formals,$732
bellasposabridalandprom.com,https://www.bellasposabridalandprom.com/p14544741/milano-formals-e2230.html,E2230,E2230 Milano Formals Cocktail Dresses,$432
bellasposabridalandprom.com,https://www.bellasposabridalandprom.com/p14544745/milano-formals-e2231.html,E2231,E2231 Milano Formals Cocktail Dresses,$432
bellasposabridalandprom.com,https://www.bellasposabridalandprom.com/p12827499/milano-formals-e2088.html,E2088,E2088 Milano Formals Cocktail Dresses,$350
bellasposabridalandprom.com,https://www.bellasposabridalandprom.com/p14544518/milano-formals-e2285.html,E2285,E2285 Milano Formals - Ball Gowns,$497
bellasposabridalandprom.com,https://www.bellasposabridalandprom.com/p12037515/milano-formals-e2022.html,E2022,E2022 Milano Formals,$732
bellasposabridalandprom.com,https://www.bellasposabridalandprom.com/p14544523/milano-formals-e2449.html,E2449,E2449 Milano Formals - Ball Gowns,$497
bellasposabridalandprom.com,https://www.bellasposabridalandprom.com/p12037519/milano-formals-e2025.html,E2025,E2025 Milano Formals,$732
bellasposabridalandprom.com,https://www.bellasposabridalandprom.com/p14544528/milano-formals-e2361.html,E2361,E2361 Milano Formals - Ball Gowns,$347
bellasposabridalandprom.com,https://www.bellasposabridalandprom.com/p12827282/milano-formals-e2107.html,E2107,E2107 Milano Formals,$732
bellasposabridalandprom.com,https://www.bellasposabridalandprom.com/p12037523/milano-formals-e2032.html,E2032,E2032 Milano Formals,$732
bellasposabridalandprom.com,https://www.bellasposabridalandprom.com/p14544533/milano-formals-e2379.html,E2379,E2379 Milano Formals - Ball Gowns,$497
bellasposabridalandprom.com,https://www.bellasposabridalandprom.com/p12037527/milano-formals-e2042.html,E2042,E2042 Milano Formals,$540
bellasposabridalandprom.com,https://www.bellasposabridalandprom.com/p12827288/milano-formals-e2112.html,E2112,E2112 Milano Formals,$595
bellasposabridalandprom.com,https://www.bellasposabridalandprom.com/p14544538/milano-formals-e2357.html,E2357,E2357 Milano Formals - Ball Gowns,$347
bellasposabridalandprom.com,https://www.bellasposabridalandprom.com/p12024475/milano-formals-e1028.html,E1028,E1028 Milano Formals - Ball Gowns,$437
bellasposabridalandprom.com,https://www.bellasposabridalandprom.com/p12037531/milano-formals-e2043.html,E2043,E2043 Milano Formals,$732
bellasposabridalandprom.com,https://www.bellasposabridalandprom.com/p12024476/milano-formals-e1259.html,E1259,E1259 Milano Formals - Ball Gowns,$497
bellasposabridalandprom.com,https://www.bellasposabridalandprom.com/p12024477/milano-formals-e1619.html,E1619,E1619 Milano Formals - Ball Gowns,$437
bellasposabridalandprom.com,https://www.bellasposabridalandprom.com/p12024478/milano-formals-e1715.html,E1715,E1715 Milano Formals - Ball Gowns,$437
bellasposabridalandprom.com,https://www.bellasposabridalandprom.com/p12024479/milano-formals-e1774.html,E1774,E1774 Milano Formals - Ball Gowns,$437
bellasposabridalandprom.com,https://www.bellasposabridalandprom.com/p14544543/milano-formals-e2326.html,E2326,E2326 Milano Formals - Ball Gowns,$497
bellasposabridalandprom.com,https://www.bellasposabridalandprom.com/p12024480/milano-formals-e1811.html,E1811,E1811 Milano Formals - Ball Gowns,$437
bellasposabridalandprom.com,https://www.bellasposabridalandprom.com/p14544289/milano-formals-e2356.html,E2356,E2356 Milano Formals,$595
bellasposabridalandprom.com,https://www.bellasposabridalandprom.com/p12024483/milano-formals-e1917.html,E1917,E1917 Milano Formals - Ball Gowns,$497
bellasposabridalandprom.com,https://www.bellasposabridalandprom.com/p12037539/milano-formals-e2047.html,E2047,E2047 Milano Formals,$732
bellasposabridalandprom.com,https://www.bellasposabridalandprom.com/p12827300/milano-formals-e2114.html,E2114,E2114 Milano Formals,$732
bellasposabridalandprom.com,https://www.bellasposabridalandprom.com/p14544548/milano-formals-e2287.html,E2287,E2287 Milano Formals - Ball Gowns,$497
bellasposabridalandprom.com,https://www.bellasposabridalandprom.com/p14544293/milano-formals-e2378.html,E2378,E2378 Milano Formals,$870
bellasposabridalandprom.com,https://www.bellasposabridalandprom.com/p12024487/milano-formals-e1949.html,E1949,E1949 Milano Formals - Ball Gowns,$497
bellasposabridalandprom.com,https://www.bellasposabridalandprom.com/p12024489/milano-formals-e1967.html,E1967,E1967 Milano Formals - Ball Gowns,$497
bellasposabridalandprom.com,https://www.bellasposabridalandprom.com/p14544297/milano-formals-e2431.html,E2431,E2431 Milano Formals,$732
bellasposabridalandprom.com,https://www.bellasposabridalandprom.com/p14544553/milano-formals-e2289.html,E2289,E2289 Milano Formals - Ball Gowns,$497
bellasposabridalandprom.com,https://www.bellasposabridalandprom.com/p12024490/milano-formals-e1974.html,E1974,E1974 Milano Formals - Ball Gowns,$437
bellasposabridalandprom.com,https://www.bellasposabridalandprom.com/p12024491/milano-formals-b8865.html,B8865,B8865 Milano Bridesmaid Dresses,$227
bellasposabridalandprom.com,https://www.bellasposabridalandprom.com/p12037547/milano-formals-e2053.html,E2053,E2053 Milano Formals,$375
bellasposabridalandprom.com,https://www.bellasposabridalandprom.com/p12024492/milano-formals-b8998.html,B8998,B8998 Milano Bridesmaid Dresses,$227
bellasposabridalandprom.com,https://www.bellasposabridalandprom.com/p12024493/milano-formals-e1013.html,E1013,E1013 Milano Bridesmaid Dresses,$227
bellasposabridalandprom.com,https://www.bellasposabridalandprom.com/p14544301/milano-formals-e2432.html,E2432,E2432 Milano Formals,$732
bellasposabridalandprom.com,https://www.bellasposabridalandprom.com/p12024494/milano-formals-e1168.html,E1168,E1168 Milano Bridesmaid Dresses,$227
bellasposabridalandprom.com,https://www.bellasposabridalandprom.com/p14544558/milano-formals-e2318.html,E2318,E2318 Milano Formals - Ball Gowns,$497
bellasposabridalandprom.com,https://www.bellasposabridalandprom.com/p12024495/milano-formals-e1260.html,E1260,E1260 Milano Bridesmaid Dresses,$227
bellasposabridalandprom.com,https://www.bellasposabridalandprom.com/p12037551/milano-formals-e2065.html,E2065,E2065 Milano Formals,$595
bellasposabridalandprom.com,https://www.bellasposabridalandprom.com/p12024496/milano-formals-e1264.html,E1264,E1264 Milano Bridesmaid Dresses,$197
bellasposabridalandprom.com,https://www.bellasposabridalandprom.com/p12024497/milano-formals-e1270.html,E1270,E1270 Milano Bridesmaid Dresses,$227
bellasposabridalandprom.com,https://www.bellasposabridalandprom.com/p14544305/milano-formals-e2433.html,E2433,E2433 Milano Formals,$595
bellasposabridalandprom.com,https://www.bellasposabridalandprom.com/p12024498/milano-formals-e1285.html,E1285,E1285 Milano Bridesmaid Dresses,$197
bellasposabridalandprom.com,https://www.bellasposabridalandprom.com/p12024499/milano-formals-e1295.html,E1295,E1295 Milano Bridesmaid Dresses,$227
bellasposabridalandprom.com,https://www.bellasposabridalandprom.com/p14544563/milano-formals-e2296.html,E2296,E2296 Milano Formals - Ball Gowns,$422
bellasposabridalandprom.com,https://www.bellasposabridalandprom.com/p12024500/milano-formals-e1340.html,E1340,E1340 Milano Bridesmaid Dresses,$227
bellasposabridalandprom.com,https://www.bellasposabridalandprom.com/p12024501/milano-formals-e1379.html,E1379,E1379 Milano Bridesmaid Dresses,$197
bellasposabridalandprom.com,https://www.bellasposabridalandprom.com/p14544309/milano-formals-e2442.html,E2442,E2442 Milano Formals,$595
bellasposabridalandprom.com,https://www.bellasposabridalandprom.com/p12024502/milano-formals-e1420.html,E1420,E1420 Milano Bridesmaid Dresses,$227
bellasposabridalandprom.com,https://www.bellasposabridalandprom.com/p12024503/milano-formals-e1421.html,E1421,E1421 Milano Bridesmaid Dresses,$227
bellasposabridalandprom.com,https://www.bellasposabridalandprom.com/p12024504/milano-formals-e1463.html,E1463,E1463 Milano Bridesmaid Dresses,$197
bellasposabridalandprom.com,https://www.bellasposabridalandprom.com/p14544568/milano-formals-e2319.html,E2319,E2319 Milano Formals - Ball Gowns,$497
bellasposabridalandprom.com,https://www.bellasposabridalandprom.com/p14544313/milano-formals-e2448.html,E2448,E2448 Milano Formals,$732
bellasposabridalandprom.com,https://www.bellasposabridalandprom.com/p12024506/milano-formals-e1520.html,E1520,E1520 Milano Bridesmaid Dresses,$197
bellasposabridalandprom.com,https://www.bellasposabridalandprom.com/p12024507/milano-formals-e1531.html,E1531,E1531 Milano Bridesmaid Dresses,$227
bellasposabridalandprom.com,https://www.bellasposabridalandprom.com/p12037563/milano-formals-e2071.html,E2071,E2071 Milano Formals,$595
bellasposabridalandprom.com,https://www.bellasposabridalandprom.com/p12024508/milano-formals-e1544.html,E1544,E1544 Milano Bridesmaid Dresses,$197
bellasposabridalandprom.com,https://www.bellasposabridalandprom.com/p12024509/milano-formals-e1546.html,E1546,E1546 Milano Bridesmaid Dresses,$197
bellasposabridalandprom.com,https://www.bellasposabridalandprom.com/p14544317/milano-formals-e2335.html,E2335,E2335 Milano Formals,$732
bellasposabridalandprom.com,https://www.bellasposabridalandprom.com/p14544573/milano-formals-e2320.html,E2320,E2320 Milano Formals - Ball Gowns,$497
bellasposabridalandprom.com,https://www.bellasposabridalandprom.com/p12024510/milano-formals-e1573.html,E1573,E1573 Milano Bridesmaid Dresses,$197
bellasposabridalandprom.com,https://www.bellasposabridalandprom.com/p12024511/milano-formals-e1581.html,E1581,E1581 Milano Bridesmaid Dresses,$197
bellasposabridalandprom.com,https://www.bellasposabridalandprom.com/p12024512/milano-formals-e1582.html,E1582,E1582 Milano Bridesmaid Dresses,$227
bellasposabridalandprom.com,https://www.bellasposabridalandprom.com/p12024513/milano-formals-e1657.html,E1657,E1657 Milano Bridesmaid Dresses,$257
bellasposabridalandprom.com,https://www.bellasposabridalandprom.com/p14544321/milano-formals-e2334.html,E2334,E2334 Milano Formals,$595
bellasposabridalandprom.com,https://www.bellasposabridalandprom.com/p12024514/milano-formals-e1663.html,E1663,E1663 Milano Bridesmaid Dresses,$197
bellasposabridalandprom.com,https://www.bellasposabridalandprom.com/p14544578/milano-formals-e2322.html,E2322,E2322 Milano Formals - Ball Gowns,$497
bellasposabridalandprom.com,https://www.bellasposabridalandprom.com/p12024515/milano-formals-e1696.html,E1696,E1696 Milano Bridesmaid Dresses,$227
bellasposabridalandprom.com,https://www.bellasposabridalandprom.com/p12037571/milano-formals-e2079.html,E2079,E2079 Milano Formals,$430
bellasposabridalandprom.com,https://www.bellasposabridalandprom.com/p12024516/milano-formals-e1729.html,E1729,E1729 Milano Bridesmaid Dresses,$227
bellasposabridalandprom.com,https://www.bellasposabridalandprom.com/p12024517/milano-formals-e1730.html,E1730,E1730 Milano Bridesmaid Dresses,$197
bellasposabridalandprom.com,https://www.bellasposabridalandprom.com/p14544325/milano-formals-e2342.html,E2342,E2342 Milano Formals,$732
bellasposabridalandprom.com,https://www.bellasposabridalandprom.com/p12024518/milano-formals-e1796.html,E1796,E1796 Milano Bridesmaid Dresses,$227
bellasposabridalandprom.com,https://www.bellasposabridalandprom.com/p12024519/milano-formals-e1799.html,E1799,E1799 Milano Bridesmaid Dresses,$227
bellasposabridalandprom.com,https://www.bellasposabridalandprom.com/p12037575/milano-formals-e2080.html,E2080,E2080 Milano Formals,$595
bellasposabridalandprom.com,https://www.bellasposabridalandprom.com/p14544583/milano-formals-e2331.html,E2331,E2331 Milano Formals - Ball Gowns,$497
bellasposabridalandprom.com,https://www.bellasposabridalandprom.com/p12024520/milano-formals-e1822.html,E1822,E1822 Milano Bridesmaid Dresses,$257
bellasposabridalandprom.com,https://www.bellasposabridalandprom.com/p12024521/milano-formals-e1824.html,E1824,E1824 Milano Bridesmaid Dresses,$227
bellasposabridalandprom.com,https://www.bellasposabridalandprom.com/p14544329/milano-formals-e2385.html,E2385,E2385 Milano Formals,$595
bellasposabridalandprom.com,https://www.bellasposabridalandprom.com/p12024522/milano-formals-e1827.html,E1827,E1827 Milano Bridesmaid Dresses,$227
bellasposabridalandprom.com,https://www.bellasposabridalandprom.com/p12024523/milano-formals-e1838.html,E1838,E1838 Milano Bridesmaid Dresses,$257
bellasposabridalandprom.com,https://www.bellasposabridalandprom.com/p12024524/milano-formals-e1852.html,E1852,E1852 Milano Bridesmaid Dresses,$227
bellasposabridalandprom.com,https://www.bellasposabridalandprom.com/p14544588/milano-formals-e2329.html,E2329,E2329 Milano Formals - Ball Gowns,$497
bellasposabridalandprom.com,https://www.bellasposabridalandprom.com/p12024525/milano-formals-f1116.html,F1116,F1116 Milano Bridesmaid Dresses,$167
bellasposabridalandprom.com,https://www.bellasposabridalandprom.com/p14544333/milano-formals-e2460.html,E2460,E2460 Milano Formals,$732
bellasposabridalandprom.com,https://www.bellasposabridalandprom.com/p12024526/milano-formals-f570.html,F570,F570 Milano Bridesmaid Dresses,$167
bellasposabridalandprom.com,https://www.bellasposabridalandprom.com/p14544337/milano-formals-e2398.html,E2398,E2398 Milano Formals,$732
bellasposabridalandprom.com,https://www.bellasposabridalandprom.com/p14544593/milano-formals-e2341.html,E2341,E2341 Milano Formals - Ball Gowns,$497
bellasposabridalandprom.com,https://www.bellasposabridalandprom.com/p12037587/milano-formals-e2085.html,E2085,E2085 Milano Formals,$375
bellasposabridalandprom.com,https://www.bellasposabridalandprom.com/p14544341/milano-formals-e2317.html,E2317,E2317 Milano Formals,$732
bellasposabridalandprom.com,https://www.bellasposabridalandprom.com/p14544598/milano-formals-e2395.html,E2395,E2395 Milano Formals - Ball Gowns,$497
bellasposabridalandprom.com,https://www.bellasposabridalandprom.com/p12037591/milano-formals-e2086.html,E2086,E2086 Milano Formals,$375
bellasposabridalandprom.com,https://www.bellasposabridalandprom.com/p14544345/milano-formals-e2324.html,E2324,E2324 Milano Formals,$870
bellasposabridalandprom.com,https://www.bellasposabridalandprom.com/p14544603/milano-formals-e2388.html,E2388,E2388 Milano Formals - Ball Gowns,$497
bellasposabridalandprom.com,https://www.bellasposabridalandprom.com/p14544349/milano-formals-e2241.html,E2241,E2241 Milano Formals,$595
bellasposabridalandprom.com,https://www.bellasposabridalandprom.com/p14544608/milano-formals-e2169.html,E2169,E2169 Milano Formals - Ball Gowns,$437
bellasposabridalandprom.com,https://www.bellasposabridalandprom.com/p14544353/milano-formals-e2437.html,E2437,E2437 Milano Formals,$595
bellasposabridalandprom.com,https://www.bellasposabridalandprom.com/p14544357/milano-formals-e2426.html,E2426,E2426 Milano Formals,$732
bellasposabridalandprom.com,https://www.bellasposabridalandprom.com/p14544614/milano-formals-e2171.html,E2171,E2171 Milano Formals - Ball Gowns,$497
bellasposabridalandprom.com,https://www.bellasposabridalandprom.com/p14544361/milano-formals-e2430.html,E2430,E2430 Milano Formals,$732
bellasposabridalandprom.com,https://www.bellasposabridalandprom.com/p14544365/milano-formals-e2333.html,E2333,E2333 Milano Formals,$595
bellasposabridalandprom.com,https://www.bellasposabridalandprom.com/p14544622/milano-formals-e2251.html,E2251,E2251 Milano Formals Cocktail Dresses,$707
bellasposabridalandprom.com,https://www.bellasposabridalandprom.com/p12024560/milano-formals-e1883.html,E1883,E1883 Milano Formals,$732
bellasposabridalandprom.com,https://www.bellasposabridalandprom.com/p14544369/milano-formals-e2247.html,E2247,E2247 Milano Formals,$732
bellasposabridalandprom.com,https://www.bellasposabridalandprom.com/p14544626/milano-formals-e2252.html,E2252,E2252 Milano Formals Cocktail Dresses,$707
bellasposabridalandprom.com,https://www.bellasposabridalandprom.com/p14544373/milano-formals-e2480.html,E2480,E2480 Milano Formals,$375
bellasposabridalandprom.com,https://www.bellasposabridalandprom.com/p14544630/milano-formals-e2253.html,E2253,E2253 Milano Formals Cocktail Dresses,$707
bellasposabridalandprom.com,https://www.bellasposabridalandprom.com/p12827384/milano-formals-e2150.html,E2150,E2150 Milano Formals,$980
bellasposabridalandprom.com,https://www.bellasposabridalandprom.com/p14544377/milano-formals-e2478.html,E2478,E2478 Milano Formals,$732
bellasposabridalandprom.com,https://www.bellasposabridalandprom.com/p14544634/milano-formals-e2254.html,E2254,E2254 Milano Formals Cocktail Dresses,$707
bellasposabridalandprom.com,https://www.bellasposabridalandprom.com/p14544381/milano-formals-e2482.html,E2482,E2482 Milano Formals,$375
bellasposabridalandprom.com,https://www.bellasposabridalandprom.com/p14544638/milano-formals-e2256.html,E2256,E2256 Milano Formals Cocktail Dresses,$707
vipfashionbridals.com,https://www.vipfashionbridals.com/p14544439/milano-formals-e2328.html,E2328,E2328 Milano Formals Long Prom,$198
vipfashionbridals.com,https://www.vipfashionbridals.com/p14544443/milano-formals-e2330.html,E2330,E2330 Milano Formals Long Prom,$198
vipfashionbridals.com,https://www.vipfashionbridals.com/p17149866/milano-formals-e1028.html,E1028,E1028 Milano Formals Ball Gowns,$258
vipfashionbridals.com,https://www.vipfashionbridals.com/p17149867/milano-formals-e1259.html,E1259,E1259 Milano Formals Ball Gowns,$298
vipfashionbridals.com,https://www.vipfashionbridals.com/p17149868/milano-formals-e1619.html,E1619,E1619 Milano Formals Ball Gowns,$258
vipfashionbridals.com,https://www.vipfashionbridals.com/p17149871/milano-formals-e1811.html,E1811,E1811 Milano Formals Ball Gowns,$258
vipfashionbridals.com,https://www.vipfashionbridals.com/p17149874/milano-formals-e1917.html,E1917,E1917 Milano Formals Ball Gowns,$298
vipfashionbridals.com,https://www.vipfashionbridals.com/p17149880/milano-formals-e1967.html,E1967,E1967 Milano Formals Ball Gowns,$298
vipfashionbridals.com,https://www.vipfashionbridals.com/p17149881/milano-formals-e1974.html,E1974,E1974 Milano Formals Ball Gowns,$258
vipfashionbridals.com,https://www.vipfashionbridals.com/p22307476/sophia-tolli-bridal-y21671zb.html,Y21671ZB,Y21671ZB Milano-Sophia Tolli,$1969
vipfashionbridals.com,https://www.vipfashionbridals.com/p17149869/milano-formals-e1715.html,E1715,E1715 Milano Ball Gown,$258
vipfashionbridals.com,https://www.vipfashionbridals.com/p17149870/milano-formals-e1774.html,E1774,E1774 Milano Ball Gown,$258
vipfashionbridals.com,https://www.vipfashionbridals.com/p17149882/milano-formals-e2285.html,E2285,E2285 Milano Ball Gown,$298
vipfashionbridals.com,https://www.vipfashionbridals.com/p17149884/milano-formals-e2361.html,E2361,E2361 Milano Ball Gown,$198
vipfashionbridals.com,https://www.vipfashionbridals.com/p17149890/milano-formals-e2318.html,E2318,E2318 Milano Ball Gown,$298
vipfashionbridals.com,https://www.vipfashionbridals.com/p17149891/milano-formals-e2296.html,E2296,E2296 Milano Ball Gown,$248
vipfashionbridals.com,https://www.vipfashionbridals.com/p17149892/milano-formals-e2319.html,E2319,E2319 Milano Ball Gown,$298
vipfashionbridals.com,https://www.vipfashionbridals.com/p17149894/milano-formals-e2322.html,E2322,E2322 Milano Ball Gown,$298
vipfashionbridals.com,https://www.vipfashionbridals.com/p17149895/milano-formals-e2331.html,E2331,E2331 Milano Ball Gown,$298
vipfashionbridals.com,https://www.vipfashionbridals.com/p17149896/milano-formals-e2329.html,E2329,E2329 Milano Ball Gown,$298
vipfashionbridals.com,https://www.vipfashionbridals.com/p17149898/milano-formals-e2395.html,E2395,E2395 Milano Ball Gown,$298
bridalprompageant.com,https://www.bridalprompageant.com/p8702057/e1472.html,E1472,E1472 Milano Formals,$225
bridalprompageant.com,https://www.bridalprompageant.com/p8683442/e1498.html,E1498,E1498 Milano Formals,$185
bridalprompageant.com,https://www.bridalprompageant.com/p8683443/e1266.html,E1266,E1266 Milano Formals,$145
bridalprompageant.com,https://www.bridalprompageant.com/p10716934/e1689.html,E1689,E1689 Milano Formals,$198
bridalprompageant.com,https://www.bridalprompageant.com/p10716935/e1684.html,E1684,E1684 Milano Formals,$240
bridalprompageant.com,https://www.bridalprompageant.com/p10716936/e1683.html,E1683,E1683 Milano Formals,$268
bridalprompageant.com,https://www.bridalprompageant.com/p10716937/e1677.html,E1677,E1677 Milano Formals,$218
bridalprompageant.com,https://www.bridalprompageant.com/p8700681/e1468.html,E1468,E1468 Milano Formals,$292
bridalprompageant.com,https://www.bridalprompageant.com/p8781752/milano-formals.html,Milano,Milano Formals E1668,$322
bridalprompageant.com,https://www.bridalprompageant.com/p14595636/milano-formals-e2251.html,E2251,E2251 Milano Formals Short and Cocktail,$248
bridalprompageant.com,https://www.bridalprompageant.com/p14595638/milano-formals-e2252.html,E2252,E2252 Milano Formals Short and Cocktail,$248
bridalprompageant.com,https://www.bridalprompageant.com/p14595640/milano-formals-e2253.html,E2253,E2253 Milano Formals Short and Cocktail,$248
bridalprompageant.com,https://www.bridalprompageant.com/p14595642/milano-formals-e2254.html,E2254,E2254 Milano Formals Short and Cocktail,$248
bridalprompageant.com,https://www.bridalprompageant.com/p14595644/milano-formals-e2256.html,E2256,E2256 Milano Formals Short and Cocktail,$248
bridalprompageant.com,https://www.bridalprompageant.com/p14595646/milano-formals-e2276.html,E2276,E2276 Milano Formals Short and Cocktail,$248
bridalprompageant.com,https://www.bridalprompageant.com/p14595648/milano-formals-e2257.html,E2257,E2257 Milano Formals Short and Cocktail,$248
bridalprompageant.com,https://www.bridalprompageant.com/p14595650/milano-formals-e2258.html,E2258,E2258 Milano Formals Short and Cocktail,$248
bridalprompageant.com,https://www.bridalprompageant.com/p14595652/milano-formals-e2340.html,E2340,E2340 Milano Formals Short and Cocktail,$248
bridalprompageant.com,https://www.bridalprompageant.com/p14595654/milano-formals-e2267.html,E2267,E2267 Milano Formals Short and Cocktail,$248
bridalprompageant.com,https://www.bridalprompageant.com/p14595656/milano-formals-e2269.html,E2269,E2269 Milano Formals Short and Cocktail,$248
bridalprompageant.com,https://www.bridalprompageant.com/p14595658/milano-formals-e2213.html,E2213,E2213 Milano Formals Short and Cocktail,$248
bridalprompageant.com,https://www.bridalprompageant.com/p14595660/milano-formals-e2255.html,E2255,E2255 Milano Formals Short and Cocktail,$248
bridalprompageant.com,https://www.bridalprompageant.com/p14595662/milano-formals-e2262.html,E2262,E2262 Milano Formals Short and Cocktail,$198
bridalprompageant.com,https://www.bridalprompageant.com/p14595664/milano-formals-e2259.html,E2259,E2259 Milano Formals Short and Cocktail,$248
bridalprompageant.com,https://www.bridalprompageant.com/p14595666/milano-formals-e2225.html,E2225,E2225 Milano Formals Short and Cocktail,$148
bridalprompageant.com,https://www.bridalprompageant.com/p14595668/milano-formals-e2272.html,E2272,E2272 Milano Formals Short and Cocktail,$198
bridalprompageant.com,https://www.bridalprompageant.com/p14595670/milano-formals-e2274.html,E2274,E2274 Milano Formals Short and Cocktail,$198
bridalprompageant.com,https://www.bridalprompageant.com/p14595672/milano-formals-e2281.html,E2281,E2281 Milano Formals Short and Cocktail,$148
bridalprompageant.com,https://www.bridalprompageant.com/p14595674/milano-formals-e2280.html,E2280,E2280 Milano Formals Short and Cocktail,$198
bridalprompageant.com,https://www.bridalprompageant.com/p14595676/milano-formals-e2292.html,E2292,E2292 Milano Formals Short and Cocktail,$198
bridalprompageant.com,https://www.bridalprompageant.com/p14595678/milano-formals-e2282.html,E2282,E2282 Milano Formals Short and Cocktail,$148
bridalprompageant.com,https://www.bridalprompageant.com/p14595680/milano-formals-e2291.html,E2291,E2291 Milano Formals Short and Cocktail,$198
bridalprompageant.com,https://www.bridalprompageant.com/p14595682/milano-formals-e2204.html,E2204,E2204 Milano Formals Short and Cocktail,$198
bridalprompageant.com,https://www.bridalprompageant.com/p14595684/milano-formals-e2210.html,E2210,E2210 Milano Formals Short and Cocktail,$248
bridalprompageant.com,https://www.bridalprompageant.com/p14595686/milano-formals-e2220.html,E2220,E2220 Milano Formals Short and Cocktail,$148
bridalprompageant.com,https://www.bridalprompageant.com/p14595688/milano-formals-e2223.html,E2223,E2223 Milano Formals Short and Cocktail,$148
bridalprompageant.com,https://www.bridalprompageant.com/p14595690/milano-formals-e2227.html,E2227,E2227 Milano Formals Short and Cocktail,$248
bridalprompageant.com,https://www.bridalprompageant.com/p14595692/milano-formals-e2230.html,E2230,E2230 Milano Formals Short and Cocktail,$148
bridalprompageant.com,https://www.bridalprompageant.com/p14595694/milano-formals-e2231.html,E2231,E2231 Milano Formals Short and Cocktail,$148
bridalprompageant.com,https://www.bridalprompageant.com/p14595696/milano-formals-e2244.html,E2244,E2244 Milano Formals Short and Cocktail,$198
bridalprompageant.com,https://www.bridalprompageant.com/p14595698/milano-formals-e2245.html,E2245,E2245 Milano Formals Short and Cocktail,$198
bridalprompageant.com,https://www.bridalprompageant.com/p14595700/milano-formals-e2243.html,E2243,E2243 Milano Formals Short and Cocktail,$148
bridalprompageant.com,https://www.bridalprompageant.com/p14594951/milano-formals-e2077.html,E2077,E2077 Milano Formals Short and Cocktail,$248
bridalprompageant.com,https://www.bridalprompageant.com/p14594953/milano-formals-e2078.html,E2078,E2078 Milano Formals Short and Cocktail,$248
bridalprompageant.com,https://www.bridalprompageant.com/p14594958/milano-formals-e1986.html,E1986,E1986 Milano Formals Short and Cocktail,$198
bridalprompageant.com,https://www.bridalprompageant.com/p14594960/milano-formals-e2028.html,E2028,E2028 Milano Formals Short and Cocktail,$148
bridalprompageant.com,https://www.bridalprompageant.com/p14594970/milano-formals-e2041.html,E2041,E2041 Milano Formals Short and Cocktail,$198
bridalprompageant.com,https://www.bridalprompageant.com/p14594971/milano-formals-e2049.html,E2049,E2049 Milano Formals Short and Cocktail,$248
bridalprompageant.com,https://www.bridalprompageant.com/p14594972/milano-formals-e2050.html,E2050,E2050 Milano Formals Short and Cocktail,$198
bridalprompageant.com,https://www.bridalprompageant.com/p14594973/milano-formals-e2081.html,E2081,E2081 Milano Formals Short and Cocktail,$118
bridalprompageant.com,https://www.bridalprompageant.com/p14594975/milano-formals-e2088.html,E2088,E2088 Milano Formals Short and Cocktail,$118
bridalprompageant.com,https://www.bridalprompageant.com/p8700645/e1395.html,E1395,E1395 Milano Formals,$269
bridalprompageant.com,https://www.bridalprompageant.com/c74262/p8702057/e1472.html,E1472,E1472 Milano Formals,$225
bridalprompageant.com,https://www.bridalprompageant.com/c74262/p8683442/e1498.html,E1498,E1498 Milano Formals,$185
bridalprompageant.com,https://www.bridalprompageant.com/c74262/p8683443/e1266.html,E1266,E1266 Milano Formals,$145
bridalprompageant.com,https://www.bridalprompageant.com/c74262/p8700681/e1468.html,E1468,E1468 Milano Formals,$292
bridalprompageant.com,https://www.bridalprompageant.com/c74262/p8781752/milano-formals.html,Milano,Milano Formals E1668,$322
bridalprompageant.com,https://www.bridalprompageant.com/c74262/p10716934/e1689.html,E1689,E1689 Milano Formals,$198
bridalprompageant.com,https://www.bridalprompageant.com/c74262/p10716935/e1684.html,E1684,E1684 Milano Formals,$240
bridalprompageant.com,https://www.bridalprompageant.com/c74262/p10716936/e1683.html,E1683,E1683 Milano Formals,$268
bridalprompageant.com,https://www.bridalprompageant.com/c74262/p10716937/e1677.html,E1677,E1677 Milano Formals,$218
bridalprompageant.com,https://www.bridalprompageant.com/c74262/p14594953/milano-formals-e2078.html,E2078,E2078 Milano Formals Short and Cocktail,$248
bridalprompageant.com,https://www.bridalprompageant.com/c74262/p14595636/milano-formals-e2251.html,E2251,E2251 Milano Formals Short and Cocktail,$248
bridalprompageant.com,https://www.bridalprompageant.com/c74262/p14595638/milano-formals-e2252.html,E2252,E2252 Milano Formals Short and Cocktail,$248
bridalprompageant.com,https://www.bridalprompageant.com/c74262/p14595640/milano-formals-e2253.html,E2253,E2253 Milano Formals Short and Cocktail,$248
bridalprompageant.com,https://www.bridalprompageant.com/c74262/p14595642/milano-formals-e2254.html,E2254,E2254 Milano Formals Short and Cocktail,$248
bridalprompageant.com,https://www.bridalprompageant.com/c74262/p14595644/milano-formals-e2256.html,E2256,E2256 Milano Formals Short and Cocktail,$248
bridalprompageant.com,https://www.bridalprompageant.com/c74262/p14595646/milano-formals-e2276.html,E2276,E2276 Milano Formals Short and Cocktail,$248
bridalprompageant.com,https://www.bridalprompageant.com/c74262/p14595648/milano-formals-e2257.html,E2257,E2257 Milano Formals Short and Cocktail,$248
bridalprompageant.com,https://www.bridalprompageant.com/c74262/p14595650/milano-formals-e2258.html,E2258,E2258 Milano Formals Short and Cocktail,$248
bridalprompageant.com,https://www.bridalprompageant.com/c74262/p14595652/milano-formals-e2340.html,E2340,E2340 Milano Formals Short and Cocktail,$248
bridalprompageant.com,https://www.bridalprompageant.com/c74262/p14595654/milano-formals-e2267.html,E2267,E2267 Milano Formals Short and Cocktail,$248
bridalprompageant.com,https://www.bridalprompageant.com/c74262/p14595656/milano-formals-e2269.html,E2269,E2269 Milano Formals Short and Cocktail,$248
bridalprompageant.com,https://www.bridalprompageant.com/c74262/p14594972/milano-formals-e2050.html,E2050,E2050 Milano Formals Short and Cocktail,$198
bridalprompageant.com,https://www.bridalprompageant.com/c74262/p14594971/milano-formals-e2049.html,E2049,E2049 Milano Formals Short and Cocktail,$248
bridalprompageant.com,https://www.bridalprompageant.com/c74262/p14595658/milano-formals-e2213.html,E2213,E2213 Milano Formals Short and Cocktail,$248
bridalprompageant.com,https://www.bridalprompageant.com/c74262/p14595660/milano-formals-e2255.html,E2255,E2255 Milano Formals Short and Cocktail,$248
bridalprompageant.com,https://www.bridalprompageant.com/c74262/p14594951/milano-formals-e2077.html,E2077,E2077 Milano Formals Short and Cocktail,$248
bridalprompageant.com,https://www.bridalprompageant.com/c74262/p14595662/milano-formals-e2262.html,E2262,E2262 Milano Formals Short and Cocktail,$198
bridalprompageant.com,https://www.bridalprompageant.com/c74262/p14595664/milano-formals-e2259.html,E2259,E2259 Milano Formals Short and Cocktail,$248
bridalprompageant.com,https://www.bridalprompageant.com/c74262/p14595666/milano-formals-e2225.html,E2225,E2225 Milano Formals Short and Cocktail,$148
bridalprompageant.com,https://www.bridalprompageant.com/c74262/p14595668/milano-formals-e2272.html,E2272,E2272 Milano Formals Short and Cocktail,$198
bridalprompageant.com,https://www.bridalprompageant.com/c74262/p14595670/milano-formals-e2274.html,E2274,E2274 Milano Formals Short and Cocktail,$198
bridalprompageant.com,https://www.bridalprompageant.com/c74262/p14595672/milano-formals-e2281.html,E2281,E2281 Milano Formals Short and Cocktail,$148
bridalprompageant.com,https://www.bridalprompageant.com/c74262/p14595674/milano-formals-e2280.html,E2280,E2280 Milano Formals Short and Cocktail,$198
bridalprompageant.com,https://www.bridalprompageant.com/c74262/p14595676/milano-formals-e2292.html,E2292,E2292 Milano Formals Short and Cocktail,$198
bridalprompageant.com,https://www.bridalprompageant.com/c74262/p14595678/milano-formals-e2282.html,E2282,E2282 Milano Formals Short and Cocktail,$148
bridalprompageant.com,https://www.bridalprompageant.com/c74262/p14594960/milano-formals-e2028.html,E2028,E2028 Milano Formals Short and Cocktail,$148
bridalprompageant.com,https://www.bridalprompageant.com/c74262/p14594958/milano-formals-e1986.html,E1986,E1986 Milano Formals Short and Cocktail,$198
bridalprompageant.com,https://www.bridalprompageant.com/c74262/p14594970/milano-formals-e2041.html,E2041,E2041 Milano Formals Short and Cocktail,$198
bridalprompageant.com,https://www.bridalprompageant.com/c74262/p14595680/milano-formals-e2291.html,E2291,E2291 Milano Formals Short and Cocktail,$198
bridalprompageant.com,https://www.bridalprompageant.com/c74262/p14595682/milano-formals-e2204.html,E2204,E2204 Milano Formals Short and Cocktail,$198
bridalprompageant.com,https://www.bridalprompageant.com/c74262/p14595684/milano-formals-e2210.html,E2210,E2210 Milano Formals Short and Cocktail,$248
bridalprompageant.com,https://www.bridalprompageant.com/c74262/p14595686/milano-formals-e2220.html,E2220,E2220 Milano Formals Short and Cocktail,$148
bridalprompageant.com,https://www.bridalprompageant.com/c74262/p14595688/milano-formals-e2223.html,E2223,E2223 Milano Formals Short and Cocktail,$148
bridalprompageant.com,https://www.bridalprompageant.com/c74262/p14595690/milano-formals-e2227.html,E2227,E2227 Milano Formals Short and Cocktail,$248
bridalprompageant.com,https://www.bridalprompageant.com/c74262/p14594975/milano-formals-e2088.html,E2088,E2088 Milano Formals Short and Cocktail,$118
bridalprompageant.com,https://www.bridalprompageant.com/c74262/p14595692/milano-formals-e2230.html,E2230,E2230 Milano Formals Short and Cocktail,$148
bridalprompageant.com,https://www.bridalprompageant.com/c74262/p14595694/milano-formals-e2231.html,E2231,E2231 Milano Formals Short and Cocktail,$148
bridalprompageant.com,https://www.bridalprompageant.com/c74262/p14594973/milano-formals-e2081.html,E2081,E2081 Milano Formals Short and Cocktail,$118
bridalprompageant.com,https://www.bridalprompageant.com/c74262/p14595696/milano-formals-e2244.html,E2244,E2244 Milano Formals Short and Cocktail,$198
bridalprompageant.com,https://www.bridalprompageant.com/c74262/p14595698/milano-formals-e2245.html,E2245,E2245 Milano Formals Short and Cocktail,$198
bridalprompageant.com,https://www.bridalprompageant.com/c74262/p14595700/milano-formals-e2243.html,E2243,E2243 Milano Formals Short and Cocktail,$148
bridalprompageant.com,https://www.bridalprompageant.com/c74262/p8700645/e1395.html,E1395,E1395 Milano Formals,$269
glitteratistyle.com,https://www.bellasposabridalandprom.com/p12024505/milano-formals-e1502.html,E1502,E1502 Milano Bridesmaid Dresses,$227
glitteratistyle.com,https://www.bellasposabridalandprom.com/p14544385/milano-formals-e2481.html,E2481,E2481 Milano Formals,$375
glitteratistyle.com,https://www.bellasposabridalandprom.com/p12827138/milano-formals-e1988.html,E1988,E1988 Milano Formals,$732
glitteratistyle.com,https://www.bellasposabridalandprom.com/p14544642/milano-formals-e2276.html,E2276,E2276 Milano Formals Cocktail Dresses,$707
glitteratistyle.com,https://www.bellasposabridalandprom.com/p12024579/milano-formals-e1922.html,E1922,E1922 Milano Formals,$760
glitteratistyle.com,https://www.bellasposabridalandprom.com/p14544389/milano-formals-e2303.html,E2303,E2303 Milano Formals,$732
glitteratistyle.com,https://www.bellasposabridalandprom.com/p14544646/milano-formals-e2257.html,E2257,E2257 Milano Formals Cocktail Dresses,$707
glitteratistyle.com,https://www.bellasposabridalandprom.com/p12037384/milano-formals-e2077.html,E2077,E2077 Milano Formals Cocktail Dresses,$707
glitteratistyle.com,https://www.bellasposabridalandprom.com/p14544393/milano-formals-e2350.html,E2350,E2350 Milano Formals,$732
glitteratistyle.com,https://www.bellasposabridalandprom.com/p12827402/milano-formals-e2173.html,E2173,E2173 Milano Formals,$732
glitteratistyle.com,https://www.bellasposabridalandprom.com/p14544650/milano-formals-e2258.html,E2258,E2258 Milano Formals Cocktail Dresses,$707
glitteratistyle.com,https://www.bellasposabridalandprom.com/p12037387/milano-formals-e2078.html,E2078,E2078 Milano Formals Cocktail Dresses,$707
glitteratistyle.com,https://www.bellasposabridalandprom.com/p14544397/milano-formals-e2376.html,E2376,E2376 Milano Formals,$732
glitteratistyle.com,https://www.bellasposabridalandprom.com/p14544654/milano-formals-e2340.html,E2340,E2340 Milano Formals Cocktail Dresses,$707
glitteratistyle.com,https://www.bellasposabridalandprom.com/p14544401/milano-formals-e2403.html,E2403,E2403 Milano Formals,$732
glitteratistyle.com,https://www.bellasposabridalandprom.com/p14544658/milano-formals-e2267.html,E2267,E2267 Milano Formals Cocktail Dresses,$707
glitteratistyle.com,https://www.bellasposabridalandprom.com/p12037396/milano-formals-e1986.html,E1986,E1986 Milano Formals Cocktail Dresses,$570
glitteratistyle.com,https://www.bellasposabridalandprom.com/p14544405/milano-formals-e2394.html,E2394,E2394 Milano Formals,$732
glitteratistyle.com,https://www.bellasposabridalandprom.com/p14544662/milano-formals-e2269.html,E2269,E2269 Milano Formals Cocktail Dresses,$707
glitteratistyle.com,https://www.bellasposabridalandprom.com/p14544409/milano-formals-e2427.html,E2427,E2427 Milano Formals,$732
glitteratistyle.com,https://www.bellasposabridalandprom.com/p12037402/milano-formals-e2028.html,E2028,E2028 Milano Formals Cocktail Dresses,$432
glitteratistyle.com,https://www.bellasposabridalandprom.com/p12827420/milano-formals-e2158.html,E2158,E2158 Milano Formals,$870
glitteratistyle.com,https://www.bellasposabridalandprom.com/p14544668/milano-formals-e2213.html,E2213,E2213 Milano Formals Cocktail Dresses,$707
glitteratistyle.com,https://www.bellasposabridalandprom.com/p14544413/milano-formals-e2428.html,E2428,E2428 Milano Formals,$732
glitteratistyle.com,https://www.bellasposabridalandprom.com/p14544417/milano-formals-e2434.html,E2434,E2434 Milano Formals,$595
glitteratistyle.com,https://www.bellasposabridalandprom.com/p14544421/milano-formals-e2436.html,E2436,E2436 Milano Formals,$595
glitteratistyle.com,https://www.bellasposabridalandprom.com/p12827432/milano-formals-e2160.html,E2160,E2160 Milano Formals,$595
glitteratistyle.com,https://www.bellasposabridalandprom.com/p14544425/milano-formals-e2279.html,E2279,E2279 Milano Formals,$595
glitteratistyle.com,https://www.bellasposabridalandprom.com/p12827180/milano-formals-e2031.html,E2031,E2031 Milano Formals,$732
glitteratistyle.com,https://www.bellasposabridalandprom.com/p14544429/milano-formals-e2233.html,E2233,E2233 Milano Formals,$870
glitteratistyle.com,https://www.bellasposabridalandprom.com/p12827438/milano-formals-e2161.html,E2161,E2161 Milano Formals,$595
glitteratistyle.com,https://www.bellasposabridalandprom.com/p14544433/milano-formals-e2327.html,E2327,E2327 Milano Formals,$595
glitteratistyle.com,https://www.bellasposabridalandprom.com/p14544689/milano-formals-e2272.html,E2272,E2272 Milano Formals Cocktail Dresses,$570
glitteratistyle.com,https://www.bellasposabridalandprom.com/p14544437/milano-formals-e2328.html,E2328,E2328 Milano Formals,$595
glitteratistyle.com,https://www.bellasposabridalandprom.com/p14544693/milano-formals-e2274.html,E2274,E2274 Milano Formals Cocktail Dresses,$570
glitteratistyle.com,https://www.bellasposabridalandprom.com/p12037432/milano-formals-e2041.html,E2041,E2041 Milano Formals Cocktail Dresses,$570
glitteratistyle.com,https://www.bellasposabridalandprom.com/p12827192/milano-formals-e2046.html,E2046,E2046 Milano Formals,$732
glitteratistyle.com,https://www.bellasposabridalandprom.com/p14544441/milano-formals-e2330.html,E2330,E2330 Milano Formals,$595
glitteratistyle.com,https://www.bellasposabridalandprom.com/p12037435/milano-formals-e2049.html,E2049,E2049 Milano Formals Cocktail Dresses,$707
glitteratistyle.com,https://www.bellasposabridalandprom.com/p14544445/milano-formals-e2336.html,E2336,E2336 Milano Formals,$595
glitteratistyle.com,https://www.bellasposabridalandprom.com/p12037438/milano-formals-e2050.html,E2050,E2050 Milano Formals Cocktail Dresses,$570
glitteratistyle.com,https://www.bellasposabridalandprom.com/p12827198/milano-formals-e2060.html,E2060,E2060 Milano Formals,$732
glitteratistyle.com,https://www.bellasposabridalandprom.com/p12827456/milano-formals-e2064.html,E2064,E2064 Milano Formals,$595
glitteratistyle.com,https://www.bellasposabridalandprom.com/p12037441/milano-formals-e2081.html,E2081,E2081 Milano Formals Cocktail Dresses,$350
glitteratistyle.com,https://www.bellasposabridalandprom.com/p14544449/milano-formals-e2483.html,E2483,E2483 Milano Formals,$375
glitteratistyle.com,https://www.bellasposabridalandprom.com/p14544453/milano-formals-e2345.html,E2345,E2345 Milano Formals,$732
glitteratistyle.com,https://www.bellasposabridalandprom.com/p14544709/milano-formals-e2282.html,E2282,E2282 Milano Formals Cocktail Dresses,$432
glitteratistyle.com,https://www.bellasposabridalandprom.com/p14544457/milano-formals-e2360.html,E2360,E2360 Milano Formals,$595
glitteratistyle.com,https://www.bellasposabridalandprom.com/p14544461/milano-formals-e2344.html,E2344,E2344 Milano Formals,$732
glitteratistyle.com,https://www.bellasposabridalandprom.com/p14544465/milano-formals-e2405.html,E2405,E2405 Milano Formals,$732
glitteratistyle.com,https://www.bellasposabridalandprom.com/p14544469/milano-formals-e2410.html,E2410,E2410 Milano Formals,$732
glitteratistyle.com,https://www.bellasposabridalandprom.com/p14544728/milano-formals-e2220.html,E2220,E2220 Milano Formals Cocktail Dresses,$432
glitteratistyle.com,https://www.bellasposabridalandprom.com/p14544473/milano-formals-e2346.html,E2346,E2346 Milano Formals,$595
glitteratistyle.com,https://www.bellasposabridalandprom.com/p14544477/milano-formals-e2366.html,E2366,E2366 Milano Formals,$595
glitteratistyle.com,https://www.bellasposabridalandprom.com/p14544481/milano-formals-e2389.html,E2389,E2389 Milano Formals,$595
glitteratistyle.com,https://www.bellasposabridalandprom.com/p14544485/milano-formals-e2229.html,E2229,E2229 Milano Formals,$732
glitteratistyle.com,https://www.bellasposabridalandprom.com/p14544741/milano-formals-e2230.html,E2230,E2230 Milano Formals Cocktail Dresses,$432
glitteratistyle.com,https://www.bellasposabridalandprom.com/p14544745/milano-formals-e2231.html,E2231,E2231 Milano Formals Cocktail Dresses,$432
glitteratistyle.com,https://www.bellasposabridalandprom.com/p12827499/milano-formals-e2088.html,E2088,E2088 Milano Formals Cocktail Dresses,$350
glitteratistyle.com,https://www.bellasposabridalandprom.com/p14544518/milano-formals-e2285.html,E2285,E2285 Milano Formals - Ball Gowns,$497
glitteratistyle.com,https://www.bellasposabridalandprom.com/p12037515/milano-formals-e2022.html,E2022,E2022 Milano Formals,$732
glitteratistyle.com,https://www.bellasposabridalandprom.com/p14544523/milano-formals-e2449.html,E2449,E2449 Milano Formals - Ball Gowns,$497
glitteratistyle.com,https://www.bellasposabridalandprom.com/p12037519/milano-formals-e2025.html,E2025,E2025 Milano Formals,$732
glitteratistyle.com,https://www.bellasposabridalandprom.com/p14544528/milano-formals-e2361.html,E2361,E2361 Milano Formals - Ball Gowns,$347
glitteratistyle.com,https://www.bellasposabridalandprom.com/p12827282/milano-formals-e2107.html,E2107,E2107 Milano Formals,$732
glitteratistyle.com,https://www.bellasposabridalandprom.com/p12037523/milano-formals-e2032.html,E2032,E2032 Milano Formals,$732
glitteratistyle.com,https://www.bellasposabridalandprom.com/p14544533/milano-formals-e2379.html,E2379,E2379 Milano Formals - Ball Gowns,$497
glitteratistyle.com,https://www.bellasposabridalandprom.com/p12037527/milano-formals-e2042.html,E2042,E2042 Milano Formals,$540
glitteratistyle.com,https://www.bellasposabridalandprom.com/p12827288/milano-formals-e2112.html,E2112,E2112 Milano Formals,$595
glitteratistyle.com,https://www.bellasposabridalandprom.com/p14544538/milano-formals-e2357.html,E2357,E2357 Milano Formals - Ball Gowns,$347
glitteratistyle.com,https://www.bellasposabridalandprom.com/p12024475/milano-formals-e1028.html,E1028,E1028 Milano Formals - Ball Gowns,$437
glitteratistyle.com,https://www.bellasposabridalandprom.com/p12037531/milano-formals-e2043.html,E2043,E2043 Milano Formals,$732
glitteratistyle.com,https://www.bellasposabridalandprom.com/p12024476/milano-formals-e1259.html,E1259,E1259 Milano Formals - Ball Gowns,$497
glitteratistyle.com,https://www.bellasposabridalandprom.com/p12024477/milano-formals-e1619.html,E1619,E1619 Milano Formals - Ball Gowns,$437
glitteratistyle.com,https://www.bellasposabridalandprom.com/p12024478/milano-formals-e1715.html,E1715,E1715 Milano Formals - Ball Gowns,$437
glitteratistyle.com,https://www.bellasposabridalandprom.com/p12024479/milano-formals-e1774.html,E1774,E1774 Milano Formals - Ball Gowns,$437
glitteratistyle.com,https://www.bellasposabridalandprom.com/p14544543/milano-formals-e2326.html,E2326,E2326 Milano Formals - Ball Gowns,$497
glitteratistyle.com,https://www.bellasposabridalandprom.com/p12024480/milano-formals-e1811.html,E1811,E1811 Milano Formals - Ball Gowns,$437
glitteratistyle.com,https://www.bellasposabridalandprom.com/p14544289/milano-formals-e2356.html,E2356,E2356 Milano Formals,$595
glitteratistyle.com,https://www.bellasposabridalandprom.com/p12024483/milano-formals-e1917.html,E1917,E1917 Milano Formals - Ball Gowns,$497
glitteratistyle.com,https://www.bellasposabridalandprom.com/p12037539/milano-formals-e2047.html,E2047,E2047 Milano Formals,$732
glitteratistyle.com,https://www.bellasposabridalandprom.com/p12827300/milano-formals-e2114.html,E2114,E2114 Milano Formals,$732
glitteratistyle.com,https://www.bellasposabridalandprom.com/p14544548/milano-formals-e2287.html,E2287,E2287 Milano Formals - Ball Gowns,$497
glitteratistyle.com,https://www.bellasposabridalandprom.com/p14544293/milano-formals-e2378.html,E2378,E2378 Milano Formals,$870
glitteratistyle.com,https://www.bellasposabridalandprom.com/p12024487/milano-formals-e1949.html,E1949,E1949 Milano Formals - Ball Gowns,$497
glitteratistyle.com,https://www.bellasposabridalandprom.com/p12024489/milano-formals-e1967.html,E1967,E1967 Milano Formals - Ball Gowns,$497
glitteratistyle.com,https://www.bellasposabridalandprom.com/p14544297/milano-formals-e2431.html,E2431,E2431 Milano Formals,$732
glitteratistyle.com,https://www.bellasposabridalandprom.com/p14544553/milano-formals-e2289.html,E2289,E2289 Milano Formals - Ball Gowns,$497
glitteratistyle.com,https://www.bellasposabridalandprom.com/p12024490/milano-formals-e1974.html,E1974,E1974 Milano Formals - Ball Gowns,$437
glitteratistyle.com,https://www.bellasposabridalandprom.com/p12024491/milano-formals-b8865.html,B8865,B8865 Milano Bridesmaid Dresses,$227
glitteratistyle.com,https://www.bellasposabridalandprom.com/p12037547/milano-formals-e2053.html,E2053,E2053 Milano Formals,$375
glitteratistyle.com,https://www.bellasposabridalandprom.com/p12024492/milano-formals-b8998.html,B8998,B8998 Milano Bridesmaid Dresses,$227
glitteratistyle.com,https://www.bellasposabridalandprom.com/p12024493/milano-formals-e1013.html,E1013,E1013 Milano Bridesmaid Dresses,$227
glitteratistyle.com,https://www.bellasposabridalandprom.com/p14544301/milano-formals-e2432.html,E2432,E2432 Milano Formals,$732
glitteratistyle.com,https://www.bellasposabridalandprom.com/p12024494/milano-formals-e1168.html,E1168,E1168 Milano Bridesmaid Dresses,$227
glitteratistyle.com,https://www.glitteratistyle.com/p14544559/milano-formals-e2318.html,E2318,E2318 Milano Ball Gown,$298
glitteratistyle.com,https://www.glitteratistyle.com/p14544564/milano-formals-e2296.html,E2296,E2296 Milano Ball Gown,$248
glitteratistyle.com,https://www.glitteratistyle.com/p14544569/milano-formals-e2319.html,E2319,E2319 Milano Ball Gown,$298
glitteratistyle.com,https://www.glitteratistyle.com/p14544574/milano-formals-e2320.html,E2320,E2320 Milano Ball Gown,$298
glitteratistyle.com,https://www.glitteratistyle.com/p14544579/milano-formals-e2322.html,E2322,E2322 Milano Ball Gown,$298
glitteratistyle.com,https://www.glitteratistyle.com/p14544584/milano-formals-e2331.html,E2331,E2331 Milano Ball Gown,$298
glitteratistyle.com,https://www.glitteratistyle.com/p14544589/milano-formals-e2329.html,E2329,E2329 Milano Ball Gown,$298
glitteratistyle.com,https://www.glitteratistyle.com/p14544599/milano-formals-e2395.html,E2395,E2395 Milano Ball Gown,$298
glitteratistyle.com,https://www.glitteratistyle.com/p14544604/milano-formals-e2388.html,E2388,E2388 Milano Ball Gown,$298
glitteratistyle.com,https://www.glitteratistyle.com/p14544609/milano-formals-e2169.html,E2169,E2169 Milano Ball Gown,$258
glitteratistyle.com,https://www.glitteratistyle.com/p14544615/milano-formals-e2171.html,E2171,E2171 Milano Ball Gown,$298
glitteratistyle.com,https://www.glitteratistyle.com/p14544623/milano-formals-e2251.html,E2251,E2251 Milano Formals Short and Cocktail,$248
glitteratistyle.com,https://www.glitteratistyle.com/p14544627/milano-formals-e2252.html,E2252,E2252 Milano Formals Short and Cocktail,$248
glitteratistyle.com,https://www.glitteratistyle.com/p14544631/milano-formals-e2253.html,E2253,E2253 Milano Formals Short and Cocktail,$248
glitteratistyle.com,https://www.glitteratistyle.com/p14544635/milano-formals-e2254.html,E2254,E2254 Milano Formals Short and Cocktail,$248
glitteratistyle.com,https://www.glitteratistyle.com/p14544639/milano-formals-e2256.html,E2256,E2256 Milano Formals Short and Cocktail,$248
E1344,178,115.7,35,Milano Formals E1344 Dress
E1618,258,167.7,35,Milano Formals E1618 Dress
E1823,220,143,35,Milano Formals E1823 Dress
E1977,388,252.2,35,Milano Formals E1977 Dress
E1978,388,252.2,35,Milano Formals E1978 Dress
E1980,148,96.2,35,Milano Formals E1980 Dress
E1986,248,161.2,35,Milano Formals E1986 Dress
E1989,298,193.7,35,Milano Formals E1989 Dress
E2010,348,226.2,35,Milano Formals E2010 Dress
E2016,298,193.7,35,Milano Formals E2016 Dress
E2017,298,193.7,35,Milano Formals E2017 Dress
E2018,248,161.2,35,Milano Formals E2018 Dress
E2019,388,252.2,35,Milano Formals E2019 Dress
E2025,248,161.2,35,Milano Formals E2025 Dress
E2028,148,96.2,35,Milano Formals E2028 Dress
E2037,248,161.2,35,Milano Formals E2037 Dress
E2040,148,96.2,35,Milano Formals E2040 Dress
E2043,248,161.2,35,Milano Formals E2043 Dress
E2045,298,193.7,35,Milano Formals E2045 Dress
E2047,398,258.7,35,Milano Formals E2047 Dress
E2048,248,161.2,35,Milano Formals E2048 Dress
E2049,298,193.7,35,Milano Formals E2049 Dress
E2050,248,161.2,35,Milano Formals E2050 Dress
E2059,198,128.7,35,Milano Formals E2059 Dress
E2061,198,128.7,35,Milano Formals E2061 Dress
E2063,148,96.2,35,Milano Formals E2063 Dress
E2065,198,128.7,35,Milano Formals E2065 Dress
E2069,328,213.2,35,Milano Formals E2069 Dress
E2070,348,226.2,35,Milano Formals E2070 Dress
E2074,348,226.2,35,Milano Formals E2074 Dress
E2078,248,161.2,35,Milano Formals E2078 Dress
E2081,128,83.2,35,Milano Formals E2081 Dress
E2082,178,115.7,35,Milano Formals E2082 Dress
E2083,178,115.7,35,Milano Formals E2083 Dress
E2084,148,96.2,35,Milano Formals E2084 Dress
E2087,178,115.7,35,Milano Formals E2087 Dress
E2088,298,193.7,35,Milano Formals E2088 Dress
E1991,448,291.2,35,Milano Formals E1991 Dress
E2008,298,193.7,35,Milano Formals E2008 Dress
E2031,298,193.7,35,Milano Formals E2031 Dress
E2046,420,273,35,Milano Formals E2046 Dress
E2057,298,193.7,35,Milano Formals E2057 Dress
E2089,248,161.2,35,Milano Formals E2089 Dress
E2092,298,193.7,35,Milano Formals E2092 Dress
E2094,298,193.7,35,Milano Formals E2094 Dress
E2096,248,161.2,35,Milano Formals E2096 Dress
E2100,248,161.2,35,Milano Formals E2100 Dress
E2103,298,193.7,35,Milano Formals E2103 Dress
E2104,298,193.7,35,Milano Formals E2104 Dress
E2110,298,193.7,35,Milano Formals E2110 Dress
E2116,298,193.7,35,Milano Formals E2116 Dress
E2118,298,193.7,35,Milano Formals E2118 Dress
E2119,298,193.7,35,Milano Formals E2119 Dress
E2134,248,161.2,35,Milano Formals E2134 Dress
E2150,338,219.7,35,Milano Formals E2150 Dress
E2158,413,268.45,35,Milano Formals E2158 Dress
E2163,338,219.7,35,Milano Formals E2163 Dress
E2174,298,193.7,35,Milano Formals E2174 Dress
E2178,298,193.7,35,Milano Formals E2178 Dress
Formals,198,128.7,35,Milano Formals E2204
E2210,248,161.2,35,Milano Formals E2210 Dress
E2213,248,161.2,35,Milano Formals E2213 Dress
E2220,148,96.2,35,Milano Formals E2220 Dress
E2223,148,96.2,35,Milano Formals E2223 Dress
E2225,148,96.2,35,Milano Formals E2225 Dress
E2227,148,96.2,35,Milano Formals E2227 Dress
E2230,148,96.2,35,Milano Formals E2230 Dress
E2231,148,96.2,35,Milano Formals E2231 Dress
E2244,198,128.7,35,Milano Formals E2244 Dress
E2245,248,161.2,35,Milano Formals E2245 Dress
E2252,248,161.2,35,Milano Formals E2252 Dress
E2253,198,128.7,35,Milano Formals E2253 Dress
E2254,248,161.2,35,Milano Formals E2254 Dress
E2255,248,161.2,35,Milano Formals E2255 Dress
E2256,248,161.2,35,Milano Formals E2256 Dress
E2257,248,161.2,35,Milano Formals E2257 Dress
E2258,248,161.2,35,Milano Formals E2258 Dress
E2259,248,161.2,35,Milano Formals E2259 Dress
E2267,248,161.2,35,Milano Formals E2267 Dress
E2269,248,161.2,35,Milano Formals E2269 Dress
E2272,248,161.2,35,Milano Formals E2272 Dress
E2274,198,128.7,35,Milano Formals E2274 Dress
E2276,248,161.2,35,Milano Formals E2276 Dress
E2281,248,161.2,35,Milano Formals E2281 Dress
E2282,148,96.2,35,Milano Formals E2282 Dress
E2291,198,128.7,35,Milano Formals E2291 Dress
E2292,198,128.7,35,Milano Formals E2292 Dress
CL,298,193.7,35,Milano Formals E1883 CL Dress
CL,248,161.2,35,Milano Formals E2025 CL Dress
E2229,248,161.2,35,Milano Formals E2229 Dress
E2233,298,193.7,35,Milano Formals E2233 Dress
E2241,198,128.7,35,Milano Formals E2241 Dress
E2247,248,161.2,35,Milano Formals E2247 Dress
E2285,298,193.7,35,Milano Formals E2285 Dress
E2287,298,193.7,35,Milano Formals E2287 Dress
E2289,298,193.7,35,Milano Formals E2289 Dress
E2296,248,161.2,35,Milano Formals E2296 Dress
E2303,248,161.2,35,Milano Formals E2303 Dress
E2317,248,161.2,35,Milano Formals E2317 Dress
E2318,298,193.7,35,Milano Formals E2318 Dress
E2320,298,193.7,35,Milano Formals E2320 Dress
E2322,298,193.7,35,Milano Formals E2322 Dress
E2324,298,193.7,35,Milano Formals E2324 Dress
E2326,298,193.7,35,Milano Formals E2326 Dress
E2327,198,128.7,35,Milano Formals E2327 Dress
E2328,198,128.7,35,Milano Formals E2328 Jumpsuit
E2329,298,193.7,35,Milano Formals E2329 Dress
E2330,198,128.7,35,Milano Formals E2330 Dress
E2331,298,193.7,35,Milano Formals E2331 Dress
E2333,248,161.2,35,Milano Formals E2333 Dress
E2334,198,128.7,35,Milano Formals E2334 Dress
E2335,248,161.2,35,Milano Formals E2335 Dress
E2336,198,128.7,35,Milano Formals E2336 Dress
E2350,248,161.2,35,Milano Formals E2350 Dress
E2356,198,128.7,35,Milano Formals E2356 Dress
E2357,198,128.7,35,Milano Formals E2357 Dress
E2360,198,128.7,35,Milano Formals E2360 Dress
E2361,198,128.7,35,Milano Formals E2361 Dress
E2366,198,128.7,35,Milano Formals E2366 Dress
E2376,248,161.2,35,Milano Formals E2376 Dress
E2378,298,193.7,35,Milano Formals E2378 Dress
E2379,298,193.7,35,Milano Formals E2379 Dress
E2385,198,128.7,35,Milano Formals E2385 Dress
E2388,298,193.7,35,Milano Formals E2388 Dress
E2395,298,193.7,35,Milano Formals E2395 Dress
E2398,248,161.2,35,Milano Formals E2398 Dress
E2403,248,161.2,35,Milano Formals E2403 Dress
E2410,248,161.2,35,Milano Formals E2410 Dress
E2427,248,161.2,35,Milano Formals E2427 Dress
E2428,248,161.2,35,Milano Formals E2428 Dress
E2431,248,161.2,35,Milano Formals E2431 Dress
E2432,248,161.2,35,Milano Formals E2432 Dress
E2433,198,128.7,35,Milano Formals E2433 Dress
E2434,198,128.7,35,Milano Formals E2434 Dress
E2442,198,128.7,35,Milano Formals E2442 Dress
E2460,263,170.95,35,Milano Formals E2460 Dress
CL,318,206.7,35,Milano Formals E1887 CL Dress
CL,198,128.7,35,Milano Formals E2327 CL Dress
CL,213,138.45,35,Milano Formals E2241 CL Dress
CL,338,219.7,35,Milano Formals E2150 CL Dress
CL,263,170.95,35,Milano Formals E2303 CL Dress
CL,198,128.7,35,Milano Formals E2204 CL Dress
CL,218,141.7,35,Milano Formals E1778 CL Dress
E2327,198,128.7,35,Milano Formals E2327 Dress
E1637,258,167.7,35,Milano Formals E1637 Dress
E2086,193,125.45,35,Milano Formals E2086 Dress
